ISO-10303-21;
HEADER;
FILE_DESCRIPTION (( 'STEP AP214' ),
    '1' );
FILE_NAME ('SI52202-A01AGMR.STEP',
    '2020-12-18T09:01:01',
    ( '' ),
    ( '' ),
    'SwSTEP 2.0',
    'SolidWorks 2018',
    '' );
FILE_SCHEMA (( 'AUTOMOTIVE_DESIGN' ));
ENDSEC;

DATA;
#1 = VECTOR ( 'NONE', #5474, 1000.000000000000000 ) ;
#2 = VECTOR ( 'NONE', #1266, 1000.000000000000000 ) ;
#3 = PLANE ( 'NONE',  #4807 ) ;
#4 = FACE_OUTER_BOUND ( 'NONE', #2413, .T. ) ;
#5 =( NAMED_UNIT ( * ) PLANE_ANGLE_UNIT ( ) SI_UNIT ( $, .RADIAN. ) );
#6 = VECTOR ( 'NONE', #3181, 1000.000000000000000 ) ;
#7 = ORIENTED_EDGE ( 'NONE', *, *, #5972, .T. ) ;
#8 = EDGE_CURVE ( 'NONE', #3146, #1054, #6348, .T. ) ;
#9 = AXIS2_PLACEMENT_3D ( 'NONE', #1630, #5110, #1158 ) ;
#10 = DIRECTION ( 'NONE',  ( 0.000000000000000000, -0.000000000000000000, 1.000000000000000000 ) ) ;
#11 = LINE ( 'NONE', #1355, #3515 ) ;
#12 = FACE_OUTER_BOUND ( 'NONE', #699, .T. ) ;
#13 = ORIENTED_EDGE ( 'NONE', *, *, #5200, .T. ) ;
#14 = FACE_OUTER_BOUND ( 'NONE', #1607, .T. ) ;
#15 = CARTESIAN_POINT ( 'NONE',  ( -1.199999999999999289, 0.5605551275463986904, -0.09999999999999971412 ) ) ;
#16 = DIRECTION ( 'NONE',  ( 0.000000000000000000, -1.000000000000000000, 0.000000000000000000 ) ) ;
#17 = EDGE_LOOP ( 'NONE', ( #5075, #2370, #387, #2047 ) ) ;
#18 = DIRECTION ( 'NONE',  ( -0.000000000000000000, 0.000000000000000000, -1.000000000000000000 ) ) ;
#19 = AXIS2_PLACEMENT_3D ( 'NONE', #5124, #2128, #5693 ) ;
#20 = LINE ( 'NONE', #1093, #3215 ) ;
#21 = ORIENTED_EDGE ( 'NONE', *, *, #2950, .F. ) ;
#22 = CARTESIAN_POINT ( 'NONE',  ( -0.3000000000000000999, 0.2000000000000000111, -1.199999999999999956 ) ) ;
#23 = EDGE_CURVE ( 'NONE', #4426, #6332, #2857, .T. ) ;
#24 = SURFACE_SIDE_STYLE ('',( #2539 ) ) ;
#25 = CARTESIAN_POINT ( 'NONE',  ( 1.199999999999999289, 0.05000000000000002359, 0.5000000000000000000 ) ) ;
#26 = ADVANCED_FACE ( 'NONE', ( #3715 ), #3810, .F. ) ;
#27 = FACE_OUTER_BOUND ( 'NONE', #4056, .T. ) ;
#28 = EDGE_CURVE ( 'NONE', #1841, #1968, #285, .T. ) ;
#29 = ORIENTED_EDGE ( 'NONE', *, *, #2355, .T. ) ;
#30 = CARTESIAN_POINT ( 'NONE',  ( 1.199999999999999289, 0.5605551275463986904, 0.5000000000000000000 ) ) ;
#31 = FACE_OUTER_BOUND ( 'NONE', #316, .T. ) ;
#32 = ORIENTED_EDGE ( 'NONE', *, *, #4916, .F. ) ;
#33 = CARTESIAN_POINT ( 'NONE',  ( -1.499999999999999112, 0.000000000000000000, -0.3000000000000000999 ) ) ;
#34 = AXIS2_PLACEMENT_3D ( 'NONE', #293, #3311, #2842 ) ;
#35 = DIRECTION ( 'NONE',  ( 1.000000000000000000, 0.000000000000000000, -0.000000000000000000 ) ) ;
#36 = DIRECTION ( 'NONE',  ( -1.000000000000000000, 0.000000000000000000, 0.000000000000000000 ) ) ;
#37 = VERTEX_POINT ( 'NONE', #5303 ) ;
#38 = EDGE_CURVE ( 'NONE', #1584, #4426, #1381, .T. ) ;
#39 = VERTEX_POINT ( 'NONE', #2865 ) ;
#40 =( GEOMETRIC_REPRESENTATION_CONTEXT ( 3 ) GLOBAL_UNCERTAINTY_ASSIGNED_CONTEXT ( ( #1167 ) ) GLOBAL_UNIT_ASSIGNED_CONTEXT ( ( #5560, #4005, #1577 ) ) REPRESENTATION_CONTEXT ( 'NONE', 'WORKASPACE' ) );
#41 = DIRECTION ( 'NONE',  ( 0.000000000000000000, -1.000000000000000000, 0.000000000000000000 ) ) ;
#42 = VERTEX_POINT ( 'NONE', #319 ) ;
#43 = ORIENTED_EDGE ( 'NONE', *, *, #6048, .F. ) ;
#44 = ORIENTED_EDGE ( 'NONE', *, *, #2498, .T. ) ;
#45 = DIRECTION ( 'NONE',  ( 1.000000000000000000, -0.000000000000000000, 0.000000000000000000 ) ) ;
#46 = CLOSED_SHELL ( 'NONE', ( #4441, #5019, #5160, #2095, #4224, #4702 ) ) ;
#47 = EDGE_CURVE ( 'NONE', #392, #2520, #3630, .T. ) ;
#48 = ORIENTED_EDGE ( 'NONE', *, *, #4853, .F. ) ;
#49 = DIRECTION ( 'NONE',  ( 1.000000000000000000, -0.000000000000000000, 1.084202172485506406E-15 ) ) ;
#50 = EDGE_LOOP ( 'NONE', ( #5742, #5741, #2524, #4883 ) ) ;
#51 = ORIENTED_EDGE ( 'NONE', *, *, #451, .T. ) ;
#52 = CARTESIAN_POINT ( 'NONE',  ( -1.499999999999999112, 0.5605551275463986904, -0.8999999999999998002 ) ) ;
#53 = VERTEX_POINT ( 'NONE', #3334 ) ;
#54 = ADVANCED_FACE ( 'NONE', ( #4878 ), #2880, .F. ) ;
#55 = ORIENTED_EDGE ( 'NONE', *, *, #694, .F. ) ;
#56 = EDGE_CURVE ( 'NONE', #4398, #372, #2301, .T. ) ;
#57 = FACE_OUTER_BOUND ( 'NONE', #5827, .T. ) ;
#58 = DIRECTION ( 'NONE',  ( 1.000000000000000000, -0.000000000000000000, 0.000000000000000000 ) ) ;
#59 = ORIENTED_EDGE ( 'NONE', *, *, #4568, .T. ) ;
#60 = DIRECTION ( 'NONE',  ( 0.000000000000000000, -1.000000000000000000, 0.000000000000000000 ) ) ;
#61 = EDGE_LOOP ( 'NONE', ( #1611, #207, #5918, #4660 ) ) ;
#62 = LINE ( 'NONE', #5368, #2545 ) ;
#63 = DIRECTION ( 'NONE',  ( -0.000000000000000000, -1.000000000000000000, -0.000000000000000000 ) ) ;
#64 = CARTESIAN_POINT ( 'NONE',  ( 0.5000000000000004441, 0.1999999999999999833, 1.199999999999999956 ) ) ;
#65 = VECTOR ( 'NONE', #3974, 1000.000000000000000 ) ;
#66 = ORIENTED_EDGE ( 'NONE', *, *, #3670, .F. ) ;
#67 = MECHANICAL_DESIGN_GEOMETRIC_PRESENTATION_REPRESENTATION (  '', ( #2977 ), #5879 ) ;
#68 = LINE ( 'NONE', #4265, #75 ) ;
#69 = LINE ( 'NONE', #4130, #460 ) ;
#70 = LINE ( 'NONE', #6151, #5445 ) ;
#71 = DIRECTION ( 'NONE',  ( 0.000000000000000000, -1.000000000000000000, 0.000000000000000000 ) ) ;
#72 = ORIENTED_EDGE ( 'NONE', *, *, #1112, .T. ) ;
#73 = EDGE_CURVE ( 'NONE', #4538, #1041, #4104, .T. ) ;
#74 = VECTOR ( 'NONE', #4608, 1000.000000000000000 ) ;
#75 = VECTOR ( 'NONE', #1299, 1000.000000000000000 ) ;
#76 = AXIS2_PLACEMENT_3D ( 'NONE', #5357, #5830, #416 ) ;
#77 = LINE ( 'NONE', #2544, #5929 ) ;
#78 = ORIENTED_EDGE ( 'NONE', *, *, #2279, .T. ) ;
#79 = SURFACE_SIDE_STYLE ('',( #3842 ) ) ;
#80 = PRESENTATION_STYLE_ASSIGNMENT (( #2172 ) ) ;
#81 = DIRECTION ( 'NONE',  ( 0.000000000000000000, -1.000000000000000000, 0.000000000000000000 ) ) ;
#82 = DIRECTION ( 'NONE',  ( -0.000000000000000000, -0.000000000000000000, 1.000000000000000000 ) ) ;
#83 = MANIFOLD_SOLID_BREP ( 'LPattern3[3]', #691 ) ;
#84 = FACE_OUTER_BOUND ( 'NONE', #2142, .T. ) ;
#85 = EDGE_CURVE ( 'NONE', #1054, #3731, #6027, .T. ) ;
#86 = ADVANCED_FACE ( 'NONE', ( #1449 ), #5030, .T. ) ;
#87 = ORIENTED_EDGE ( 'NONE', *, *, #594, .F. ) ;
#88 = DIRECTION ( 'NONE',  ( 1.084202172485506603E-15, 0.000000000000000000, -1.000000000000000000 ) ) ;
#89 = LINE ( 'NONE', #1149, #3108 ) ;
#90 = VECTOR ( 'NONE', #832, 1000.000000000000000 ) ;
#91 = ORIENTED_EDGE ( 'NONE', *, *, #2389, .F. ) ;
#92 = CARTESIAN_POINT ( 'NONE',  ( -0.3000000000000000999, 0.05000000000000000278, 0.000000000000000000 ) ) ;
#93 = CARTESIAN_POINT ( 'NONE',  ( 0.7000000000000007327, 0.5605551275463992456, 1.500000000000000444 ) ) ;
#94 = DIRECTION ( 'NONE',  ( 0.000000000000000000, 0.000000000000000000, -1.000000000000000000 ) ) ;
#95 = VECTOR ( 'NONE', #3202, 1000.000000000000000 ) ;
#96 = PLANE ( 'NONE',  #4243 ) ;
#97 = VERTEX_POINT ( 'NONE', #4079 ) ;
#98 = VECTOR ( 'NONE', #5572, 1000.000000000000000 ) ;
#99 = SURFACE_SIDE_STYLE ('',( #3982 ) ) ;
#100 = EDGE_LOOP ( 'NONE', ( #5462, #6407, #511, #3508 ) ) ;
#101 = EDGE_CURVE ( 'NONE', #4118, #514, #4334, .T. ) ;
#102 = PLANE ( 'NONE',  #2371 ) ;
#103 = CARTESIAN_POINT ( 'NONE',  ( 1.200000000000000178, 0.000000000000000000, 0.000000000000000000 ) ) ;
#104 = EDGE_CURVE ( 'NONE', #351, #39, #4270, .T. ) ;
#105 = VECTOR ( 'NONE', #3295, 1000.000000000000000 ) ;
#106 = ORIENTED_EDGE ( 'NONE', *, *, #5081, .F. ) ;
#107 = EDGE_CURVE ( 'NONE', #1957, #1680, #2445, .T. ) ;
#108 = DIRECTION ( 'NONE',  ( -1.000000000000000000, 0.000000000000000000, -1.084202172485506603E-15 ) ) ;
#109 = LINE ( 'NONE', #1003, #2920 ) ;
#110 = ORIENTED_EDGE ( 'NONE', *, *, #5363, .T. ) ;
#111 = AXIS2_PLACEMENT_3D ( 'NONE', #4783, #6181, #785 ) ;
#112 = ADVANCED_FACE ( 'NONE', ( #5565 ), #1045, .F. ) ;
#113 = CARTESIAN_POINT ( 'NONE',  ( 0.9500000000000000666, 0.2000000000000000944, 0.9500000000000002887 ) ) ;
#114 = CARTESIAN_POINT ( 'NONE',  ( -1.199999999999999289, 0.1999999999999999833, -0.09999999999999971412 ) ) ;
#115 = VERTEX_POINT ( 'NONE', #1999 ) ;
#116 = ORIENTED_EDGE ( 'NONE', *, *, #2471, .T. ) ;
#117 = EDGE_CURVE ( 'NONE', #907, #1461, #745, .T. ) ;
#118 = ORIENTED_EDGE ( 'NONE', *, *, #3247, .T. ) ;
#119 = ORIENTED_EDGE ( 'NONE', *, *, #5053, .F. ) ;
#120 = CARTESIAN_POINT ( 'NONE',  ( -0.2999999999999996558, 0.04999999999999969746, 1.500000000000000000 ) ) ;
#121 = ORIENTED_EDGE ( 'NONE', *, *, #393, .T. ) ;
#122 = DIRECTION ( 'NONE',  ( 0.000000000000000000, -0.000000000000000000, 1.000000000000000000 ) ) ;
#123 =( GEOMETRIC_REPRESENTATION_CONTEXT ( 3 ) GLOBAL_UNCERTAINTY_ASSIGNED_CONTEXT ( ( #4681 ) ) GLOBAL_UNIT_ASSIGNED_CONTEXT ( ( #5718, #6277, #4744 ) ) REPRESENTATION_CONTEXT ( 'NONE', 'WORKASPACE' ) );
#124 = DIRECTION ( 'NONE',  ( -0.000000000000000000, -1.000000000000000000, -0.000000000000000000 ) ) ;
#125 = CARTESIAN_POINT ( 'NONE',  ( 1.499999999999999112, 0.04999999999999969746, 0.5000000000000000000 ) ) ;
#126 = ORIENTED_EDGE ( 'NONE', *, *, #305, .F. ) ;
#127 = PLANE ( 'NONE',  #426 ) ;
#128 = VERTEX_POINT ( 'NONE', #5013 ) ;
#129 = DIRECTION ( 'NONE',  ( -1.000000000000000000, 0.000000000000000000, 0.000000000000000000 ) ) ;
#130 = PLANE ( 'NONE',  #5846 ) ;
#131 = ORIENTED_EDGE ( 'NONE', *, *, #1733, .F. ) ;
#132 = LINE ( 'NONE', #6063, #6294 ) ;
#133 = DIRECTION ( 'NONE',  ( 0.000000000000000000, -1.000000000000000000, 0.000000000000000000 ) ) ;
#134 = AXIS2_PLACEMENT_3D ( 'NONE', #5147, #6028, #3126 ) ;
#135 = FACE_OUTER_BOUND ( 'NONE', #448, .T. ) ;
#136 = EDGE_LOOP ( 'NONE', ( #1631, #1687, #1817, #1047 ) ) ;
#137 = CARTESIAN_POINT ( 'NONE',  ( 0.09999999999999993616, 0.5605551275463992456, -1.199999999999999956 ) ) ;
#138 = DIRECTION ( 'NONE',  ( -0.000000000000000000, -0.000000000000000000, 1.000000000000000000 ) ) ;
#139 = DIRECTION ( 'NONE',  ( 1.000000000000000000, -0.000000000000000000, 0.000000000000000000 ) ) ;
#140 = ORIENTED_EDGE ( 'NONE', *, *, #4466, .T. ) ;
#141 = CARTESIAN_POINT ( 'NONE',  ( 1.499999999999999112, 0.000000000000000000, -0.4999999999999997780 ) ) ;
#142 =( NAMED_UNIT ( * ) SI_UNIT ( $, .STERADIAN. ) SOLID_ANGLE_UNIT ( ) );
#143 = ORIENTED_EDGE ( 'NONE', *, *, #2171, .T. ) ;
#144 = EDGE_CURVE ( 'NONE', #5239, #2999, #4413, .T. ) ;
#145 = LINE ( 'NONE', #6120, #3423 ) ;
#146 = CARTESIAN_POINT ( 'NONE',  ( 0.9000000000000003553, 0.2000000000000000111, 1.500000000000000000 ) ) ;
#147 = DIRECTION ( 'NONE',  ( 1.084202172485506406E-15, 0.000000000000000000, -1.000000000000000000 ) ) ;
#148 = FILL_AREA_STYLE_COLOUR ( '', #5220 ) ;
#149 = LINE ( 'NONE', #6184, #2636 ) ;
#150 = VERTEX_POINT ( 'NONE', #2020 ) ;
#151 = CARTESIAN_POINT ( 'NONE',  ( 0.7000000000000007327, 0.2000000000000000111, 1.200000000000000622 ) ) ;
#152 = CARTESIAN_POINT ( 'NONE',  ( -0.3000000000000000999, 0.5605551275463992456, -1.199999999999999956 ) ) ;
#153 = CARTESIAN_POINT ( 'NONE',  ( 0.9000000000000000222, 0.2000000000000000111, -1.500000000000000000 ) ) ;
#154 = LINE ( 'NONE', #1414, #3980 ) ;
#155 = CARTESIAN_POINT ( 'NONE',  ( 0.000000000000000000, 0.2000000000000000111, 0.000000000000000000 ) ) ;
#156 = LINE ( 'NONE', #6146, #2332 ) ;
#157 = LINE ( 'NONE', #5023, #5378 ) ;
#158 = ORIENTED_EDGE ( 'NONE', *, *, #3627, .F. ) ;
#159 = DIRECTION ( 'NONE',  ( 0.000000000000000000, 1.000000000000000000, 0.000000000000000000 ) ) ;
#160 = LINE ( 'NONE', #6412, #5312 ) ;
#161 = SURFACE_STYLE_USAGE ( .BOTH. , #5673 ) ;
#162 = VERTEX_POINT ( 'NONE', #2075 ) ;
#163 = EDGE_CURVE ( 'NONE', #177, #309, #4556, .T. ) ;
#164 = AXIS2_PLACEMENT_3D ( 'NONE', #1408, #5379, #6340 ) ;
#165 = PRESENTATION_STYLE_ASSIGNMENT (( #1769 ) ) ;
#166 = EDGE_LOOP ( 'NONE', ( #3541, #206, #4571, #193 ) ) ;
#167 = DIRECTION ( 'NONE',  ( 1.000000000000000000, 0.000000000000000000, -3.252606517456520007E-15 ) ) ;
#168 = CARTESIAN_POINT ( 'NONE',  ( -1.499999999999999112, 0.5605551275463986904, 0.09999999999999993616 ) ) ;
#169 = EDGE_CURVE ( 'NONE', #930, #3322, #1595, .T. ) ;
#170 = CARTESIAN_POINT ( 'NONE',  ( -1.499999999999999112, 0.1999999999999999833, 0.7000000000000002887 ) ) ;
#171 = FACE_OUTER_BOUND ( 'NONE', #3568, .T. ) ;
#172 = VERTEX_POINT ( 'NONE', #1091 ) ;
#173 = DIRECTION ( 'NONE',  ( 0.000000000000000000, 0.000000000000000000, -1.000000000000000000 ) ) ;
#174 = CARTESIAN_POINT ( 'NONE',  ( -1.199999999999999289, 0.05000000000000002359, 0.7000000000000002887 ) ) ;
#175 = VECTOR ( 'NONE', #4125, 1000.000000000000000 ) ;
#176 = DIRECTION ( 'NONE',  ( 1.000000000000000000, 0.000000000000000000, -3.252606517456519218E-15 ) ) ;
#177 = VERTEX_POINT ( 'NONE', #2581 ) ;
#178 = DIRECTION ( 'NONE',  ( 0.000000000000000000, -1.000000000000000000, 0.000000000000000000 ) ) ;
#179 = CARTESIAN_POINT ( 'NONE',  ( -1.499999999999999112, 0.1999999999999999833, -0.7000000000000000666 ) ) ;
#180 = DIRECTION ( 'NONE',  ( -0.000000000000000000, -1.000000000000000000, -0.000000000000000000 ) ) ;
#181 = DIRECTION ( 'NONE',  ( -1.000000000000000000, 0.000000000000000000, 0.000000000000000000 ) ) ;
#182 = VECTOR ( 'NONE', #288, 1000.000000000000000 ) ;
#183 = ORIENTED_EDGE ( 'NONE', *, *, #2960, .T. ) ;
#184 = ADVANCED_FACE ( 'NONE', ( #4640 ), #3030, .T. ) ;
#185 = CARTESIAN_POINT ( 'NONE',  ( -0.8999999999999993561, 0.5605551275463992456, 1.200000000000000622 ) ) ;
#186 = CARTESIAN_POINT ( 'NONE',  ( -0.8999999999999998002, 0.000000000000000000, -1.200000000000000178 ) ) ;
#187 = VERTEX_POINT ( 'NONE', #4512 ) ;
#188 = CARTESIAN_POINT ( 'NONE',  ( -0.7000000000000000666, 0.2000000000000000111, -1.500000000000000000 ) ) ;
#189 = DIRECTION ( 'NONE',  ( 0.000000000000000000, 0.000000000000000000, -1.000000000000000000 ) ) ;
#190 = DIRECTION ( 'NONE',  ( 0.000000000000000000, -1.000000000000000000, 0.000000000000000000 ) ) ;
#191 = DIRECTION ( 'NONE',  ( 0.000000000000000000, -1.000000000000000000, 0.000000000000000000 ) ) ;
#192 = VECTOR ( 'NONE', #3831, 1000.000000000000000 ) ;
#193 = ORIENTED_EDGE ( 'NONE', *, *, #736, .T. ) ;
#194 = EDGE_CURVE ( 'NONE', #629, #3330, #3464, .T. ) ;
#195 = ORIENTED_EDGE ( 'NONE', *, *, #5027, .F. ) ;
#196 = EDGE_LOOP ( 'NONE', ( #5792, #5350, #1313, #1920 ) ) ;
#197 = DIRECTION ( 'NONE',  ( 1.000000000000000000, 0.000000000000000000, 0.000000000000000000 ) ) ;
#198 = FILL_AREA_STYLE_COLOUR ( '', #480 ) ;
#199 = EDGE_LOOP ( 'NONE', ( #3807, #1477, #1853, #833 ) ) ;
#200 = PRESENTATION_LAYER_ASSIGNMENT (  '', '', ( #4134 ) ) ;
#201 = DIRECTION ( 'NONE',  ( -1.000000000000000000, 0.000000000000000000, -0.000000000000000000 ) ) ;
#202 = DIRECTION ( 'NONE',  ( 0.000000000000000000, -0.000000000000000000, -1.000000000000000000 ) ) ;
#203 = VERTEX_POINT ( 'NONE', #3013 ) ;
#204 = VERTEX_POINT ( 'NONE', #5511 ) ;
#205 = ORIENTED_EDGE ( 'NONE', *, *, #194, .T. ) ;
#206 = ORIENTED_EDGE ( 'NONE', *, *, #6007, .F. ) ;
#207 = ORIENTED_EDGE ( 'NONE', *, *, #1827, .T. ) ;
#208 = EDGE_CURVE ( 'NONE', #3065, #6311, #109, .T. ) ;
#209 = CARTESIAN_POINT ( 'NONE',  ( -0.9500000000000000666, 0.2000000000000000944, -0.9500000000000002887 ) ) ;
#210 = ORIENTED_EDGE ( 'NONE', *, *, #2555, .F. ) ;
#211 = STYLED_ITEM ( 'NONE', ( #4613 ), #4258 ) ;
#212 = CARTESIAN_POINT ( 'NONE',  ( -0.3000000000000000999, 0.2000000000000000111, -1.500000000000000000 ) ) ;
#213 = ADVANCED_FACE ( 'NONE', ( #5269 ), #1531, .F. ) ;
#214 = DIRECTION ( 'NONE',  ( 0.000000000000000000, -0.000000000000000000, 1.000000000000000000 ) ) ;
#215 = COLOUR_RGB ( '',0.7921568627450980005, 0.8196078431372548767, 0.9333333333333333481 ) ;
#216 = DIRECTION ( 'NONE',  ( 0.000000000000000000, -1.000000000000000000, 0.000000000000000000 ) ) ;
#217 = LINE ( 'NONE', #5206, #3417 ) ;
#218 = ORIENTED_EDGE ( 'NONE', *, *, #5640, .T. ) ;
#219 = CARTESIAN_POINT ( 'NONE',  ( 1.200000000000000178, 0.2000000000000000111, 0.000000000000000000 ) ) ;
#220 = ADVANCED_FACE ( 'NONE', ( #5096 ), #2995, .F. ) ;
#221 = VECTOR ( 'NONE', #730, 1000.000000000000000 ) ;
#222 = DIRECTION ( 'NONE',  ( 0.000000000000000000, -1.000000000000000000, 0.000000000000000000 ) ) ;
#223 = DIRECTION ( 'NONE',  ( 0.000000000000000000, 1.000000000000000000, 0.000000000000000000 ) ) ;
#224 = FACE_OUTER_BOUND ( 'NONE', #2632, .T. ) ;
#225 = ORIENTED_EDGE ( 'NONE', *, *, #3099, .F. ) ;
#226 = DIRECTION ( 'NONE',  ( 0.000000000000000000, 0.000000000000000000, -1.000000000000000000 ) ) ;
#227 = FACE_OUTER_BOUND ( 'NONE', #2587, .T. ) ;
#228 = ORIENTED_EDGE ( 'NONE', *, *, #144, .F. ) ;
#229 = VECTOR ( 'NONE', #1421, 1000.000000000000000 ) ;
#230 =( NAMED_UNIT ( * ) PLANE_ANGLE_UNIT ( ) SI_UNIT ( $, .RADIAN. ) );
#231 = EDGE_CURVE ( 'NONE', #1252, #3734, #5415, .T. ) ;
#232 = VECTOR ( 'NONE', #6381, 1000.000000000000000 ) ;
#233 = ORIENTED_EDGE ( 'NONE', *, *, #3853, .T. ) ;
#234 = SURFACE_SIDE_STYLE ('',( #1018 ) ) ;
#235 = EDGE_CURVE ( 'NONE', #1041, #4429, #4178, .T. ) ;
#236 = CARTESIAN_POINT ( 'NONE',  ( -1.499999999999999112, 0.000000000000000000, 0.3000000000000003775 ) ) ;
#237 = LINE ( 'NONE', #2611, #5310 ) ;
#238 = LINE ( 'NONE', #5685, #2547 ) ;
#239 = LINE ( 'NONE', #185, #2738 ) ;
#240 = VECTOR ( 'NONE', #2084, 1000.000000000000000 ) ;
#241 = SURFACE_STYLE_USAGE ( .BOTH. , #4787 ) ;
#242 = VERTEX_POINT ( 'NONE', #4623 ) ;
#243 = CARTESIAN_POINT ( 'NONE',  ( -1.199999999999999289, 0.1999999999999999833, 0.09999999999999993616 ) ) ;
#244 = CARTESIAN_POINT ( 'NONE',  ( -1.199999999999999289, 0.000000000000000000, -0.4999999999999997780 ) ) ;
#245 = CARTESIAN_POINT ( 'NONE',  ( 0.5000000000000000000, 0.000000000000000000, -1.500000000000000000 ) ) ;
#246 = VECTOR ( 'NONE', #3824, 1000.000000000000000 ) ;
#247 = VECTOR ( 'NONE', #252, 1000.000000000000000 ) ;
#248 = DIRECTION ( 'NONE',  ( 0.000000000000000000, 0.000000000000000000, -1.000000000000000000 ) ) ;
#249 = ORIENTED_EDGE ( 'NONE', *, *, #3565, .F. ) ;
#250 = DIRECTION ( 'NONE',  ( 0.000000000000000000, -0.000000000000000000, -1.000000000000000000 ) ) ;
#251 = CARTESIAN_POINT ( 'NONE',  ( -1.199999999999999289, 0.5605551275463986904, -0.09999999999999971412 ) ) ;
#252 = DIRECTION ( 'NONE',  ( -0.000000000000000000, -0.000000000000000000, 1.000000000000000000 ) ) ;
#253 = FACE_OUTER_BOUND ( 'NONE', #4096, .T. ) ;
#254 = CARTESIAN_POINT ( 'NONE',  ( -0.4999999999999997780, 0.5605551275463992456, -1.200000000000000178 ) ) ;
#255 = FACE_OUTER_BOUND ( 'NONE', #3559, .T. ) ;
#256 = EDGE_CURVE ( 'NONE', #3150, #1287, #1977, .T. ) ;
#257 = VERTEX_POINT ( 'NONE', #702 ) ;
#258 = PRESENTATION_LAYER_ASSIGNMENT (  '', '', ( #6042 ) ) ;
#259 = LINE ( 'NONE', #5186, #3998 ) ;
#260 = PLANE ( 'NONE',  #4509 ) ;
#261 = ADVANCED_FACE ( 'NONE', ( #1128 ), #4693, .F. ) ;
#262 = DIRECTION ( 'NONE',  ( 0.000000000000000000, 1.000000000000000000, 0.000000000000000000 ) ) ;
#263 = VERTEX_POINT ( 'NONE', #5688 ) ;
#264 = CARTESIAN_POINT ( 'NONE',  ( -1.199999999999999289, 0.5605551275463986904, 0.3000000000000003775 ) ) ;
#265 = EDGE_CURVE ( 'NONE', #427, #2859, #2598, .T. ) ;
#266 = CARTESIAN_POINT ( 'NONE',  ( -0.6999999999999996225, 0.2000000000000000111, 1.500000000000000000 ) ) ;
#267 = DIRECTION ( 'NONE',  ( -1.000000000000000000, 0.000000000000000000, -1.084202172485506603E-15 ) ) ;
#268 = DIRECTION ( 'NONE',  ( -0.000000000000000000, -1.000000000000000000, -0.000000000000000000 ) ) ;
#269 = LINE ( 'NONE', #3119, #5403 ) ;
#270 = CARTESIAN_POINT ( 'NONE',  ( -0.2999999999999996558, 0.000000000000000000, 1.500000000000000000 ) ) ;
#271 = AXIS2_PLACEMENT_3D ( 'NONE', #572, #5540, #527 ) ;
#272 = DIRECTION ( 'NONE',  ( 0.000000000000000000, 0.000000000000000000, -1.000000000000000000 ) ) ;
#273 = VERTEX_POINT ( 'NONE', #4596 ) ;
#274 = DIRECTION ( 'NONE',  ( -1.000000000000000000, 0.000000000000000000, 3.252606517456519613E-15 ) ) ;
#275 = CARTESIAN_POINT ( 'NONE',  ( 1.499999999999999112, 0.5605551275463986904, 0.5000000000000000000 ) ) ;
#276 = FACE_OUTER_BOUND ( 'NONE', #1407, .T. ) ;
#277 = ORIENTED_EDGE ( 'NONE', *, *, #1028, .F. ) ;
#278 = EDGE_CURVE ( 'NONE', #6216, #37, #4949, .T. ) ;
#279 = VECTOR ( 'NONE', #2056, 1000.000000000000000 ) ;
#280 = ORIENTED_EDGE ( 'NONE', *, *, #2243, .F. ) ;
#281 = PLANE ( 'NONE',  #5644 ) ;
#282 = ORIENTED_EDGE ( 'NONE', *, *, #2808, .T. ) ;
#283 = EDGE_LOOP ( 'NONE', ( #2118, #835, #4508, #13 ) ) ;
#284 = CARTESIAN_POINT ( 'NONE',  ( -1.499999999999999112, 0.5605551275463986904, -0.7000000000000000666 ) ) ;
#285 = LINE ( 'NONE', #839, #5422 ) ;
#286 = CARTESIAN_POINT ( 'NONE',  ( -0.2999999999999996558, 0.1999999999999999833, 1.500000000000000000 ) ) ;
#287 =( LENGTH_UNIT ( ) NAMED_UNIT ( * ) SI_UNIT ( .MILLI., .METRE. ) );
#288 = DIRECTION ( 'NONE',  ( 1.000000000000000000, 0.000000000000000000, 0.000000000000000000 ) ) ;
#289 = AXIS2_PLACEMENT_3D ( 'NONE', #5619, #4100, #2628 ) ;
#290 = DIRECTION ( 'NONE',  ( -0.000000000000000000, -1.000000000000000000, -0.000000000000000000 ) ) ;
#291 = ORIENTED_EDGE ( 'NONE', *, *, #5706, .T. ) ;
#292 = CARTESIAN_POINT ( 'NONE',  ( -0.3000000000000000999, 0.04999999999999999584, -1.199999999999999956 ) ) ;
#293 = CARTESIAN_POINT ( 'NONE',  ( 1.199999999999999289, 0.5605551275463986904, 0.7000000000000002887 ) ) ;
#294 = ORIENTED_EDGE ( 'NONE', *, *, #2614, .T. ) ;
#295 = ORIENTED_EDGE ( 'NONE', *, *, #4277, .T. ) ;
#296 = MANIFOLD_SOLID_BREP ( 'Boss-Extrude3[1]', #5990 ) ;
#297 = VERTEX_POINT ( 'NONE', #4151 ) ;
#298 = DIRECTION ( 'NONE',  ( 0.000000000000000000, -1.000000000000000000, 0.000000000000000000 ) ) ;
#299 = EDGE_CURVE ( 'NONE', #770, #1992, #5738, .T. ) ;
#300 = ADVANCED_FACE ( 'NONE', ( #3312 ), #6071, .T. ) ;
#301 = ORIENTED_EDGE ( 'NONE', *, *, #3359, .F. ) ;
#302 = LINE ( 'NONE', #2675, #4750 ) ;
#303 = LINE ( 'NONE', #1739, #5762 ) ;
#304 = ORIENTED_EDGE ( 'NONE', *, *, #3815, .F. ) ;
#305 = EDGE_CURVE ( 'NONE', #3624, #2968, #655, .T. ) ;
#306 = DIRECTION ( 'NONE',  ( 0.000000000000000000, 0.000000000000000000, -1.000000000000000000 ) ) ;
#307 = AXIS2_PLACEMENT_3D ( 'NONE', #1519, #3003, #35 ) ;
#308 = LINE ( 'NONE', #1902, #3267 ) ;
#309 = VERTEX_POINT ( 'NONE', #2099 ) ;
#310 = DIRECTION ( 'NONE',  ( 1.000000000000000000, -0.000000000000000000, 1.445602896647339656E-16 ) ) ;
#311 = DIRECTION ( 'NONE',  ( 0.000000000000000000, -0.000000000000000000, -1.000000000000000000 ) ) ;
#312 = CARTESIAN_POINT ( 'NONE',  ( 0.3000000000000007661, 0.1999999999999999833, 1.200000000000000622 ) ) ;
#313 = CARTESIAN_POINT ( 'NONE',  ( -1.499999999999999112, 0.1999999999999999833, -0.7000000000000000666 ) ) ;
#314 = LINE ( 'NONE', #889, #229 ) ;
#315 = LINE ( 'NONE', #2367, #3426 ) ;
#316 = EDGE_LOOP ( 'NONE', ( #2018, #6248, #3147, #3517 ) ) ;
#317 = CARTESIAN_POINT ( 'NONE',  ( 0.9000000000000000222, 0.2000000000000000111, -1.199999999999999956 ) ) ;
#318 = AXIS2_PLACEMENT_3D ( 'NONE', #1503, #5414, #5959 ) ;
#319 = CARTESIAN_POINT ( 'NONE',  ( 0.5000000000000000000, 0.04999999999999969746, -1.500000000000000000 ) ) ;
#320 = DIRECTION ( 'NONE',  ( 0.000000000000000000, 0.000000000000000000, -1.000000000000000000 ) ) ;
#321 = VECTOR ( 'NONE', #3431, 1000.000000000000000 ) ;
#322 = ORIENTED_EDGE ( 'NONE', *, *, #3516, .F. ) ;
#323 = FACE_OUTER_BOUND ( 'NONE', #5955, .T. ) ;
#324 = VECTOR ( 'NONE', #5754, 1000.000000000000000 ) ;
#325 = PLANE ( 'NONE',  #1840 ) ;
#326 = VECTOR ( 'NONE', #2424, 1000.000000000000000 ) ;
#327 = DIRECTION ( 'NONE',  ( -1.000000000000000000, 0.000000000000000000, -1.084202172485506406E-15 ) ) ;
#328 = ORIENTED_EDGE ( 'NONE', *, *, #6408, .F. ) ;
#329 = LINE ( 'NONE', #3317, #6001 ) ;
#330 = COLOUR_RGB ( '',0.7921568627450980005, 0.8196078431372548767, 0.9333333333333333481 ) ;
#331 = VECTOR ( 'NONE', #4381, 1000.000000000000000 ) ;
#332 = ORIENTED_EDGE ( 'NONE', *, *, #6022, .T. ) ;
#333 = ADVANCED_FACE ( 'NONE', ( #3391 ), #2152, .F. ) ;
#334 = DIRECTION ( 'NONE',  ( 1.000000000000000000, -0.000000000000000000, 0.000000000000000000 ) ) ;
#335 = LINE ( 'NONE', #2404, #800 ) ;
#336 = CARTESIAN_POINT ( 'NONE',  ( -1.199999999999999289, 0.5605551275463986904, 0.09999999999999993616 ) ) ;
#337 = VECTOR ( 'NONE', #1216, 1000.000000000000000 ) ;
#338 = EDGE_LOOP ( 'NONE', ( #1528, #4962, #3212, #2246 ) ) ;
#339 = EDGE_CURVE ( 'NONE', #5983, #1942, #4805, .T. ) ;
#340 = CARTESIAN_POINT ( 'NONE',  ( 0.5000000000000004441, 0.1999999999999999833, 1.199999999999999956 ) ) ;
#341 = DIRECTION ( 'NONE',  ( 0.000000000000000000, -0.000000000000000000, -1.000000000000000000 ) ) ;
#342 = CARTESIAN_POINT ( 'NONE',  ( 0.9000000000000003553, 0.000000000000000000, 1.199999999999999956 ) ) ;
#343 = LINE ( 'NONE', #1138, #1578 ) ;
#344 = DIRECTION ( 'NONE',  ( 0.000000000000000000, -1.000000000000000000, 0.000000000000000000 ) ) ;
#345 = DIRECTION ( 'NONE',  ( 1.000000000000000000, -0.000000000000000000, 0.000000000000000000 ) ) ;
#346 = CLOSED_SHELL ( 'NONE', ( #26, #1976, #5509, #741, #3452, #3189 ) ) ;
#347 = CARTESIAN_POINT ( 'NONE',  ( 0.09999999999999993616, 0.1999999999999999833, -1.199999999999999956 ) ) ;
#348 = CARTESIAN_POINT ( 'NONE',  ( -1.199999999999999289, 0.000000000000000000, -0.09999999999999971412 ) ) ;
#349 = EDGE_CURVE ( 'NONE', #1198, #1445, #824, .T. ) ;
#350 = VECTOR ( 'NONE', #4951, 1000.000000000000000 ) ;
#351 = VERTEX_POINT ( 'NONE', #3121 ) ;
#352 = AXIS2_PLACEMENT_3D ( 'NONE', #2072, #5568, #3659 ) ;
#353 = CARTESIAN_POINT ( 'NONE',  ( -1.199999999999999289, 0.1999999999999999833, 0.3000000000000003775 ) ) ;
#354 = DIRECTION ( 'NONE',  ( -1.000000000000000000, 0.000000000000000000, 0.000000000000000000 ) ) ;
#355 = LINE ( 'NONE', #700, #4401 ) ;
#356 = CARTESIAN_POINT ( 'NONE',  ( -0.8999999999999998002, 0.2000000000000000111, -1.200000000000000178 ) ) ;
#357 = ORIENTED_EDGE ( 'NONE', *, *, #2297, .T. ) ;
#358 = PLANE ( 'NONE',  #2300 ) ;
#359 = DIRECTION ( 'NONE',  ( 0.000000000000000000, -0.000000000000000000, 1.000000000000000000 ) ) ;
#360 = DIRECTION ( 'NONE',  ( 0.000000000000000000, 0.000000000000000000, 1.000000000000000000 ) ) ;
#361 = VECTOR ( 'NONE', #2536, 1000.000000000000000 ) ;
#362 = EDGE_LOOP ( 'NONE', ( #1671, #66, #2835, #845 ) ) ;
#363 = CARTESIAN_POINT ( 'NONE',  ( 1.500000000000000444, 6.042640687119284593, 1.500000000000000000 ) ) ;
#364 = ADVANCED_FACE ( 'NONE', ( #2593 ), #3143, .F. ) ;
#365 = DIRECTION ( 'NONE',  ( 0.000000000000000000, 0.000000000000000000, -1.000000000000000000 ) ) ;
#366 = EDGE_CURVE ( 'NONE', #5900, #2820, #1741, .T. ) ;
#367 = DIRECTION ( 'NONE',  ( -1.000000000000000000, 0.000000000000000000, 0.000000000000000000 ) ) ;
#368 = VERTEX_POINT ( 'NONE', #794 ) ;
#369 = EDGE_CURVE ( 'NONE', #2645, #6220, #4549, .T. ) ;
#370 = EDGE_LOOP ( 'NONE', ( #5579, #3029, #3919, #4515 ) ) ;
#371 = ORIENTED_EDGE ( 'NONE', *, *, #4459, .T. ) ;
#372 = VERTEX_POINT ( 'NONE', #1302 ) ;
#373 = DIRECTION ( 'NONE',  ( -1.000000000000000000, 0.000000000000000000, -0.000000000000000000 ) ) ;
#374 = VERTEX_POINT ( 'NONE', #3201 ) ;
#375 = EDGE_CURVE ( 'NONE', #1061, #297, #2682, .T. ) ;
#376 = PLANE ( 'NONE',  #3474 ) ;
#377 = DIRECTION ( 'NONE',  ( 1.000000000000000000, 0.000000000000000000, -0.000000000000000000 ) ) ;
#378 = ORIENTED_EDGE ( 'NONE', *, *, #4853, .T. ) ;
#379 = ORIENTED_EDGE ( 'NONE', *, *, #803, .T. ) ;
#380 = AXIS2_PLACEMENT_3D ( 'NONE', #1075, #3579, #656 ) ;
#381 = CARTESIAN_POINT ( 'NONE',  ( 1.500000000000000444, 0.05000000000000000278, -1.500000000000000000 ) ) ;
#382 = ORIENTED_EDGE ( 'NONE', *, *, #3298, .F. ) ;
#383 = PLANE ( 'NONE',  #164 ) ;
#384 = EDGE_CURVE ( 'NONE', #6332, #2138, #4801, .T. ) ;
#385 = CARTESIAN_POINT ( 'NONE',  ( 0.7000000000000002887, 0.1999999999999996503, -1.499999999999999778 ) ) ;
#386 = CARTESIAN_POINT ( 'NONE',  ( 1.199999999999999289, 0.5605551275463986904, 0.3000000000000003775 ) ) ;
#387 = ORIENTED_EDGE ( 'NONE', *, *, #662, .T. ) ;
#388 = AXIS2_PLACEMENT_3D ( 'NONE', #872, #5478, #1929 ) ;
#389 = DIRECTION ( 'NONE',  ( -0.000000000000000000, 0.000000000000000000, -1.000000000000000000 ) ) ;
#390 = CARTESIAN_POINT ( 'NONE',  ( 1.499999999999999112, 0.5605551275463986904, 0.3000000000000003775 ) ) ;
#391 = LINE ( 'NONE', #1610, #531 ) ;
#392 = VERTEX_POINT ( 'NONE', #2729 ) ;
#393 = EDGE_CURVE ( 'NONE', #4657, #4414, #4089, .T. ) ;
#394 = ADVANCED_FACE ( 'NONE', ( #2365 ), #2244, .F. ) ;
#395 = LINE ( 'NONE', #2649, #2737 ) ;
#396 = CARTESIAN_POINT ( 'NONE',  ( -2.168404344971008868E-16, 0.05000000000000000278, 0.9500000000000000666 ) ) ;
#397 = DIRECTION ( 'NONE',  ( 0.000000000000000000, 0.000000000000000000, 1.000000000000000000 ) ) ;
#398 = ORIENTED_EDGE ( 'NONE', *, *, #4223, .F. ) ;
#399 = LINE ( 'NONE', #1726, #1939 ) ;
#400 = EDGE_LOOP ( 'NONE', ( #6361, #2466, #5937, #5872 ) ) ;
#401 = EDGE_CURVE ( 'NONE', #5373, #1536, #3871, .T. ) ;
#402 = VECTOR ( 'NONE', #3222, 1000.000000000000000 ) ;
#403 = DIRECTION ( 'NONE',  ( -0.000000000000000000, -1.000000000000000000, -0.000000000000000000 ) ) ;
#404 = LINE ( 'NONE', #4675, #5539 ) ;
#405 = DIRECTION ( 'NONE',  ( 1.000000000000000000, 0.000000000000000000, 0.000000000000000000 ) ) ;
#406 = EDGE_LOOP ( 'NONE', ( #5039, #2059, #5666, #4500 ) ) ;
#407 = LINE ( 'NONE', #3520, #3109 ) ;
#408 = AXIS2_PLACEMENT_3D ( 'NONE', #5735, #1719, #5210 ) ;
#409 = ORIENTED_EDGE ( 'NONE', *, *, #3044, .T. ) ;
#410 = CARTESIAN_POINT ( 'NONE',  ( -0.3000000000000000999, 0.5605551275463992456, -1.199999999999999956 ) ) ;
#411 = CARTESIAN_POINT ( 'NONE',  ( -1.199999999999999289, 0.1999999999999999833, -0.3000000000000000999 ) ) ;
#412 = LINE ( 'NONE', #5737, #2970 ) ;
#413 = EDGE_CURVE ( 'NONE', #5510, #4433, #2767, .T. ) ;
#414 = DIRECTION ( 'NONE',  ( 0.000000000000000000, 0.000000000000000000, -1.000000000000000000 ) ) ;
#415 = EDGE_LOOP ( 'NONE', ( #6203, #1065, #2553, #3620 ) ) ;
#416 = DIRECTION ( 'NONE',  ( 0.000000000000000000, -0.000000000000000000, 1.000000000000000000 ) ) ;
#417 = ADVANCED_FACE ( 'NONE', ( #2215 ), #4268, .T. ) ;
#418 = FACE_OUTER_BOUND ( 'NONE', #1925, .T. ) ;
#419 = EDGE_LOOP ( 'NONE', ( #5244, #3234, #72, #4339 ) ) ;
#420 = DIRECTION ( 'NONE',  ( 0.000000000000000000, -1.000000000000000000, 0.000000000000000000 ) ) ;
#421 = EDGE_CURVE ( 'NONE', #37, #3403, #3384, .T. ) ;
#422 = DIRECTION ( 'NONE',  ( 0.000000000000000000, 0.000000000000000000, -1.000000000000000000 ) ) ;
#423 = CARTESIAN_POINT ( 'NONE',  ( -0.4999999999999993339, 0.000000000000000000, 1.500000000000000444 ) ) ;
#424 = LINE ( 'NONE', #6212, #5887 ) ;
#425 = CARTESIAN_POINT ( 'NONE',  ( 1.199999999999999289, 0.5605551275463986904, 0.7000000000000002887 ) ) ;
#426 = AXIS2_PLACEMENT_3D ( 'NONE', #2193, #3711, #5139 ) ;
#427 = VERTEX_POINT ( 'NONE', #4716 ) ;
#428 = DIRECTION ( 'NONE',  ( 0.000000000000000000, 0.000000000000000000, -1.000000000000000000 ) ) ;
#429 = VECTOR ( 'NONE', #3996, 1000.000000000000000 ) ;
#430 =( NAMED_UNIT ( * ) PLANE_ANGLE_UNIT ( ) SI_UNIT ( $, .RADIAN. ) );
#431 = VERTEX_POINT ( 'NONE', #6188 ) ;
#432 = ORIENTED_EDGE ( 'NONE', *, *, #1256, .F. ) ;
#433 = PRESENTATION_LAYER_ASSIGNMENT (  '', '', ( #2127 ) ) ;
#434 = ORIENTED_EDGE ( 'NONE', *, *, #1879, .T. ) ;
#435 = VERTEX_POINT ( 'NONE', #244 ) ;
#436 = DIRECTION ( 'NONE',  ( -0.000000000000000000, -1.000000000000000000, -0.000000000000000000 ) ) ;
#437 = CARTESIAN_POINT ( 'NONE',  ( 1.199999999999999289, 0.1999999999999999833, 0.9000000000000000222 ) ) ;
#438 = ORIENTED_EDGE ( 'NONE', *, *, #931, .T. ) ;
#439 = VERTEX_POINT ( 'NONE', #3273 ) ;
#440 = CLOSED_SHELL ( 'NONE', ( #4476, #5262, #2495, #5965, #1353, #3387 ) ) ;
#441 = EDGE_CURVE ( 'NONE', #4108, #5052, #968, .T. ) ;
#442 = CARTESIAN_POINT ( 'NONE',  ( -0.4999999999999997780, 0.2000000000000000111, -1.200000000000000178 ) ) ;
#443 = ORIENTED_EDGE ( 'NONE', *, *, #4475, .F. ) ;
#444 = EDGE_CURVE ( 'NONE', #5700, #3838, #424, .T. ) ;
#445 = DIRECTION ( 'NONE',  ( 1.000000000000000000, 0.000000000000000000, 0.000000000000000000 ) ) ;
#446 = ORIENTED_EDGE ( 'NONE', *, *, #569, .T. ) ;
#447 = VECTOR ( 'NONE', #6183, 1000.000000000000000 ) ;
#448 = EDGE_LOOP ( 'NONE', ( #4279, #5300, #1989, #5585 ) ) ;
#449 = ADVANCED_FACE ( 'NONE', ( #3617 ), #5259, .T. ) ;
#450 = CARTESIAN_POINT ( 'NONE',  ( -1.199999999999999289, 0.000000000000000000, -0.7000000000000000666 ) ) ;
#451 = EDGE_CURVE ( 'NONE', #6030, #1558, #3459, .T. ) ;
#452 = CARTESIAN_POINT ( 'NONE',  ( 0.1000000000000003664, 0.2000000000000000111, 1.500000000000000000 ) ) ;
#453 = ORIENTED_EDGE ( 'NONE', *, *, #576, .F. ) ;
#454 = EDGE_LOOP ( 'NONE', ( #2776, #5930, #3251, #3968 ) ) ;
#455 = FACE_OUTER_BOUND ( 'NONE', #4049, .T. ) ;
#456 = CARTESIAN_POINT ( 'NONE',  ( 0.9500000000000000666, 0.05000000000000012768, -0.9499999999999998446 ) ) ;
#457 = VERTEX_POINT ( 'NONE', #270 ) ;
#458 = FILL_AREA_STYLE ('',( #5301 ) ) ;
#459 = EDGE_CURVE ( 'NONE', #273, #2298, #3537, .T. ) ;
#460 = VECTOR ( 'NONE', #3605, 1000.000000000000000 ) ;
#461 = PLANE ( 'NONE',  #917 ) ;
#462 = VECTOR ( 'NONE', #1148, 1000.000000000000000 ) ;
#463 = DIRECTION ( 'NONE',  ( 0.000000000000000000, 0.000000000000000000, -1.000000000000000000 ) ) ;
#464 = VERTEX_POINT ( 'NONE', #6234 ) ;
#465 = DIRECTION ( 'NONE',  ( -1.000000000000000000, -0.000000000000000000, -0.000000000000000000 ) ) ;
#466 = LINE ( 'NONE', #4370, #4517 ) ;
#467 = DIRECTION ( 'NONE',  ( 1.000000000000000000, 0.000000000000000000, -3.252606517456520007E-15 ) ) ;
#468 = LINE ( 'NONE', #6196, #6073 ) ;
#469 = VECTOR ( 'NONE', #4373, 1000.000000000000000 ) ;
#470 = ORIENTED_EDGE ( 'NONE', *, *, #38, .T. ) ;
#471 = DIRECTION ( 'NONE',  ( 0.000000000000000000, 0.000000000000000000, -1.000000000000000000 ) ) ;
#472 = DIRECTION ( 'NONE',  ( -1.000000000000000000, 0.000000000000000000, -1.084202172485506603E-15 ) ) ;
#473 = MECHANICAL_DESIGN_GEOMETRIC_PRESENTATION_REPRESENTATION (  '', ( #4250 ), #1141 ) ;
#474 = FACE_OUTER_BOUND ( 'NONE', #3629, .T. ) ;
#475 = VERTEX_POINT ( 'NONE', #3785 ) ;
#476 = CARTESIAN_POINT ( 'NONE',  ( 0.5000000000000000000, 0.5605551275463992456, -1.500000000000000000 ) ) ;
#477 = VECTOR ( 'NONE', #5603, 1000.000000000000000 ) ;
#478 = CARTESIAN_POINT ( 'NONE',  ( -1.199999999999999289, 0.5605551275463986904, 0.5000000000000000000 ) ) ;
#479 = PLANE ( 'NONE',  #1082 ) ;
#480 = COLOUR_RGB ( '',0.7921568627450980005, 0.8196078431372548767, 0.9333333333333333481 ) ;
#481 = ADVANCED_FACE ( 'NONE', ( #276 ), #2754, .F. ) ;
#482 = VERTEX_POINT ( 'NONE', #292 ) ;
#483 = EDGE_CURVE ( 'NONE', #2060, #4965, #3944, .T. ) ;
#484 = CARTESIAN_POINT ( 'NONE',  ( -1.199999999999999289, 0.5605551275463986904, 0.9000000000000000222 ) ) ;
#485 = LINE ( 'NONE', #2175, #2906 ) ;
#486 = PLANE ( 'NONE',  #5864 ) ;
#487 = VERTEX_POINT ( 'NONE', #5334 ) ;
#488 = DIRECTION ( 'NONE',  ( 1.000000000000000000, -0.000000000000000000, 0.000000000000000000 ) ) ;
#489 = PRESENTATION_LAYER_ASSIGNMENT (  '', '', ( #4719 ) ) ;
#490 = CARTESIAN_POINT ( 'NONE',  ( 0.000000000000000000, 0.2000000000000000111, 0.000000000000000000 ) ) ;
#491 = FACE_OUTER_BOUND ( 'NONE', #3587, .T. ) ;
#492 = CARTESIAN_POINT ( 'NONE',  ( -0.3000000000000000999, 0.000000000000000000, -1.199999999999999956 ) ) ;
#493 = ORIENTED_EDGE ( 'NONE', *, *, #3401, .T. ) ;
#494 = EDGE_CURVE ( 'NONE', #5317, #6157, #5021, .T. ) ;
#495 = LINE ( 'NONE', #5256, #4540 ) ;
#496 = DIRECTION ( 'NONE',  ( -0.000000000000000000, -1.000000000000000000, -0.000000000000000000 ) ) ;
#497 = VERTEX_POINT ( 'NONE', #2896 ) ;
#498 = AXIS2_PLACEMENT_3D ( 'NONE', #3420, #1916, #5402 ) ;
#499 = DIRECTION ( 'NONE',  ( 1.000000000000000000, 0.000000000000000000, 0.000000000000000000 ) ) ;
#500 = VECTOR ( 'NONE', #129, 1000.000000000000000 ) ;
#501 = DIRECTION ( 'NONE',  ( 1.000000000000000000, 0.000000000000000000, 0.000000000000000000 ) ) ;
#502 = CARTESIAN_POINT ( 'NONE',  ( 0.3000000000000007661, 0.1999999999999999833, 1.500000000000000444 ) ) ;
#503 = EDGE_CURVE ( 'NONE', #664, #5116, #6195, .T. ) ;
#504 = VERTEX_POINT ( 'NONE', #340 ) ;
#505 = DIRECTION ( 'NONE',  ( 0.000000000000000000, 0.000000000000000000, 1.000000000000000000 ) ) ;
#506 = AXIS2_PLACEMENT_3D ( 'NONE', #5196, #2206, #3128 ) ;
#507 = ORIENTED_EDGE ( 'NONE', *, *, #5765, .F. ) ;
#508 = CARTESIAN_POINT ( 'NONE',  ( -1.499999999999999112, 0.04999999999999969746, 0.9000000000000000222 ) ) ;
#509 = ADVANCED_FACE ( 'NONE', ( #3232 ), #3825, .F. ) ;
#510 = DIRECTION ( 'NONE',  ( 1.000000000000000000, -0.000000000000000000, -2.168404344971012812E-15 ) ) ;
#511 = ORIENTED_EDGE ( 'NONE', *, *, #3284, .T. ) ;
#512 = FILL_AREA_STYLE_COLOUR ( '', #3902 ) ;
#513 = VERTEX_POINT ( 'NONE', #6376 ) ;
#514 = VERTEX_POINT ( 'NONE', #5807 ) ;
#515 = ORIENTED_EDGE ( 'NONE', *, *, #876, .F. ) ;
#516 = ORIENTED_EDGE ( 'NONE', *, *, #1108, .T. ) ;
#517 = ORIENTED_EDGE ( 'NONE', *, *, #2473, .T. ) ;
#518 = CARTESIAN_POINT ( 'NONE',  ( 0.9000000000000003553, 0.5605551275463992456, 1.500000000000000000 ) ) ;
#519 = DIRECTION ( 'NONE',  ( 1.000000000000000000, 0.000000000000000000, -0.000000000000000000 ) ) ;
#520 = LINE ( 'NONE', #2015, #5758 ) ;
#521 = ORIENTED_EDGE ( 'NONE', *, *, #6246, .F. ) ;
#522 = DIRECTION ( 'NONE',  ( 0.000000000000000000, 0.000000000000000000, 1.000000000000000000 ) ) ;
#523 = CARTESIAN_POINT ( 'NONE',  ( -0.7000000000000000666, 0.5605551275463992456, -1.199999999999999956 ) ) ;
#524 = AXIS2_PLACEMENT_3D ( 'NONE', #2860, #4866, #1866 ) ;
#525 = LINE ( 'NONE', #6170, #3007 ) ;
#526 = VERTEX_POINT ( 'NONE', #5824 ) ;
#527 = DIRECTION ( 'NONE',  ( -0.000000000000000000, 0.000000000000000000, 1.000000000000000000 ) ) ;
#528 = CARTESIAN_POINT ( 'NONE',  ( 0.9500000000000000666, 2.887005768508881243, -0.9499999999999998446 ) ) ;
#529 = EDGE_CURVE ( 'NONE', #1841, #427, #3707, .T. ) ;
#530 = DIRECTION ( 'NONE',  ( 1.000000000000000000, 0.000000000000000000, -0.000000000000000000 ) ) ;
#531 = VECTOR ( 'NONE', #5025, 1000.000000000000000 ) ;
#532 = CLOSED_SHELL ( 'NONE', ( #1064, #5541, #1918, #6237, #1689, #5413 ) ) ;
#533 = AXIS2_PLACEMENT_3D ( 'NONE', #5085, #1652, #122 ) ;
#534 = FACE_OUTER_BOUND ( 'NONE', #3444, .T. ) ;
#535 = CARTESIAN_POINT ( 'NONE',  ( 0.9000000000000003553, 0.2000000000000000111, 1.199999999999999956 ) ) ;
#536 = CARTESIAN_POINT ( 'NONE',  ( 1.499999999999999112, 0.1999999999999999833, 0.09999999999999993616 ) ) ;
#537 = VERTEX_POINT ( 'NONE', #1404 ) ;
#538 = EDGE_CURVE ( 'NONE', #4028, #2999, #4875, .T. ) ;
#539 = ADVANCED_FACE ( 'NONE', ( #6269 ), #5375, .F. ) ;
#540 = VERTEX_POINT ( 'NONE', #3310 ) ;
#541 = VECTOR ( 'NONE', #6199, 1000.000000000000000 ) ;
#542 = DIRECTION ( 'NONE',  ( -0.000000000000000000, -1.000000000000000000, -0.000000000000000000 ) ) ;
#543 = DIRECTION ( 'NONE',  ( 0.000000000000000000, -1.000000000000000000, 0.000000000000000000 ) ) ;
#544 = VECTOR ( 'NONE', #3673, 1000.000000000000000 ) ;
#545 = FACE_OUTER_BOUND ( 'NONE', #3725, .T. ) ;
#546 = CARTESIAN_POINT ( 'NONE',  ( 0.09999999999999993616, 0.2000000000000000111, -1.199999999999999956 ) ) ;
#547 = VECTOR ( 'NONE', #5801, 1000.000000000000000 ) ;
#548 = ORIENTED_EDGE ( 'NONE', *, *, #2279, .F. ) ;
#549 = PRODUCT_DEFINITION_SHAPE ( 'NONE', 'NONE',  #2779 ) ;
#550 = LINE ( 'NONE', #1823, #2091 ) ;
#551 = CARTESIAN_POINT ( 'NONE',  ( -0.09999999999999971412, 0.5605551275463992456, -1.500000000000000000 ) ) ;
#552 = DIRECTION ( 'NONE',  ( 0.000000000000000000, -1.000000000000000000, 0.000000000000000000 ) ) ;
#553 = LINE ( 'NONE', #1742, #3028 ) ;
#554 = ORIENTED_EDGE ( 'NONE', *, *, #4706, .T. ) ;
#555 = AXIS2_PLACEMENT_3D ( 'NONE', #4721, #3233, #6174 ) ;
#556 = VECTOR ( 'NONE', #1842, 1000.000000000000000 ) ;
#557 = VECTOR ( 'NONE', #5454, 1000.000000000000000 ) ;
#558 = ORIENTED_EDGE ( 'NONE', *, *, #3839, .F. ) ;
#559 = EDGE_CURVE ( 'NONE', #3111, #5776, #1446, .T. ) ;
#560 = DIRECTION ( 'NONE',  ( 0.000000000000000000, 0.000000000000000000, -1.000000000000000000 ) ) ;
#561 = DIRECTION ( 'NONE',  ( 1.000000000000000000, 0.000000000000000000, -0.000000000000000000 ) ) ;
#562 = MANIFOLD_SOLID_BREP ( 'Boss-Extrude2[1]', #1666 ) ;
#563 = VECTOR ( 'NONE', #272, 1000.000000000000000 ) ;
#564 = EDGE_CURVE ( 'NONE', #2307, #3661, #4406, .T. ) ;
#565 = EDGE_LOOP ( 'NONE', ( #4930, #5034, #6351, #4292 ) ) ;
#566 = DIRECTION ( 'NONE',  ( 0.000000000000000000, 0.000000000000000000, -1.000000000000000000 ) ) ;
#567 = DIRECTION ( 'NONE',  ( -1.000000000000000000, 0.000000000000000000, 0.000000000000000000 ) ) ;
#568 = FACE_OUTER_BOUND ( 'NONE', #5773, .T. ) ;
#569 = EDGE_CURVE ( 'NONE', #5571, #3534, #2915, .T. ) ;
#570 = ORIENTED_EDGE ( 'NONE', *, *, #5703, .T. ) ;
#571 = DIRECTION ( 'NONE',  ( 0.000000000000000000, -0.000000000000000000, -1.000000000000000000 ) ) ;
#572 = CARTESIAN_POINT ( 'NONE',  ( -0.7000000000000000666, 0.2000000000000000111, -1.199999999999999956 ) ) ;
#573 = ADVANCED_FACE ( 'NONE', ( #5731 ), #4846, .F. ) ;
#574 = VECTOR ( 'NONE', #2384, 1000.000000000000000 ) ;
#575 = ORIENTED_EDGE ( 'NONE', *, *, #5289, .T. ) ;
#576 = EDGE_CURVE ( 'NONE', #1942, #5656, #3226, .T. ) ;
#577 = VECTOR ( 'NONE', #3646, 1000.000000000000000 ) ;
#578 = PRESENTATION_LAYER_ASSIGNMENT (  '', '', ( #4817 ) ) ;
#579 = DIRECTION ( 'NONE',  ( 1.000000000000000000, 0.000000000000000000, -0.000000000000000000 ) ) ;
#580 = PLANE ( 'NONE',  #1796 ) ;
#581 = ORIENTED_EDGE ( 'NONE', *, *, #4585, .T. ) ;
#582 = EDGE_LOOP ( 'NONE', ( #1574, #4185, #2434, #116 ) ) ;
#583 = ORIENTED_EDGE ( 'NONE', *, *, #5816, .T. ) ;
#584 = CARTESIAN_POINT ( 'NONE',  ( 0.5000000000000004441, 0.5605551275463992456, 1.500000000000000000 ) ) ;
#585 = ORIENTED_EDGE ( 'NONE', *, *, #4779, .F. ) ;
#586 = EDGE_CURVE ( 'NONE', #5662, #2211, #2910, .T. ) ;
#587 = VERTEX_POINT ( 'NONE', #5924 ) ;
#588 = ORIENTED_EDGE ( 'NONE', *, *, #1243, .T. ) ;
#589 = VERTEX_POINT ( 'NONE', #1934 ) ;
#590 = VERTEX_POINT ( 'NONE', #4226 ) ;
#591 = CARTESIAN_POINT ( 'NONE',  ( -0.8999999999999998002, 0.1999999999999999833, -1.200000000000000178 ) ) ;
#592 = ORIENTED_EDGE ( 'NONE', *, *, #2853, .F. ) ;
#593 = UNCERTAINTY_MEASURE_WITH_UNIT (LENGTH_MEASURE( 1.000000000000000082E-05 ), #1241, 'distance_accuracy_value', 'NONE');
#594 = EDGE_CURVE ( 'NONE', #916, #2303, #5016, .T. ) ;
#595 = CARTESIAN_POINT ( 'NONE',  ( -0.4999999999999993339, 0.05000000000000000278, 0.000000000000000000 ) ) ;
#596 = VERTEX_POINT ( 'NONE', #4011 ) ;
#597 = CARTESIAN_POINT ( 'NONE',  ( -1.499999999999999112, 0.1999999999999999833, 0.9000000000000000222 ) ) ;
#598 = ADVANCED_FACE ( 'NONE', ( #5882 ), #6384, .F. ) ;
#599 = DIRECTION ( 'NONE',  ( 0.000000000000000000, 1.000000000000000000, 0.000000000000000000 ) ) ;
#600 = ORIENTED_EDGE ( 'NONE', *, *, #4050, .T. ) ;
#601 = CARTESIAN_POINT ( 'NONE',  ( 1.199999999999999289, 0.5605551275463986904, 0.3000000000000003775 ) ) ;
#602 = SURFACE_STYLE_FILL_AREA ( #4008 ) ;
#603 = VECTOR ( 'NONE', #5214, 1000.000000000000000 ) ;
#604 = ORIENTED_EDGE ( 'NONE', *, *, #5392, .F. ) ;
#605 = AXIS2_PLACEMENT_3D ( 'NONE', #1111, #5114, #3644 ) ;
#606 = LINE ( 'NONE', #928, #5531 ) ;
#607 = FACE_OUTER_BOUND ( 'NONE', #2843, .T. ) ;
#608 = DIRECTION ( 'NONE',  ( 1.000000000000000000, 0.000000000000000000, 0.000000000000000000 ) ) ;
#609 = SURFACE_STYLE_FILL_AREA ( #458 ) ;
#610 = CARTESIAN_POINT ( 'NONE',  ( 1.199999999999999289, 0.000000000000000000, 0.09999999999999993616 ) ) ;
#611 = ORIENTED_EDGE ( 'NONE', *, *, #931, .F. ) ;
#612 = CARTESIAN_POINT ( 'NONE',  ( -1.499999999999999112, 0.5605551275463986904, 0.3000000000000003775 ) ) ;
#613 = EDGE_CURVE ( 'NONE', #3731, #3188, #3378, .T. ) ;
#614 = CARTESIAN_POINT ( 'NONE',  ( 0.5000000000000000000, 0.000000000000000000, -1.500000000000000000 ) ) ;
#615 = FACE_OUTER_BOUND ( 'NONE', #6449, .T. ) ;
#616 = FACE_OUTER_BOUND ( 'NONE', #1812, .T. ) ;
#617 = LINE ( 'NONE', #2033, #3096 ) ;
#618 = AXIS2_PLACEMENT_3D ( 'NONE', #1318, #334, #1801 ) ;
#619 = LINE ( 'NONE', #2568, #4063 ) ;
#620 = ORIENTED_EDGE ( 'NONE', *, *, #2689, .F. ) ;
#621 = CARTESIAN_POINT ( 'NONE',  ( -1.199999999999999289, 0.1999999999999999833, -0.4999999999999997780 ) ) ;
#622 = VECTOR ( 'NONE', #290, 1000.000000000000000 ) ;
#623 = CARTESIAN_POINT ( 'NONE',  ( 1.499999999999999112, 0.1999999999999999833, 0.09999999999999993616 ) ) ;
#624 = CARTESIAN_POINT ( 'NONE',  ( -1.199999999999999289, 0.1999999999999999833, -0.3000000000000000999 ) ) ;
#625 = VECTOR ( 'NONE', #2311, 1000.000000000000000 ) ;
#626 = EDGE_CURVE ( 'NONE', #4861, #930, #5329, .T. ) ;
#627 = FILL_AREA_STYLE ('',( #3117 ) ) ;
#628 = VECTOR ( 'NONE', #2191, 1000.000000000000000 ) ;
#629 = VERTEX_POINT ( 'NONE', #5140 ) ;
#630 = CARTESIAN_POINT ( 'NONE',  ( -1.199999999999999289, 0.5605551275463986904, 0.5000000000000000000 ) ) ;
#631 = FILL_AREA_STYLE ('',( #1114 ) ) ;
#632 = AXIS2_PLACEMENT_3D ( 'NONE', #151, #4284, #4786 ) ;
#633 = LINE ( 'NONE', #2362, #1728 ) ;
#634 = VECTOR ( 'NONE', #971, 1000.000000000000000 ) ;
#635 = CARTESIAN_POINT ( 'NONE',  ( -1.499999999999999112, 0.1999999999999999833, -0.3000000000000000999 ) ) ;
#636 = ORIENTED_EDGE ( 'NONE', *, *, #2550, .T. ) ;
#637 = DIRECTION ( 'NONE',  ( 1.000000000000000000, 0.000000000000000000, 0.000000000000000000 ) ) ;
#638 = DIRECTION ( 'NONE',  ( -1.000000000000000000, 0.000000000000000000, 0.000000000000000000 ) ) ;
#639 = PLANE ( 'NONE',  #5854 ) ;
#640 = VECTOR ( 'NONE', #360, 1000.000000000000000 ) ;
#641 = ORIENTED_EDGE ( 'NONE', *, *, #5010, .F. ) ;
#642 = DIRECTION ( 'NONE',  ( -0.000000000000000000, 0.000000000000000000, 1.000000000000000000 ) ) ;
#643 = VECTOR ( 'NONE', #6025, 1000.000000000000000 ) ;
#644 = ADVANCED_FACE ( 'NONE', ( #3702 ), #2600, .T. ) ;
#645 = PLANE ( 'NONE',  #6353 ) ;
#646 = CARTESIAN_POINT ( 'NONE',  ( -1.499999999999999112, 0.5605551275463986904, -0.7000000000000000666 ) ) ;
#647 = ORIENTED_EDGE ( 'NONE', *, *, #2796, .T. ) ;
#648 = DIRECTION ( 'NONE',  ( -1.000000000000000000, 0.000000000000000000, -1.084202172485506406E-15 ) ) ;
#649 =( NAMED_UNIT ( * ) PLANE_ANGLE_UNIT ( ) SI_UNIT ( $, .RADIAN. ) );
#650 = DIRECTION ( 'NONE',  ( 1.000000000000000000, 0.000000000000000000, -0.000000000000000000 ) ) ;
#651 = FACE_OUTER_BOUND ( 'NONE', #5543, .T. ) ;
#652 = CARTESIAN_POINT ( 'NONE',  ( 0.000000000000000000, 0.2000000000000000111, 0.000000000000000000 ) ) ;
#653 = ORIENTED_EDGE ( 'NONE', *, *, #4670, .T. ) ;
#654 = EDGE_CURVE ( 'NONE', #4528, #4021, #1371, .T. ) ;
#655 = LINE ( 'NONE', #5166, #2049 ) ;
#656 = DIRECTION ( 'NONE',  ( 0.000000000000000000, -0.000000000000000000, 1.000000000000000000 ) ) ;
#657 = ORIENTED_EDGE ( 'NONE', *, *, #5179, .F. ) ;
#658 = DIRECTION ( 'NONE',  ( 0.000000000000000000, -1.000000000000000000, 0.000000000000000000 ) ) ;
#659 = DIRECTION ( 'NONE',  ( -1.000000000000000000, 0.000000000000000000, 0.000000000000000000 ) ) ;
#660 = VECTOR ( 'NONE', #4970, 1000.000000000000000 ) ;
#661 = DIRECTION ( 'NONE',  ( 0.000000000000000000, 0.000000000000000000, 1.000000000000000000 ) ) ;
#662 = EDGE_CURVE ( 'NONE', #2601, #3942, #269, .T. ) ;
#663 = ORIENTED_EDGE ( 'NONE', *, *, #2911, .F. ) ;
#664 = VERTEX_POINT ( 'NONE', #1612 ) ;
#665 = ORIENTED_EDGE ( 'NONE', *, *, #4298, .F. ) ;
#666 = EDGE_LOOP ( 'NONE', ( #1904, #3911, #3545, #926 ) ) ;
#667 = DIRECTION ( 'NONE',  ( -0.000000000000000000, -1.000000000000000000, -0.000000000000000000 ) ) ;
#668 = AXIS2_PLACEMENT_3D ( 'NONE', #679, #3622, #4626 ) ;
#669 = PLANE ( 'NONE',  #6386 ) ;
#670 = PLANE ( 'NONE',  #5591 ) ;
#671 = ORIENTED_EDGE ( 'NONE', *, *, #1865, .F. ) ;
#672 = ADVANCED_FACE ( 'NONE', ( #5813 ), #2651, .F. ) ;
#673 = DIRECTION ( 'NONE',  ( 1.000000000000000000, -0.000000000000000000, 0.000000000000000000 ) ) ;
#674 = ORIENTED_EDGE ( 'NONE', *, *, #692, .T. ) ;
#675 = DIRECTION ( 'NONE',  ( -0.000000000000000000, 0.000000000000000000, -1.000000000000000000 ) ) ;
#676 = ORIENTED_EDGE ( 'NONE', *, *, #5252, .T. ) ;
#677 = LINE ( 'NONE', #597, #3647 ) ;
#678 = EDGE_LOOP ( 'NONE', ( #2732, #5527, #5952, #5618 ) ) ;
#679 = CARTESIAN_POINT ( 'NONE',  ( 0.1000000000000003664, 0.5605551275463992456, 1.199999999999999956 ) ) ;
#680 = AXIS2_PLACEMENT_3D ( 'NONE', #3436, #36, #2426 ) ;
#681 = ADVANCED_FACE ( 'NONE', ( #1736 ), #6137, .F. ) ;
#682 = ORIENTED_EDGE ( 'NONE', *, *, #3893, .F. ) ;
#683 = DIRECTION ( 'NONE',  ( 1.000000000000000000, -0.000000000000000000, 0.000000000000000000 ) ) ;
#684 = PLANE ( 'NONE',  #4402 ) ;
#685 = CARTESIAN_POINT ( 'NONE',  ( 1.500000000000000444, 0.05000000000000000278, 1.500000000000000000 ) ) ;
#686 = DIRECTION ( 'NONE',  ( 0.000000000000000000, 0.000000000000000000, -1.000000000000000000 ) ) ;
#687 = CARTESIAN_POINT ( 'NONE',  ( 0.7000000000000007327, 0.1999999999999999833, 1.200000000000000622 ) ) ;
#688 = CARTESIAN_POINT ( 'NONE',  ( -1.499999999999999112, 0.5605551275463986904, -0.09999999999999971412 ) ) ;
#689 = VECTOR ( 'NONE', #5701, 1000.000000000000000 ) ;
#690 = LINE ( 'NONE', #1250, #2943 ) ;
#691 = CLOSED_SHELL ( 'NONE', ( #2957, #3832, #5753, #4017, #2633, #4347 ) ) ;
#692 = EDGE_CURVE ( 'NONE', #6236, #3250, #4636, .T. ) ;
#693 = DIRECTION ( 'NONE',  ( 0.000000000000000000, 0.000000000000000000, 1.000000000000000000 ) ) ;
#694 = EDGE_CURVE ( 'NONE', #3971, #2057, #1581, .T. ) ;
#695 = LINE ( 'NONE', #2285, #4582 ) ;
#696 = PLANE ( 'NONE',  #3342 ) ;
#697 = DIRECTION ( 'NONE',  ( 0.000000000000000000, 1.000000000000000000, 0.000000000000000000 ) ) ;
#698 = VECTOR ( 'NONE', #3048, 1000.000000000000000 ) ;
#699 = EDGE_LOOP ( 'NONE', ( #2154, #2366, #3350, #4443 ) ) ;
#700 = CARTESIAN_POINT ( 'NONE',  ( 1.199999999999999289, 0.1999999999999999833, -0.3000000000000000999 ) ) ;
#701 = LINE ( 'NONE', #2420, #1 ) ;
#702 = CARTESIAN_POINT ( 'NONE',  ( 1.199999999999999289, 0.000000000000000000, -0.09999999999999971412 ) ) ;
#703 = DIRECTION ( 'NONE',  ( 0.000000000000000000, 1.000000000000000000, 0.000000000000000000 ) ) ;
#704 = VECTOR ( 'NONE', #3256, 1000.000000000000000 ) ;
#705 = LINE ( 'NONE', #3939, #6057 ) ;
#706 = ORIENTED_EDGE ( 'NONE', *, *, #1623, .T. ) ;
#707 = VECTOR ( 'NONE', #1238, 1000.000000000000000 ) ;
#708 = CARTESIAN_POINT ( 'NONE',  ( 1.500000000000000444, 6.042640687119284593, 1.500000000000000000 ) ) ;
#709 = ADVANCED_FACE ( 'NONE', ( #651 ), #4150, .T. ) ;
#710 = LINE ( 'NONE', #1819, #547 ) ;
#711 = ORIENTED_EDGE ( 'NONE', *, *, #5861, .F. ) ;
#712 = EDGE_CURVE ( 'NONE', #1684, #2465, #4255, .T. ) ;
#713 = VECTOR ( 'NONE', #4295, 1000.000000000000000 ) ;
#714 = ORIENTED_EDGE ( 'NONE', *, *, #2473, .F. ) ;
#715 = ADVANCED_FACE ( 'NONE', ( #5482 ), #4621, .F. ) ;
#716 = CARTESIAN_POINT ( 'NONE',  ( -1.199999999999999289, 0.1999999999999999833, -0.3000000000000000999 ) ) ;
#717 =( NAMED_UNIT ( * ) SI_UNIT ( $, .STERADIAN. ) SOLID_ANGLE_UNIT ( ) );
#718 = DIRECTION ( 'NONE',  ( 0.000000000000000000, 0.000000000000000000, -1.000000000000000000 ) ) ;
#719 = LINE ( 'NONE', #854, #556 ) ;
#720 = EDGE_CURVE ( 'NONE', #3931, #1921, #2360, .T. ) ;
#721 = SURFACE_SIDE_STYLE ('',( #3024 ) ) ;
#722 = LINE ( 'NONE', #6319, #2351 ) ;
#723 = CARTESIAN_POINT ( 'NONE',  ( -1.199999999999999289, 0.1999999999999999833, 0.5000000000000000000 ) ) ;
#724 = ORIENTED_EDGE ( 'NONE', *, *, #5172, .F. ) ;
#725 = DIRECTION ( 'NONE',  ( -0.000000000000000000, -1.000000000000000000, -0.000000000000000000 ) ) ;
#726 = AXIS2_PLACEMENT_3D ( 'NONE', #152, #1654, #6186 ) ;
#727 = CARTESIAN_POINT ( 'NONE',  ( 0.9000000000000003553, 0.1999999999999999833, 1.500000000000000000 ) ) ;
#728 = DIRECTION ( 'NONE',  ( 0.000000000000000000, -0.000000000000000000, 1.000000000000000000 ) ) ;
#729 = LINE ( 'NONE', #1161, #2974 ) ;
#730 = DIRECTION ( 'NONE',  ( 0.000000000000000000, -1.000000000000000000, 0.000000000000000000 ) ) ;
#731 = ORIENTED_EDGE ( 'NONE', *, *, #5457, .F. ) ;
#732 = CARTESIAN_POINT ( 'NONE',  ( 0.5000000000000000000, 0.2000000000000000111, -1.500000000000000000 ) ) ;
#733 = CARTESIAN_POINT ( 'NONE',  ( 1.199999999999999289, 0.000000000000000000, 0.7000000000000002887 ) ) ;
#734 = CARTESIAN_POINT ( 'NONE',  ( 0.000000000000000000, 0.2000000000000000111, 0.000000000000000000 ) ) ;
#735 = LINE ( 'NONE', #4737, #3131 ) ;
#736 = EDGE_CURVE ( 'NONE', #1460, #431, #6341, .T. ) ;
#737 = ORIENTED_EDGE ( 'NONE', *, *, #73, .T. ) ;
#738 =( LENGTH_UNIT ( ) NAMED_UNIT ( * ) SI_UNIT ( .MILLI., .METRE. ) );
#739 = ORIENTED_EDGE ( 'NONE', *, *, #2927, .F. ) ;
#740 = DIRECTION ( 'NONE',  ( 0.000000000000000000, -0.000000000000000000, 1.000000000000000000 ) ) ;
#741 = ADVANCED_FACE ( 'NONE', ( #568 ), #2121, .F. ) ;
#742 = CARTESIAN_POINT ( 'NONE',  ( -0.4999999999999993339, 0.1999999999999999833, 1.200000000000000622 ) ) ;
#743 = DIRECTION ( 'NONE',  ( 0.000000000000000000, 0.000000000000000000, 1.000000000000000000 ) ) ;
#744 = AXIS2_PLACEMENT_3D ( 'NONE', #3487, #501, #566 ) ;
#745 = LINE ( 'NONE', #4039, #3055 ) ;
#746 = EDGE_LOOP ( 'NONE', ( #2242, #2062, #5559, #1231 ) ) ;
#747 = ORIENTED_EDGE ( 'NONE', *, *, #169, .T. ) ;
#748 = EDGE_CURVE ( 'NONE', #2924, #4386, #6187, .T. ) ;
#749 = ADVANCED_FACE ( 'NONE', ( #31 ), #6069, .F. ) ;
#750 = ORIENTED_EDGE ( 'NONE', *, *, #1112, .F. ) ;
#751 = EDGE_LOOP ( 'NONE', ( #6286, #2500, #2604, #5012 ) ) ;
#752 = PLANE ( 'NONE',  #2007 ) ;
#753 = PLANE ( 'NONE',  #555 ) ;
#754 = CARTESIAN_POINT ( 'NONE',  ( -0.8999999999999998002, 0.5605551275463992456, -1.500000000000000000 ) ) ;
#755 = ORIENTED_EDGE ( 'NONE', *, *, #4573, .T. ) ;
#756 = AXIS2_PLACEMENT_3D ( 'NONE', #1448, #4451, #2452 ) ;
#757 = CARTESIAN_POINT ( 'NONE',  ( 0.9000000000000000222, 0.5605551275463992456, -1.500000000000000000 ) ) ;
#758 = ORIENTED_EDGE ( 'NONE', *, *, #1453, .T. ) ;
#759 = ORIENTED_EDGE ( 'NONE', *, *, #4616, .F. ) ;
#760 = ORIENTED_EDGE ( 'NONE', *, *, #1660, .T. ) ;
#761 = VERTEX_POINT ( 'NONE', #723 ) ;
#762 = EDGE_CURVE ( 'NONE', #3446, #1942, #5173, .T. ) ;
#763 = DIRECTION ( 'NONE',  ( -0.000000000000000000, -0.000000000000000000, 1.000000000000000000 ) ) ;
#764 = EDGE_LOOP ( 'NONE', ( #3525, #3890, #2217, #143, #4036, #4997, #3990, #919, #1456, #2979, #1674, #6118, #3145, #291, #4343, #1592, #6008, #3305, #4758, #6433, #5060, #1541, #2684, #4832 ) ) ;
#765 = AXIS2_PLACEMENT_3D ( 'NONE', #5894, #2941, #3407 ) ;
#766 = CARTESIAN_POINT ( 'NONE',  ( 0.000000000000000000, 0.2000000000000000111, 0.000000000000000000 ) ) ;
#767 = LINE ( 'NONE', #2722, #3483 ) ;
#768 = PLANE ( 'NONE',  #5037 ) ;
#769 = LINE ( 'NONE', #1486, #5041 ) ;
#770 = VERTEX_POINT ( 'NONE', #3712 ) ;
#771 = UNCERTAINTY_MEASURE_WITH_UNIT (LENGTH_MEASURE( 1.000000000000000082E-05 ), #4809, 'distance_accuracy_value', 'NONE');
#772 = PLANE ( 'NONE',  #3005 ) ;
#773 = LINE ( 'NONE', #396, #2396 ) ;
#774 = CARTESIAN_POINT ( 'NONE',  ( 1.499999999999999112, 0.5605551275463986904, 0.9000000000000000222 ) ) ;
#775 = DIRECTION ( 'NONE',  ( 0.000000000000000000, 0.000000000000000000, -1.000000000000000000 ) ) ;
#776 = EDGE_LOOP ( 'NONE', ( #4781, #5658, #5966, #2054 ) ) ;
#777 = DIRECTION ( 'NONE',  ( 0.000000000000000000, 0.000000000000000000, 1.000000000000000000 ) ) ;
#778 = VECTOR ( 'NONE', #5784, 1000.000000000000000 ) ;
#779 = LINE ( 'NONE', #4628, #3750 ) ;
#780 = EDGE_CURVE ( 'NONE', #590, #4429, #3533, .T. ) ;
#781 = LINE ( 'NONE', #2328, #1708 ) ;
#782 = VERTEX_POINT ( 'NONE', #5786 ) ;
#783 = EDGE_CURVE ( 'NONE', #150, #6138, #1515, .T. ) ;
#784 = ADVANCED_FACE ( 'NONE', ( #418 ), #1205, .T. ) ;
#785 = DIRECTION ( 'NONE',  ( 0.000000000000000000, 0.000000000000000000, 1.000000000000000000 ) ) ;
#786 = FACE_OUTER_BOUND ( 'NONE', #3946, .T. ) ;
#787 = LINE ( 'NONE', #92, #1483 ) ;
#788 = VECTOR ( 'NONE', #3540, 1000.000000000000000 ) ;
#789 = PLANE ( 'NONE',  #5898 ) ;
#790 = VECTOR ( 'NONE', #94, 1000.000000000000000 ) ;
#791 = CARTESIAN_POINT ( 'NONE',  ( 0.000000000000000000, 0.000000000000000000, 0.000000000000000000 ) ) ;
#792 = VERTEX_POINT ( 'NONE', #4197 ) ;
#793 = EDGE_CURVE ( 'NONE', #3486, #1608, #2847, .T. ) ;
#794 = CARTESIAN_POINT ( 'NONE',  ( -0.09999999999999928391, 0.000000000000000000, 1.500000000000000444 ) ) ;
#795 = LINE ( 'NONE', #2230, #3358 ) ;
#796 = DIRECTION ( 'NONE',  ( -1.000000000000000000, 0.000000000000000000, -1.084202172485506603E-15 ) ) ;
#797 = FACE_OUTER_BOUND ( 'NONE', #5418, .T. ) ;
#798 = ORIENTED_EDGE ( 'NONE', *, *, #2139, .F. ) ;
#799 = DIRECTION ( 'NONE',  ( 1.000000000000000000, -0.000000000000000000, -2.168404344971012812E-15 ) ) ;
#800 = VECTOR ( 'NONE', #2875, 1000.000000000000000 ) ;
#801 = DIRECTION ( 'NONE',  ( -0.000000000000000000, -1.000000000000000000, -0.000000000000000000 ) ) ;
#802 = VECTOR ( 'NONE', #2082, 1000.000000000000000 ) ;
#803 = EDGE_CURVE ( 'NONE', #540, #5721, #4330, .T. ) ;
#804 = ORIENTED_EDGE ( 'NONE', *, *, #838, .T. ) ;
#805 = VECTOR ( 'NONE', #6190, 1000.000000000000000 ) ;
#806 = DIRECTION ( 'NONE',  ( 0.000000000000000000, 0.000000000000000000, -1.000000000000000000 ) ) ;
#807 = VERTEX_POINT ( 'NONE', #5240 ) ;
#808 = CARTESIAN_POINT ( 'NONE',  ( -0.4999999999999993339, 0.000000000000000000, 1.200000000000000622 ) ) ;
#809 = DIRECTION ( 'NONE',  ( 1.000000000000000000, 0.000000000000000000, 2.282530889443167022E-16 ) ) ;
#810 = DIRECTION ( 'NONE',  ( 0.000000000000000000, 1.000000000000000000, 0.000000000000000000 ) ) ;
#811 = FILL_AREA_STYLE ('',( #2219 ) ) ;
#812 = VECTOR ( 'NONE', #4152, 1000.000000000000000 ) ;
#813 = CARTESIAN_POINT ( 'NONE',  ( 0.1000000000000003664, 0.2000000000000000111, 1.199999999999999956 ) ) ;
#814 = AXIS2_PLACEMENT_3D ( 'NONE', #6194, #1194, #6173 ) ;
#815 = ORIENTED_EDGE ( 'NONE', *, *, #1345, .F. ) ;
#816 = CARTESIAN_POINT ( 'NONE',  ( -0.2999999999999996558, 0.2000000000000000111, 1.199999999999999956 ) ) ;
#817 = ADVANCED_FACE ( 'NONE', ( #4012 ), #3783, .T. ) ;
#818 = PRESENTATION_STYLE_ASSIGNMENT (( #4387 ) ) ;
#819 = DIRECTION ( 'NONE',  ( -0.000000000000000000, -1.000000000000000000, -0.000000000000000000 ) ) ;
#820 = ORIENTED_EDGE ( 'NONE', *, *, #3044, .F. ) ;
#821 = DIRECTION ( 'NONE',  ( -0.000000000000000000, 0.000000000000000000, 1.000000000000000000 ) ) ;
#822 = DIRECTION ( 'NONE',  ( 0.000000000000000000, 1.000000000000000000, 0.000000000000000000 ) ) ;
#823 = EDGE_CURVE ( 'NONE', #3838, #1252, #5558, .T. ) ;
#824 = LINE ( 'NONE', #2630, #1908 ) ;
#825 = STYLED_ITEM ( 'NONE', ( #3738 ), #4403 ) ;
#826 = ORIENTED_EDGE ( 'NONE', *, *, #5914, .T. ) ;
#827 = CLOSED_SHELL ( 'NONE', ( #2707, #4293, #4409, #672, #2308, #5225 ) ) ;
#828 = VECTOR ( 'NONE', #4315, 1000.000000000000000 ) ;
#829 = DIRECTION ( 'NONE',  ( 0.000000000000000000, -0.000000000000000000, -1.000000000000000000 ) ) ;
#830 = AXIS2_PLACEMENT_3D ( 'NONE', #5031, #1472, #5472 ) ;
#831 = ORIENTED_EDGE ( 'NONE', *, *, #920, .F. ) ;
#832 = DIRECTION ( 'NONE',  ( -0.000000000000000000, -0.000000000000000000, 1.000000000000000000 ) ) ;
#833 = ORIENTED_EDGE ( 'NONE', *, *, #2562, .F. ) ;
#834 = ORIENTED_EDGE ( 'NONE', *, *, #1153, .T. ) ;
#835 = ORIENTED_EDGE ( 'NONE', *, *, #2014, .T. ) ;
#836 = ORIENTED_EDGE ( 'NONE', *, *, #3683, .T. ) ;
#837 = CARTESIAN_POINT ( 'NONE',  ( 1.499999999999999112, 0.5605551275463986904, 0.5000000000000000000 ) ) ;
#838 = EDGE_CURVE ( 'NONE', #487, #2144, #4082, .T. ) ;
#839 = CARTESIAN_POINT ( 'NONE',  ( -1.199999999999999289, 0.5605551275463986904, 0.09999999999999993616 ) ) ;
#840 = VERTEX_POINT ( 'NONE', #2241 ) ;
#841 = DIRECTION ( 'NONE',  ( -1.000000000000000000, 0.000000000000000000, 0.000000000000000000 ) ) ;
#842 = AXIS2_PLACEMENT_3D ( 'NONE', #1837, #373, #5840 ) ;
#843 = DIRECTION ( 'NONE',  ( 0.000000000000000000, -0.000000000000000000, 1.000000000000000000 ) ) ;
#844 = VECTOR ( 'NONE', #5430, 1000.000000000000000 ) ;
#845 = ORIENTED_EDGE ( 'NONE', *, *, #5885, .T. ) ;
#846 = EDGE_CURVE ( 'NONE', #2826, #6360, #735, .T. ) ;
#847 = ORIENTED_EDGE ( 'NONE', *, *, #5703, .F. ) ;
#848 = ADVANCED_FACE ( 'NONE', ( #1972 ), #1735, .T. ) ;
#849 = CARTESIAN_POINT ( 'NONE',  ( -0.09999999999999928391, 0.2000000000000000111, 1.200000000000000622 ) ) ;
#850 = CARTESIAN_POINT ( 'NONE',  ( 0.9000000000000003553, 0.5605551275463992456, 1.199999999999999956 ) ) ;
#851 = AXIS2_PLACEMENT_3D ( 'NONE', #3424, #1831, #5324 ) ;
#852 = LINE ( 'NONE', #2199, #5981 ) ;
#853 = ORIENTED_EDGE ( 'NONE', *, *, #1256, .T. ) ;
#854 = CARTESIAN_POINT ( 'NONE',  ( 3.903127820947833317E-15, 0.05000000000000000278, 1.200000000000002842 ) ) ;
#855 = SURFACE_SIDE_STYLE ('',( #895 ) ) ;
#856 = DIRECTION ( 'NONE',  ( -0.000000000000000000, 0.000000000000000000, -1.000000000000000000 ) ) ;
#857 = VECTOR ( 'NONE', #6314, 1000.000000000000000 ) ;
#858 = VECTOR ( 'NONE', #5613, 1000.000000000000000 ) ;
#859 = ORIENTED_EDGE ( 'NONE', *, *, #4800, .F. ) ;
#860 = DIRECTION ( 'NONE',  ( 0.000000000000000000, -1.000000000000000000, 0.000000000000000000 ) ) ;
#861 = LINE ( 'NONE', #2372, #5778 ) ;
#862 = DIRECTION ( 'NONE',  ( -1.000000000000000000, 0.000000000000000000, -0.000000000000000000 ) ) ;
#863 = VECTOR ( 'NONE', #1354, 1000.000000000000000 ) ;
#865 = CARTESIAN_POINT ( 'NONE',  ( 0.9000000000000000222, 0.000000000000000000, -1.199999999999999956 ) ) ;
#864 = DIRECTION ( 'NONE',  ( 1.000000000000000000, 0.000000000000000000, -0.000000000000000000 ) ) ;
#866 = VECTOR ( 'NONE', #3830, 1000.000000000000000 ) ;
#867 = ORIENTED_EDGE ( 'NONE', *, *, #2845, .F. ) ;
#868 = VECTOR ( 'NONE', #2685, 1000.000000000000000 ) ;
#869 = LINE ( 'NONE', #2782, #4928 ) ;
#870 = VECTOR ( 'NONE', #3242, 1000.000000000000000 ) ;
#871 = ORIENTED_EDGE ( 'NONE', *, *, #4071, .F. ) ;
#872 = CARTESIAN_POINT ( 'NONE',  ( -0.09999999999999971412, 0.5605551275463992456, -1.200000000000000178 ) ) ;
#873 = DIRECTION ( 'NONE',  ( 1.000000000000000000, -0.000000000000000000, 1.445602896647339656E-16 ) ) ;
#874 = LINE ( 'NONE', #3616, #1722 ) ;
#875 = ORIENTED_EDGE ( 'NONE', *, *, #2903, .T. ) ;
#876 = EDGE_CURVE ( 'NONE', #5555, #439, #2509, .T. ) ;
#877 = CARTESIAN_POINT ( 'NONE',  ( -1.499999999999998668, 0.05000000000000000278, 1.499999999999999556 ) ) ;
#878 = DIRECTION ( 'NONE',  ( -1.000000000000000000, 0.000000000000000000, -2.282530889443167022E-16 ) ) ;
#879 = VECTOR ( 'NONE', #4874, 1000.000000000000000 ) ;
#880 = CARTESIAN_POINT ( 'NONE',  ( 0.9000000000000000222, 0.000000000000000000, -1.199999999999999956 ) ) ;
#881 = ADVANCED_FACE ( 'NONE', ( #5727 ), #6254, .F. ) ;
#882 = EDGE_LOOP ( 'NONE', ( #1488, #6054, #3402, #3288 ) ) ;
#883 = CARTESIAN_POINT ( 'NONE',  ( 0.000000000000000000, 0.000000000000000000, 0.8000000000000000444 ) ) ;
#884 = DIRECTION ( 'NONE',  ( 0.000000000000000000, -1.000000000000000000, 0.000000000000000000 ) ) ;
#885 = EDGE_CURVE ( 'NONE', #2520, #1968, #2042, .T. ) ;
#886 = CARTESIAN_POINT ( 'NONE',  ( 1.500000000000000444, 0.05000000000000000278, 1.500000000000000000 ) ) ;
#887 = LINE ( 'NONE', #1551, #643 ) ;
#888 = ORIENTED_EDGE ( 'NONE', *, *, #2595, .T. ) ;
#889 = CARTESIAN_POINT ( 'NONE',  ( -0.4999999999999997780, 0.2000000000000000111, -1.200000000000000178 ) ) ;
#890 = CARTESIAN_POINT ( 'NONE',  ( -1.199999999999999289, 0.5605551275463986904, -0.09999999999999971412 ) ) ;
#891 = VECTOR ( 'NONE', #3699, 1000.000000000000000 ) ;
#892 = EDGE_LOOP ( 'NONE', ( #5963, #604, #871, #2862 ) ) ;
#893 = CARTESIAN_POINT ( 'NONE',  ( -1.499999999999999112, 0.5605551275463986904, -0.4999999999999997780 ) ) ;
#894 = AXIS2_PLACEMENT_3D ( 'NONE', #4065, #3577, #4083 ) ;
#895 = SURFACE_STYLE_FILL_AREA ( #1429 ) ;
#896 = ORIENTED_EDGE ( 'NONE', *, *, #4893, .F. ) ;
#897 = DIRECTION ( 'NONE',  ( 0.000000000000000000, 0.000000000000000000, -1.000000000000000000 ) ) ;
#898 = CARTESIAN_POINT ( 'NONE',  ( 1.199999999999999289, 0.1999999999999999833, -0.8999999999999998002 ) ) ;
#899 = VECTOR ( 'NONE', #3315, 1000.000000000000000 ) ;
#900 = EDGE_CURVE ( 'NONE', #2924, #4728, #355, .T. ) ;
#902 = DIRECTION ( 'NONE',  ( 0.000000000000000000, -0.000000000000000000, -1.000000000000000000 ) ) ;
#901 = CARTESIAN_POINT ( 'NONE',  ( 0.9500000000000000666, 0.05000000000000000278, 0.000000000000000000 ) ) ;
#903 = VERTEX_POINT ( 'NONE', #2378 ) ;
#904 = ORIENTED_EDGE ( 'NONE', *, *, #4172, .F. ) ;
#905 = EDGE_CURVE ( 'NONE', #4729, #2511, #495, .T. ) ;
#906 = ORIENTED_EDGE ( 'NONE', *, *, #1816, .F. ) ;
#907 = VERTEX_POINT ( 'NONE', #6078 ) ;
#908 = DIRECTION ( 'NONE',  ( 1.000000000000000000, -0.000000000000000000, -0.000000000000000000 ) ) ;
#909 = EDGE_LOOP ( 'NONE', ( #1063, #4852, #2496, #1777 ) ) ;
#910 = ADVANCED_FACE ( 'NONE', ( #6335 ), #4554, .F. ) ;
#911 = EDGE_LOOP ( 'NONE', ( #521, #4497, #5967, #5017 ) ) ;
#912 = EDGE_CURVE ( 'NONE', #5253, #2704, #1820, .T. ) ;
#913 = VERTEX_POINT ( 'NONE', #5856 ) ;
#914 = VERTEX_POINT ( 'NONE', #946 ) ;
#915 = DIRECTION ( 'NONE',  ( -0.000000000000000000, -1.000000000000000000, -0.000000000000000000 ) ) ;
#916 = VERTEX_POINT ( 'NONE', #5933 ) ;
#917 = AXIS2_PLACEMENT_3D ( 'NONE', #4995, #2997, #4971 ) ;
#918 = DIRECTION ( 'NONE',  ( 1.000000000000000000, 0.000000000000000000, 0.000000000000000000 ) ) ;
#919 = ORIENTED_EDGE ( 'NONE', *, *, #2763, .T. ) ;
#920 = EDGE_CURVE ( 'NONE', #3965, #3534, #4164, .T. ) ;
#921 = LINE ( 'NONE', #961, #2798 ) ;
#922 = VERTEX_POINT ( 'NONE', #2940 ) ;
#924 = DIRECTION ( 'NONE',  ( 0.000000000000000000, -1.000000000000000000, 0.000000000000000000 ) ) ;
#923 = CARTESIAN_POINT ( 'NONE',  ( -0.09999999999999928391, 0.1999999999999999833, 1.200000000000000622 ) ) ;
#925 = DIRECTION ( 'NONE',  ( 0.000000000000000000, 0.000000000000000000, 1.000000000000000000 ) ) ;
#926 = ORIENTED_EDGE ( 'NONE', *, *, #4490, .T. ) ;
#927 = FACE_OUTER_BOUND ( 'NONE', #6434, .T. ) ;
#928 = CARTESIAN_POINT ( 'NONE',  ( 1.199999999999999289, 0.1999999999999999833, 0.09999999999999993616 ) ) ;
#929 = LINE ( 'NONE', #2918, #6310 ) ;
#930 = VERTEX_POINT ( 'NONE', #1394 ) ;
#931 = EDGE_CURVE ( 'NONE', #1749, #4727, #3941, .T. ) ;
#932 = PLANE ( 'NONE',  #4184 ) ;
#933 = LINE ( 'NONE', #2759, #3272 ) ;
#934 = CARTESIAN_POINT ( 'NONE',  ( 0.9000000000000003553, 0.04999999999999999584, 1.199999999999999956 ) ) ;
#935 = LINE ( 'NONE', #275, #2403 ) ;
#936 =( NAMED_UNIT ( * ) SI_UNIT ( $, .STERADIAN. ) SOLID_ANGLE_UNIT ( ) );
#937 = VECTOR ( 'NONE', #3626, 1000.000000000000000 ) ;
#938 = ORIENTED_EDGE ( 'NONE', *, *, #2160, .F. ) ;
#939 = VECTOR ( 'NONE', #1613, 1000.000000000000000 ) ;
#940 = LINE ( 'NONE', #4555, #5926 ) ;
#941 = LINE ( 'NONE', #6366, #5616 ) ;
#942 = PLANE ( 'NONE',  #5044 ) ;
#943 = ORIENTED_EDGE ( 'NONE', *, *, #1514, .T. ) ;
#944 = ADVANCED_FACE ( 'NONE', ( #1036 ), #2904, .F. ) ;
#945 = EDGE_CURVE ( 'NONE', #4867, #3243, #4943, .T. ) ;
#946 = CARTESIAN_POINT ( 'NONE',  ( 0.7000000000000007327, 0.1999999999999999833, 1.500000000000000444 ) ) ;
#947 = CARTESIAN_POINT ( 'NONE',  ( 0.9500000000000000666, 2.887005768508881243, -0.9499999999999998446 ) ) ;
#948 = LINE ( 'NONE', #2893, #3438 ) ;
#949 = ORIENTED_EDGE ( 'NONE', *, *, #4141, .F. ) ;
#950 = CARTESIAN_POINT ( 'NONE',  ( 1.499999999999999112, 0.000000000000000000, -0.8999999999999998002 ) ) ;
#951 = CARTESIAN_POINT ( 'NONE',  ( -1.199999999999999289, 0.05000000000000000278, 0.000000000000000000 ) ) ;
#952 = VECTOR ( 'NONE', #181, 1000.000000000000000 ) ;
#953 = LINE ( 'NONE', #4086, #4389 ) ;
#954 = PRESENTATION_LAYER_ASSIGNMENT (  '', '', ( #2977 ) ) ;
#955 = ORIENTED_EDGE ( 'NONE', *, *, #1996, .T. ) ;
#956 = CARTESIAN_POINT ( 'NONE',  ( 0.9500000000000000666, 0.000000000000000000, -0.9499999999999998446 ) ) ;
#957 = VECTOR ( 'NONE', #4740, 1000.000000000000000 ) ;
#958 = EDGE_CURVE ( 'NONE', #4021, #4657, #4627, .T. ) ;
#959 = ORIENTED_EDGE ( 'NONE', *, *, #6166, .F. ) ;
#960 = CARTESIAN_POINT ( 'NONE',  ( -1.199999999999999289, 0.1999999999999999833, 0.5000000000000000000 ) ) ;
#961 = CARTESIAN_POINT ( 'NONE',  ( -1.199999999999999289, 0.5605551275463986904, -0.4999999999999997780 ) ) ;
#962 = CARTESIAN_POINT ( 'NONE',  ( -0.6999999999999996225, 0.5605551275463992456, 1.199999999999999956 ) ) ;
#963 = VECTOR ( 'NONE', #2497, 1000.000000000000000 ) ;
#964 = ORIENTED_EDGE ( 'NONE', *, *, #4880, .F. ) ;
#965 = UNCERTAINTY_MEASURE_WITH_UNIT (LENGTH_MEASURE( 1.000000000000000082E-05 ), #2090, 'distance_accuracy_value', 'NONE');
#966 = EDGE_CURVE ( 'NONE', #5360, #4398, #6413, .T. ) ;
#967 = CARTESIAN_POINT ( 'NONE',  ( 0.5000000000000000000, 0.1999999999999999833, -1.500000000000000000 ) ) ;
#968 = LINE ( 'NONE', #4762, #6103 ) ;
#969 = PLANE ( 'NONE',  #3390 ) ;
#970 = ORIENTED_EDGE ( 'NONE', *, *, #3260, .F. ) ;
#971 = DIRECTION ( 'NONE',  ( 0.000000000000000000, -1.000000000000000000, 0.000000000000000000 ) ) ;
#972 = ADVANCED_FACE ( 'NONE', ( #4865 ), #6344, .F. ) ;
#973 = DIRECTION ( 'NONE',  ( 0.000000000000000000, 0.000000000000000000, 1.000000000000000000 ) ) ;
#974 = EDGE_LOOP ( 'NONE', ( #1926, #980, #5491, #4027 ) ) ;
#975 = DIRECTION ( 'NONE',  ( 0.000000000000000000, 1.000000000000000000, 0.000000000000000000 ) ) ;
#976 = ORIENTED_EDGE ( 'NONE', *, *, #6264, .F. ) ;
#977 = DIRECTION ( 'NONE',  ( 1.000000000000000000, -0.000000000000000000, 1.084202172485506406E-15 ) ) ;
#978 = VERTEX_POINT ( 'NONE', #2883 ) ;
#979 = DIRECTION ( 'NONE',  ( -1.000000000000000000, 0.000000000000000000, -0.000000000000000000 ) ) ;
#980 = ORIENTED_EDGE ( 'NONE', *, *, #5172, .T. ) ;
#981 = ORIENTED_EDGE ( 'NONE', *, *, #3401, .F. ) ;
#982 = VERTEX_POINT ( 'NONE', #442 ) ;
#983 = ORIENTED_EDGE ( 'NONE', *, *, #1580, .T. ) ;
#984 = DIRECTION ( 'NONE',  ( -1.000000000000000000, 0.000000000000000000, -0.000000000000000000 ) ) ;
#985 = ORIENTED_EDGE ( 'NONE', *, *, #6445, .T. ) ;
#986 = AXIS2_PLACEMENT_3D ( 'NONE', #4405, #3894, #359 ) ;
#987 = ORIENTED_EDGE ( 'NONE', *, *, #793, .T. ) ;
#988 = DIRECTION ( 'NONE',  ( 3.252606517456519218E-15, -0.000000000000000000, 1.000000000000000000 ) ) ;
#989 = DIRECTION ( 'NONE',  ( -0.000000000000000000, -0.000000000000000000, -1.000000000000000000 ) ) ;
#990 = VECTOR ( 'NONE', #3566, 1000.000000000000000 ) ;
#991 = EDGE_CURVE ( 'NONE', #3074, #2561, #3528, .T. ) ;
#992 = SURFACE_SIDE_STYLE ('',( #602 ) ) ;
#993 = ORIENTED_EDGE ( 'NONE', *, *, #6177, .F. ) ;
#994 = STYLED_ITEM ( 'NONE', ( #5697 ), #2107 ) ;
#995 = ORIENTED_EDGE ( 'NONE', *, *, #1774, .T. ) ;
#996 = LINE ( 'NONE', #6077, #4126 ) ;
#997 = ORIENTED_EDGE ( 'NONE', *, *, #208, .T. ) ;
#998 =( NAMED_UNIT ( * ) SI_UNIT ( $, .STERADIAN. ) SOLID_ANGLE_UNIT ( ) );
#999 = SURFACE_SIDE_STYLE ('',( #609 ) ) ;
#1000 = EDGE_CURVE ( 'NONE', #6227, #792, #3304, .T. ) ;
#1001 = ADVANCED_FACE ( 'NONE', ( #27 ), #5386, .F. ) ;
#1002 = VECTOR ( 'NONE', #1014, 1000.000000000000000 ) ;
#1003 = CARTESIAN_POINT ( 'NONE',  ( 1.199999999999999289, 0.5605551275463986904, 0.9000000000000000222 ) ) ;
#1004 = AXIS2_PLACEMENT_3D ( 'NONE', #3640, #5682, #5709 ) ;
#1005 = CARTESIAN_POINT ( 'NONE',  ( 0.1000000000000004774, 0.1999999999999996503, 1.499999999999999778 ) ) ;
#1006 = LINE ( 'NONE', #5525, #1480 ) ;
#1007 = ORIENTED_EDGE ( 'NONE', *, *, #3157, .F. ) ;
#1008 = VECTOR ( 'NONE', #1269, 1000.000000000000000 ) ;
#1009 = VECTOR ( 'NONE', #5940, 1000.000000000000000 ) ;
#1010 = VECTOR ( 'NONE', #5699, 1000.000000000000000 ) ;
#1011 = DIRECTION ( 'NONE',  ( -0.000000000000000000, -1.000000000000000000, -0.000000000000000000 ) ) ;
#1012 = ORIENTED_EDGE ( 'NONE', *, *, #712, .F. ) ;
#1013 = PLANE ( 'NONE',  #6179 ) ;
#1014 = DIRECTION ( 'NONE',  ( 0.000000000000000000, 0.000000000000000000, -1.000000000000000000 ) ) ;
#1015 = AXIS2_PLACEMENT_3D ( 'NONE', #6099, #5648, #6145 ) ;
#1016 = ORIENTED_EDGE ( 'NONE', *, *, #3414, .F. ) ;
#1017 = VECTOR ( 'NONE', #6290, 1000.000000000000000 ) ;
#1018 = SURFACE_STYLE_FILL_AREA ( #5272 ) ;
#1019 = VECTOR ( 'NONE', #2791, 1000.000000000000000 ) ;
#1020 = VERTEX_POINT ( 'NONE', #2373 ) ;
#1021 = DIRECTION ( 'NONE',  ( -0.000000000000000000, 0.000000000000000000, -1.000000000000000000 ) ) ;
#1022 = LINE ( 'NONE', #4820, #3992 ) ;
#1023 = EDGE_CURVE ( 'NONE', #3243, #3727, #3695, .T. ) ;
#1024 = PLANE ( 'NONE',  #2000 ) ;
#1025 = DIRECTION ( 'NONE',  ( 0.000000000000000000, -1.000000000000000000, 0.000000000000000000 ) ) ;
#1026 = FACE_OUTER_BOUND ( 'NONE', #5668, .T. ) ;
#1027 = EDGE_LOOP ( 'NONE', ( #1971, #5297, #5129, #2792 ) ) ;
#1028 = EDGE_CURVE ( 'NONE', #504, #1838, #5876, .T. ) ;
#1029 = DIRECTION ( 'NONE',  ( -1.000000000000000000, 0.000000000000000000, 3.252606517456519613E-15 ) ) ;
#1030 = VECTOR ( 'NONE', #1049, 1000.000000000000000 ) ;
#1031 = ORIENTED_EDGE ( 'NONE', *, *, #4634, .T. ) ;
#1032 = DIRECTION ( 'NONE',  ( 0.000000000000000000, -0.000000000000000000, 1.000000000000000000 ) ) ;
#1033 = AXIS2_PLACEMENT_3D ( 'NONE', #1597, #3037, #5126 ) ;
#1034 = ADVANCED_FACE ( 'NONE', ( #5167 ), #2001, .F. ) ;
#1035 = DIRECTION ( 'NONE',  ( -1.000000000000000000, 0.000000000000000000, -2.282530889443167022E-16 ) ) ;
#1036 = FACE_OUTER_BOUND ( 'NONE', #2352, .T. ) ;
#1037 =( NAMED_UNIT ( * ) SI_UNIT ( $, .STERADIAN. ) SOLID_ANGLE_UNIT ( ) );
#1038 = ORIENTED_EDGE ( 'NONE', *, *, #3284, .F. ) ;
#1039 = EDGE_CURVE ( 'NONE', #4278, #6143, #2357, .T. ) ;
#1040 = VECTOR ( 'NONE', #1135, 1000.000000000000000 ) ;
#1041 = VERTEX_POINT ( 'NONE', #2040 ) ;
#1042 = AXIS2_PLACEMENT_3D ( 'NONE', #317, #2755, #796 ) ;
#1043 = CARTESIAN_POINT ( 'NONE',  ( 0.5000000000000004441, 0.2000000000000000111, 1.199999999999999956 ) ) ;
#1044 = VECTOR ( 'NONE', #4739, 1000.000000000000000 ) ;
#1045 = PLANE ( 'NONE',  #1069 ) ;
#1046 = EDGE_CURVE ( 'NONE', #5900, #3386, #1815, .T. ) ;
#1047 = ORIENTED_EDGE ( 'NONE', *, *, #958, .T. ) ;
#1048 = ORIENTED_EDGE ( 'NONE', *, *, #2562, .T. ) ;
#1049 = DIRECTION ( 'NONE',  ( -0.000000000000000000, -1.000000000000000000, -0.000000000000000000 ) ) ;
#1050 = DIRECTION ( 'NONE',  ( 1.000000000000000000, 0.000000000000000000, -0.000000000000000000 ) ) ;
#1051 = CARTESIAN_POINT ( 'NONE',  ( 0.000000000000000000, 0.05000000000000000278, -0.3000000000000000999 ) ) ;
#1052 = VERTEX_POINT ( 'NONE', #5489 ) ;
#1053 = ORIENTED_EDGE ( 'NONE', *, *, #5429, .F. ) ;
#1054 = VERTEX_POINT ( 'NONE', #4019 ) ;
#1055 = ORIENTED_EDGE ( 'NONE', *, *, #1489, .F. ) ;
#1056 = ORIENTED_EDGE ( 'NONE', *, *, #169, .F. ) ;
#1057 = EDGE_CURVE ( 'NONE', #5175, #3408, #6098, .T. ) ;
#1058 = EDGE_LOOP ( 'NONE', ( #5969, #5313, #5187, #3561 ) ) ;
#1059 = VERTEX_POINT ( 'NONE', #1005 ) ;
#1060 = DIRECTION ( 'NONE',  ( 1.000000000000000000, -0.000000000000000000, 0.000000000000000000 ) ) ;
#1061 = VERTEX_POINT ( 'NONE', #502 ) ;
#1062 = CARTESIAN_POINT ( 'NONE',  ( -1.199999999999999289, 0.1999999999999999833, 0.5000000000000000000 ) ) ;
#1063 = ORIENTED_EDGE ( 'NONE', *, *, #1547, .F. ) ;
#1064 = ADVANCED_FACE ( 'NONE', ( #3373 ), #461, .T. ) ;
#1065 = ORIENTED_EDGE ( 'NONE', *, *, #2919, .T. ) ;
#1066 = CARTESIAN_POINT ( 'NONE',  ( -1.499999999999999112, 0.5605551275463986904, 0.9000000000000000222 ) ) ;
#1067 = DIRECTION ( 'NONE',  ( 0.000000000000000000, -1.000000000000000000, 0.000000000000000000 ) ) ;
#1068 = COLOUR_RGB ( '',0.7921568627450980005, 0.8196078431372548767, 0.9333333333333333481 ) ;
#1069 = AXIS2_PLACEMENT_3D ( 'NONE', #6009, #3571, #5529 ) ;
#1070 = VECTOR ( 'NONE', #2930, 1000.000000000000000 ) ;
#1071 = FACE_OUTER_BOUND ( 'NONE', #5750, .T. ) ;
#1072 = DIRECTION ( 'NONE',  ( 0.000000000000000000, 0.000000000000000000, 1.000000000000000000 ) ) ;
#1073 = ORIENTED_EDGE ( 'NONE', *, *, #3705, .F. ) ;
#1074 = CARTESIAN_POINT ( 'NONE',  ( -1.499999999999999112, 0.1999999999999999833, 0.5000000000000000000 ) ) ;
#1075 = CARTESIAN_POINT ( 'NONE',  ( 0.000000000000000000, 0.2000000000000000111, 0.000000000000000000 ) ) ;
#1076 = CARTESIAN_POINT ( 'NONE',  ( 1.199999999999999289, 0.000000000000000000, -0.09999999999999971412 ) ) ;
#1077 = EDGE_CURVE ( 'NONE', #4563, #3111, #2504, .T. ) ;
#1078 = ORIENTED_EDGE ( 'NONE', *, *, #3569, .F. ) ;
#1079 = LINE ( 'NONE', #6414, #4672 ) ;
#1080 = LINE ( 'NONE', #2676, #2325 ) ;
#1081 = ORIENTED_EDGE ( 'NONE', *, *, #720, .T. ) ;
#1082 = AXIS2_PLACEMENT_3D ( 'NONE', #4015, #4035, #6043 ) ;
#1083 = LINE ( 'NONE', #742, #5367 ) ;
#1084 = VECTOR ( 'NONE', #4336, 1000.000000000000000 ) ;
#1085 = CARTESIAN_POINT ( 'NONE',  ( 2.168404344971008868E-16, 0.05000000000000000278, -0.9500000000000000666 ) ) ;
#1086 = VECTOR ( 'NONE', #1893, 1000.000000000000000 ) ;
#1087 = ORIENTED_EDGE ( 'NONE', *, *, #694, .T. ) ;
#1088 = EDGE_CURVE ( 'NONE', #4872, #2097, #5084, .T. ) ;
#1089 = DIRECTION ( 'NONE',  ( -0.000000000000000000, 0.000000000000000000, -1.000000000000000000 ) ) ;
#1090 = LINE ( 'NONE', #6282, #5991 ) ;
#1091 = CARTESIAN_POINT ( 'NONE',  ( 1.199999999999999289, 0.000000000000000000, 0.09999999999999993616 ) ) ;
#1092 = AXIS2_PLACEMENT_3D ( 'NONE', #766, #4759, #829 ) ;
#1093 = CARTESIAN_POINT ( 'NONE',  ( 1.199999999999999289, 0.1999999999999999833, -0.4999999999999997780 ) ) ;
#1094 = FACE_OUTER_BOUND ( 'NONE', #4235, .T. ) ;
#1095 = COLOUR_RGB ( '',0.7921568627450980005, 0.8196078431372548767, 0.9333333333333333481 ) ;
#1096 = VERTEX_POINT ( 'NONE', #3976 ) ;
#1097 = DIRECTION ( 'NONE',  ( -1.000000000000000000, 0.000000000000000000, 2.168404344971012812E-15 ) ) ;
#1098 = LINE ( 'NONE', #1778, #2345 ) ;
#1099 = DIRECTION ( 'NONE',  ( 0.000000000000000000, 1.000000000000000000, 0.000000000000000000 ) ) ;
#1100 = ADVANCED_FACE ( 'NONE', ( #2584 ), #3513, .T. ) ;
#1101 = LINE ( 'NONE', #4091, #5452 ) ;
#1102 = SURFACE_STYLE_USAGE ( .BOTH. , #1520 ) ;
#1103 = ORIENTED_EDGE ( 'NONE', *, *, #4436, .T. ) ;
#1104 = FACE_OUTER_BOUND ( 'NONE', #5400, .T. ) ;
#1105 = VECTOR ( 'NONE', #2480, 1000.000000000000000 ) ;
#1106 = ORIENTED_EDGE ( 'NONE', *, *, #1901, .T. ) ;
#1107 = CARTESIAN_POINT ( 'NONE',  ( 0.000000000000000000, 0.000000000000000000, 0.000000000000000000 ) ) ;
#1108 = EDGE_CURVE ( 'NONE', #1806, #457, #887, .T. ) ;
#1109 = PLANE ( 'NONE',  #3943 ) ;
#1110 = LINE ( 'NONE', #6213, #6093 ) ;
#1111 = CARTESIAN_POINT ( 'NONE',  ( 1.199999999999999289, 0.5605551275463986904, -0.8999999999999998002 ) ) ;
#1112 = EDGE_CURVE ( 'NONE', #2511, #5893, #6014, .T. ) ;
#1113 = EDGE_LOOP ( 'NONE', ( #1292, #4342, #1988, #2785 ) ) ;
#1114 = FILL_AREA_STYLE_COLOUR ( '', #3623 ) ;
#1115 = DIRECTION ( 'NONE',  ( -1.000000000000000000, 0.000000000000000000, -0.000000000000000000 ) ) ;
#1116 = DIRECTION ( 'NONE',  ( -1.000000000000000000, 0.000000000000000000, 0.000000000000000000 ) ) ;
#1117 = LINE ( 'NONE', #2474, #6265 ) ;
#1118 = EDGE_CURVE ( 'NONE', #4108, #6442, #4797, .T. ) ;
#1119 = ORIENTED_EDGE ( 'NONE', *, *, #503, .T. ) ;
#1120 = DIRECTION ( 'NONE',  ( 0.000000000000000000, 0.000000000000000000, -1.000000000000000000 ) ) ;
#1121 = CARTESIAN_POINT ( 'NONE',  ( 0.5000000000000000000, 0.2000000000000000111, -1.500000000000000000 ) ) ;
#1122 = AXIS2_PLACEMENT_3D ( 'NONE', #883, #4367, #3791 ) ;
#1123 = DIRECTION ( 'NONE',  ( -1.000000000000000000, -0.000000000000000000, -0.000000000000000000 ) ) ;
#1124 = CARTESIAN_POINT ( 'NONE',  ( 1.600000000000000089, 0.000000000000000000, 0.000000000000000000 ) ) ;
#1125 = VECTOR ( 'NONE', #1807, 1000.000000000000000 ) ;
#1126 = ORIENTED_EDGE ( 'NONE', *, *, #2201, .T. ) ;
#1127 = EDGE_CURVE ( 'NONE', #1287, #4528, #1117, .T. ) ;
#1128 = FACE_OUTER_BOUND ( 'NONE', #5763, .T. ) ;
#1129 = STYLED_ITEM ( 'NONE', ( #5437 ), #3687 ) ;
#1130 = DIRECTION ( 'NONE',  ( 0.000000000000000000, 0.000000000000000000, 1.000000000000000000 ) ) ;
#1131 = CARTESIAN_POINT ( 'NONE',  ( 1.199999999999999289, 0.000000000000000000, -0.7000000000000000666 ) ) ;
#1132 = ORIENTED_EDGE ( 'NONE', *, *, #3770, .T. ) ;
#1133 = DIRECTION ( 'NONE',  ( 0.000000000000000000, 1.000000000000000000, 0.000000000000000000 ) ) ;
#1134 = ADVANCED_FACE ( 'NONE', ( #3609 ), #2976, .T. ) ;
#1135 = DIRECTION ( 'NONE',  ( -0.000000000000000000, -1.000000000000000000, -0.000000000000000000 ) ) ;
#1136 = ORIENTED_EDGE ( 'NONE', *, *, #1376, .F. ) ;
#1137 = SURFACE_STYLE_USAGE ( .BOTH. , #1693 ) ;
#1138 = CARTESIAN_POINT ( 'NONE',  ( 0.5000000000000000000, 0.1999999999999999833, -1.199999999999999956 ) ) ;
#1139 = ORIENTED_EDGE ( 'NONE', *, *, #2982, .F. ) ;
#1140 = ORIENTED_EDGE ( 'NONE', *, *, #2358, .F. ) ;
#1141 =( GEOMETRIC_REPRESENTATION_CONTEXT ( 3 ) GLOBAL_UNCERTAINTY_ASSIGNED_CONTEXT ( ( #1413 ) ) GLOBAL_UNIT_ASSIGNED_CONTEXT ( ( #4025, #2969, #1037 ) ) REPRESENTATION_CONTEXT ( 'NONE', 'WORKASPACE' ) );
#1142 = ORIENTED_EDGE ( 'NONE', *, *, #2322, .F. ) ;
#1143 = ORIENTED_EDGE ( 'NONE', *, *, #6022, .F. ) ;
#1144 = CARTESIAN_POINT ( 'NONE',  ( -1.199999999999999289, 0.1999999999999999833, 0.7000000000000002887 ) ) ;
#1145 = PLANE ( 'NONE',  #5480 ) ;
#1146 = CARTESIAN_POINT ( 'NONE',  ( 0.000000000000000000, 0.05000000000000000278, -0.09999999999999971412 ) ) ;
#1147 = EDGE_LOOP ( 'NONE', ( #4020, #5923, #5145, #4240 ) ) ;
#1148 = DIRECTION ( 'NONE',  ( 1.000000000000000000, -0.000000000000000000, 0.000000000000000000 ) ) ;
#1149 = CARTESIAN_POINT ( 'NONE',  ( 1.199999999999999289, 0.000000000000000000, 0.9000000000000000222 ) ) ;
#1150 = ORIENTED_EDGE ( 'NONE', *, *, #6177, .T. ) ;
#1151 = EDGE_CURVE ( 'NONE', #840, #807, #2116, .T. ) ;
#1152 = VECTOR ( 'NONE', #3822, 1000.000000000000000 ) ;
#1153 = EDGE_CURVE ( 'NONE', #3008, #6360, #2669, .T. ) ;
#1154 = LINE ( 'NONE', #5485, #6224 ) ;
#1155 = CARTESIAN_POINT ( 'NONE',  ( 0.000000000000000000, 0.2000000000000000111, 0.000000000000000000 ) ) ;
#1156 = ORIENTED_EDGE ( 'NONE', *, *, #5961, .T. ) ;
#1157 = CARTESIAN_POINT ( 'NONE',  ( 0.5000000000000004441, 0.1999999999999999833, 1.500000000000000000 ) ) ;
#1158 = DIRECTION ( 'NONE',  ( 0.000000000000000000, -0.000000000000000000, 1.000000000000000000 ) ) ;
#1159 = DIRECTION ( 'NONE',  ( 0.000000000000000000, 0.000000000000000000, 1.000000000000000000 ) ) ;
#1160 = CARTESIAN_POINT ( 'NONE',  ( 1.499999999999999112, 0.000000000000000000, -0.3000000000000000999 ) ) ;
#1161 = CARTESIAN_POINT ( 'NONE',  ( -1.199999999999999289, 0.1999999999999999833, -0.7000000000000000666 ) ) ;
#1162 = VECTOR ( 'NONE', #4176, 1000.000000000000000 ) ;
#1163 = ORIENTED_EDGE ( 'NONE', *, *, #3414, .T. ) ;
#1164 = LINE ( 'NONE', #4913, #5370 ) ;
#1165 = CARTESIAN_POINT ( 'NONE',  ( -1.199999999999999289, 0.5605551275463986904, -0.3000000000000000999 ) ) ;
#1166 = LINE ( 'NONE', #4933, #5051 ) ;
#1167 = UNCERTAINTY_MEASURE_WITH_UNIT (LENGTH_MEASURE( 1.000000000000000082E-05 ), #5560, 'distance_accuracy_value', 'NONE');
#1168 = ORIENTED_EDGE ( 'NONE', *, *, #5024, .F. ) ;
#1169 = ADVANCED_FACE ( 'NONE', ( #1365 ), #5117, .T. ) ;
#1170 = DIRECTION ( 'NONE',  ( 0.000000000000000000, -1.000000000000000000, 0.000000000000000000 ) ) ;
#1171 = EDGE_CURVE ( 'NONE', #2764, #3252, #1970, .T. ) ;
#1172 = CARTESIAN_POINT ( 'NONE',  ( 0.9500000000000000666, 0.2000000000000000944, 0.9500000000000005107 ) ) ;
#1173 = FACE_OUTER_BOUND ( 'NONE', #582, .T. ) ;
#1174 = VECTOR ( 'NONE', #4605, 1000.000000000000000 ) ;
#1175 = DIRECTION ( 'NONE',  ( 1.000000000000000000, -0.000000000000000000, -2.168404344971012812E-15 ) ) ;
#1176 = FACE_OUTER_BOUND ( 'NONE', #3926, .T. ) ;
#1177 = ORIENTED_EDGE ( 'NONE', *, *, #5502, .F. ) ;
#1178 = ADVANCED_FACE ( 'NONE', ( #3454 ), #2100, .F. ) ;
#1179 = ORIENTED_EDGE ( 'NONE', *, *, #5748, .T. ) ;
#1180 = FACE_OUTER_BOUND ( 'NONE', #3898, .T. ) ;
#1181 = CARTESIAN_POINT ( 'NONE',  ( -1.199999999999999289, 0.1999999999999999833, 0.7000000000000002887 ) ) ;
#1182 = VECTOR ( 'NONE', #977, 1000.000000000000000 ) ;
#1183 = EDGE_CURVE ( 'NONE', #5125, #204, #729, .T. ) ;
#1184 = CARTESIAN_POINT ( 'NONE',  ( 0.7000000000000007327, 0.1999999999999999833, 1.200000000000000622 ) ) ;
#1185 = VECTOR ( 'NONE', #806, 1000.000000000000000 ) ;
#1186 = EDGE_LOOP ( 'NONE', ( #5733, #5199, #2151, #3088 ) ) ;
#1187 = CARTESIAN_POINT ( 'NONE',  ( -1.499999999999999112, 0.5605551275463986904, 0.3000000000000003775 ) ) ;
#1188 = CARTESIAN_POINT ( 'NONE',  ( 0.3000000000000003775, 0.1999999999999999833, -1.200000000000000178 ) ) ;
#1189 = CARTESIAN_POINT ( 'NONE',  ( 0.7000000000000002887, 0.2000000000000000111, -1.200000000000000178 ) ) ;
#1190 = FACE_OUTER_BOUND ( 'NONE', #5768, .T. ) ;
#1191 = LINE ( 'NONE', #733, #4238 ) ;
#1192 = CARTESIAN_POINT ( 'NONE',  ( 0.9500000000000000666, 0.2000000000000000944, 0.9500000000000005107 ) ) ;
#1193 = ORIENTED_EDGE ( 'NONE', *, *, #4541, .F. ) ;
#1194 = DIRECTION ( 'NONE',  ( 0.000000000000000000, -1.000000000000000000, 0.000000000000000000 ) ) ;
#1195 = DIRECTION ( 'NONE',  ( 0.000000000000000000, 0.000000000000000000, 1.000000000000000000 ) ) ;
#1196 = DIRECTION ( 'NONE',  ( 1.000000000000000000, -0.000000000000000000, -2.168404344971012812E-15 ) ) ;
#1197 = LINE ( 'NONE', #5059, #3690 ) ;
#1198 = VERTEX_POINT ( 'NONE', #5093 ) ;
#1199 = PLANE ( 'NONE',  #1848 ) ;
#1200 = VECTOR ( 'NONE', #543, 1000.000000000000000 ) ;
#1201 = ORIENTED_EDGE ( 'NONE', *, *, #413, .T. ) ;
#1202 = CARTESIAN_POINT ( 'NONE',  ( -0.09999999999999928391, 0.1999999999999999833, 1.500000000000000444 ) ) ;
#1203 =( LENGTH_UNIT ( ) NAMED_UNIT ( * ) SI_UNIT ( .MILLI., .METRE. ) );
#1204 = DIRECTION ( 'NONE',  ( 0.000000000000000000, 0.000000000000000000, -1.000000000000000000 ) ) ;
#1205 = PLANE ( 'NONE',  #2652 ) ;
#1206 = MECHANICAL_DESIGN_GEOMETRIC_PRESENTATION_REPRESENTATION (  '', ( #4374 ), #2517 ) ;
#1207 = VECTOR ( 'NONE', #2699, 1000.000000000000000 ) ;
#1208 = UNCERTAINTY_MEASURE_WITH_UNIT (LENGTH_MEASURE( 1.000000000000000082E-05 ), #4812, 'distance_accuracy_value', 'NONE');
#1209 = ORIENTED_EDGE ( 'NONE', *, *, #3239, .F. ) ;
#1210 = DIRECTION ( 'NONE',  ( -0.000000000000000000, -1.000000000000000000, -0.000000000000000000 ) ) ;
#1211 = EDGE_CURVE ( 'NONE', #4428, #4030, #1659, .T. ) ;
#1212 = ADVANCED_FACE ( 'NONE', ( #491 ), #6097, .T. ) ;
#1213 = CARTESIAN_POINT ( 'NONE',  ( -1.499999999999999112, 0.1999999999999999833, 0.09999999999999993616 ) ) ;
#1214 = VECTOR ( 'NONE', #5298, 1000.000000000000000 ) ;
#1215 = DIRECTION ( 'NONE',  ( 1.000000000000000000, -0.000000000000000000, 0.000000000000000000 ) ) ;
#1216 = DIRECTION ( 'NONE',  ( -0.000000000000000000, -0.000000000000000000, 1.000000000000000000 ) ) ;
#1217 = ORIENTED_EDGE ( 'NONE', *, *, #3289, .F. ) ;
#1218 = ORIENTED_EDGE ( 'NONE', *, *, #2743, .T. ) ;
#1219 = EDGE_CURVE ( 'NONE', #53, #2267, #1511, .T. ) ;
#1220 = ORIENTED_EDGE ( 'NONE', *, *, #5492, .F. ) ;
#1221 = ORIENTED_EDGE ( 'NONE', *, *, #3927, .T. ) ;
#1222 = VERTEX_POINT ( 'NONE', #1590 ) ;
#1223 = SURFACE_STYLE_USAGE ( .BOTH. , #3217 ) ;
#1224 = AXIS2_PLACEMENT_3D ( 'NONE', #6424, #2905, #4457 ) ;
#1225 = DIRECTION ( 'NONE',  ( 2.891205793294679312E-16, -0.000000000000000000, 1.000000000000000000 ) ) ;
#1226 = CARTESIAN_POINT ( 'NONE',  ( 0.3000000000000007661, 0.5605551275463992456, 1.200000000000000622 ) ) ;
#1227 = VERTEX_POINT ( 'NONE', #3599 ) ;
#1228 = ORIENTED_EDGE ( 'NONE', *, *, #2453, .T. ) ;
#1229 = DIRECTION ( 'NONE',  ( -1.000000000000000000, 0.000000000000000000, 0.000000000000000000 ) ) ;
#1230 = PLANE ( 'NONE',  #2914 ) ;
#1231 = ORIENTED_EDGE ( 'NONE', *, *, #6086, .F. ) ;
#1232 = VERTEX_POINT ( 'NONE', #3619 ) ;
#1233 = ORIENTED_EDGE ( 'NONE', *, *, #1183, .F. ) ;
#1234 = DIRECTION ( 'NONE',  ( 0.000000000000000000, -0.000000000000000000, 1.000000000000000000 ) ) ;
#1235 = ORIENTED_EDGE ( 'NONE', *, *, #5448, .T. ) ;
#1236 = CARTESIAN_POINT ( 'NONE',  ( 0.9000000000000000222, 0.05000000000000000278, 0.000000000000000000 ) ) ;
#1237 = DIRECTION ( 'NONE',  ( 0.000000000000000000, -0.000000000000000000, 1.000000000000000000 ) ) ;
#1238 = DIRECTION ( 'NONE',  ( -1.000000000000000000, 0.000000000000000000, -1.084202172485506603E-15 ) ) ;
#1239 = LINE ( 'NONE', #6128, #689 ) ;
#1240 = LINE ( 'NONE', #3254, #5123 ) ;
#1241 =( LENGTH_UNIT ( ) NAMED_UNIT ( * ) SI_UNIT ( .MILLI., .METRE. ) );
#1242 = ORIENTED_EDGE ( 'NONE', *, *, #6345, .T. ) ;
#1243 = EDGE_CURVE ( 'NONE', #3322, #3769, #5325, .T. ) ;
#1244 = DIRECTION ( 'NONE',  ( -1.000000000000000000, 0.000000000000000000, 0.000000000000000000 ) ) ;
#1245 = ORIENTED_EDGE ( 'NONE', *, *, #1211, .F. ) ;
#1246 = EDGE_CURVE ( 'NONE', #5499, #3150, #343, .T. ) ;
#1247 = ADVANCED_FACE ( 'NONE', ( #4249 ), #130, .F. ) ;
#1248 = VECTOR ( 'NONE', #3325, 1000.000000000000000 ) ;
#1249 = CARTESIAN_POINT ( 'NONE',  ( 0.000000000000000000, 0.000000000000000000, 0.000000000000000000 ) ) ;
#1250 = CARTESIAN_POINT ( 'NONE',  ( -1.199999999999999289, 0.1999999999999999833, 0.5000000000000000000 ) ) ;
#1251 = VECTOR ( 'NONE', #82, 1000.000000000000000 ) ;
#1252 = VERTEX_POINT ( 'NONE', #3144 ) ;
#1253 = CARTESIAN_POINT ( 'NONE',  ( 1.199999999999999289, 0.5605551275463986904, -0.4999999999999997780 ) ) ;
#1254 = CARTESIAN_POINT ( 'NONE',  ( 1.199999999999999289, 0.05000000000000002359, -0.09999999999999971412 ) ) ;
#1255 = VECTOR ( 'NONE', #3292, 1000.000000000000000 ) ;
#1256 = EDGE_CURVE ( 'NONE', #6030, #3415, #1438, .T. ) ;
#1257 = CARTESIAN_POINT ( 'NONE',  ( 1.199999999999999289, 0.1999999999999999833, 0.3000000000000003775 ) ) ;
#1258 = VECTOR ( 'NONE', #222, 1000.000000000000000 ) ;
#1259 = VECTOR ( 'NONE', #4988, 1000.000000000000000 ) ;
#1260 = MANIFOLD_SOLID_BREP ( 'LPattern4[1]', #4084 ) ;
#1261 = ORIENTED_EDGE ( 'NONE', *, *, #208, .F. ) ;
#1262 = PLANE ( 'NONE',  #2258 ) ;
#1263 = CARTESIAN_POINT ( 'NONE',  ( 1.499999999999999112, 0.000000000000000000, 0.09999999999999993616 ) ) ;
#1264 = DIRECTION ( 'NONE',  ( -1.000000000000000000, 0.000000000000000000, 0.000000000000000000 ) ) ;
#1265 = FACE_OUTER_BOUND ( 'NONE', #5026, .T. ) ;
#1266 = DIRECTION ( 'NONE',  ( -0.000000000000000000, 0.000000000000000000, 1.000000000000000000 ) ) ;
#1267 = LINE ( 'NONE', #4109, #2087 ) ;
#1268 = VECTOR ( 'NONE', #3136, 1000.000000000000000 ) ;
#1269 = DIRECTION ( 'NONE',  ( 1.000000000000000000, -0.000000000000000000, -0.000000000000000000 ) ) ;
#1270 = LINE ( 'NONE', #5943, #4306 ) ;
#1271 = ORIENTED_EDGE ( 'NONE', *, *, #4034, .F. ) ;
#1272 = EDGE_CURVE ( 'NONE', #2704, #273, #3447, .T. ) ;
#1273 = FACE_OUTER_BOUND ( 'NONE', #4629, .T. ) ;
#1274 = STYLED_ITEM ( 'NONE', ( #1476 ), #3558 ) ;
#1275 = VECTOR ( 'NONE', #1021, 1000.000000000000000 ) ;
#1276 = ORIENTED_EDGE ( 'NONE', *, *, #3955, .F. ) ;
#1277 = VECTOR ( 'NONE', #3909, 1000.000000000000000 ) ;
#1278 = EDGE_CURVE ( 'NONE', #4290, #2924, #20, .T. ) ;
#1279 = DIRECTION ( 'NONE',  ( -0.000000000000000000, -1.000000000000000000, -0.000000000000000000 ) ) ;
#1280 = DIRECTION ( 'NONE',  ( 0.000000000000000000, 0.000000000000000000, -1.000000000000000000 ) ) ;
#1281 = FACE_OUTER_BOUND ( 'NONE', #6285, .T. ) ;
#1282 = CARTESIAN_POINT ( 'NONE',  ( -1.499999999999998668, 0.05000000000000000278, 1.499999999999999556 ) ) ;
#1283 = ORIENTED_EDGE ( 'NONE', *, *, #4122, .T. ) ;
#1284 = AXIS2_PLACEMENT_3D ( 'NONE', #734, #4254, #4724 ) ;
#1285 = CARTESIAN_POINT ( 'NONE',  ( 1.199999999999999289, 0.1999999999999999833, 0.5000000000000000000 ) ) ;
#1286 = LINE ( 'NONE', #1825, #3297 ) ;
#1287 = VERTEX_POINT ( 'NONE', #3764 ) ;
#1288 = DIRECTION ( 'NONE',  ( -1.000000000000000000, 0.000000000000000000, -1.084202172485506603E-15 ) ) ;
#1289 = DIRECTION ( 'NONE',  ( 0.000000000000000000, -0.000000000000000000, 1.000000000000000000 ) ) ;
#1290 = VECTOR ( 'NONE', #1451, 1000.000000000000000 ) ;
#1291 = EDGE_CURVE ( 'NONE', #5261, #6311, #3937, .T. ) ;
#1292 = ORIENTED_EDGE ( 'NONE', *, *, #4972, .F. ) ;
#1293 = CARTESIAN_POINT ( 'NONE',  ( 0.9000000000000000222, 0.5605551275463992456, -1.199999999999999956 ) ) ;
#1294 = CARTESIAN_POINT ( 'NONE',  ( 0.000000000000000000, 0.05000000000000000278, 0.09999999999999993616 ) ) ;
#1295 = CARTESIAN_POINT ( 'NONE',  ( -1.499999999999999112, 0.000000000000000000, 0.09999999999999993616 ) ) ;
#1296 = VECTOR ( 'NONE', #4821, 1000.000000000000000 ) ;
#1297 = VERTEX_POINT ( 'NONE', #727 ) ;
#1298 = CARTESIAN_POINT ( 'NONE',  ( 1.500000000000000444, 0.05000000000000000278, 1.500000000000000000 ) ) ;
#1299 = DIRECTION ( 'NONE',  ( 0.000000000000000000, -1.000000000000000000, 0.000000000000000000 ) ) ;
#1300 = CARTESIAN_POINT ( 'NONE',  ( 1.499999999999999112, 0.5605551275463986904, -0.4999999999999997780 ) ) ;
#1301 = AXIS2_PLACEMENT_3D ( 'NONE', #3870, #856, #3274 ) ;
#1302 = CARTESIAN_POINT ( 'NONE',  ( 0.9000000000000000222, 0.000000000000000000, -1.500000000000000000 ) ) ;
#1303 = CARTESIAN_POINT ( 'NONE',  ( 1.499999999999999112, 0.000000000000000000, 0.5000000000000000000 ) ) ;
#1304 = VECTOR ( 'NONE', #1634, 1000.000000000000000 ) ;
#1305 = ORIENTED_EDGE ( 'NONE', *, *, #4506, .T. ) ;
#1306 = SURFACE_STYLE_USAGE ( .BOTH. , #2777 ) ;
#1307 = EDGE_CURVE ( 'NONE', #5973, #5571, #2280, .T. ) ;
#1308 = ORIENTED_EDGE ( 'NONE', *, *, #5573, .F. ) ;
#1309 = EDGE_LOOP ( 'NONE', ( #6112, #5580, #5271, #2326 ) ) ;
#1310 = CARTESIAN_POINT ( 'NONE',  ( -0.4999999999999997780, 0.5605551275463992456, -1.200000000000000178 ) ) ;
#1311 = ORIENTED_EDGE ( 'NONE', *, *, #5961, .F. ) ;
#1312 = VERTEX_POINT ( 'NONE', #5260 ) ;
#1313 = ORIENTED_EDGE ( 'NONE', *, *, #4172, .T. ) ;
#1314 = ORIENTED_EDGE ( 'NONE', *, *, #1605, .T. ) ;
#1315 = EDGE_CURVE ( 'NONE', #5279, #2895, #4620, .T. ) ;
#1316 =( NAMED_UNIT ( * ) PLANE_ANGLE_UNIT ( ) SI_UNIT ( $, .RADIAN. ) );
#1317 = ADVANCED_FACE ( 'NONE', ( #4075 ), #1230, .T. ) ;
#1318 = CARTESIAN_POINT ( 'NONE',  ( -1.499999999999999112, 0.5605551275463986904, 0.5000000000000000000 ) ) ;
#1319 = ORIENTED_EDGE ( 'NONE', *, *, #3516, .T. ) ;
#1320 = STYLED_ITEM ( 'NONE', ( #2485 ), #4726 ) ;
#1321 = CARTESIAN_POINT ( 'NONE',  ( -1.499999999999999112, 0.04999999999999969746, 0.09999999999999993616 ) ) ;
#1322 =( NAMED_UNIT ( * ) PLANE_ANGLE_UNIT ( ) SI_UNIT ( $, .RADIAN. ) );
#1323 = LINE ( 'NONE', #2622, #6437 ) ;
#1324 = DIRECTION ( 'NONE',  ( 0.000000000000000000, 0.000000000000000000, 1.000000000000000000 ) ) ;
#1325 = CARTESIAN_POINT ( 'NONE',  ( 1.499999999999999112, 0.1999999999999999833, -0.7000000000000000666 ) ) ;
#1326 = LINE ( 'NONE', #6405, #5910 ) ;
#1327 = ORIENTED_EDGE ( 'NONE', *, *, #2014, .F. ) ;
#1328 = CARTESIAN_POINT ( 'NONE',  ( -1.199999999999999289, 0.000000000000000000, -0.09999999999999971412 ) ) ;
#1329 = ORIENTED_EDGE ( 'NONE', *, *, #101, .F. ) ;
#1330 = SURFACE_SIDE_STYLE ('',( #5655 ) ) ;
#1331 = SURFACE_STYLE_FILL_AREA ( #4236 ) ;
#1332 = DIRECTION ( 'NONE',  ( -1.000000000000000000, 0.000000000000000000, 0.000000000000000000 ) ) ;
#1333 = DIRECTION ( 'NONE',  ( -0.000000000000000000, 0.000000000000000000, -1.000000000000000000 ) ) ;
#1334 = ORIENTED_EDGE ( 'NONE', *, *, #4034, .T. ) ;
#1335 = CARTESIAN_POINT ( 'NONE',  ( -0.2999999999999996558, 0.5605551275463992456, 1.199999999999999956 ) ) ;
#1336 = LINE ( 'NONE', #6304, #2731 ) ;
#1337 = VECTOR ( 'NONE', #1025, 1000.000000000000000 ) ;
#1338 = VERTEX_POINT ( 'NONE', #3249 ) ;
#1339 = VECTOR ( 'NONE', #3360, 1000.000000000000000 ) ;
#1340 = VECTOR ( 'NONE', #1621, 1000.000000000000000 ) ;
#1341 = VECTOR ( 'NONE', #4189, 1000.000000000000000 ) ;
#1342 = CARTESIAN_POINT ( 'NONE',  ( 1.199999999999999289, 0.1999999999999999833, 0.9000000000000000222 ) ) ;
#1343 = VECTOR ( 'NONE', #510, 1000.000000000000000 ) ;
#1344 = EDGE_LOOP ( 'NONE', ( #4806, #1601, #2879, #826 ) ) ;
#1345 = EDGE_CURVE ( 'NONE', #5288, #3457, #5630, .T. ) ;
#1346 = FILL_AREA_STYLE_COLOUR ( '', #1377 ) ;
#1347 = DIRECTION ( 'NONE',  ( -0.000000000000000000, -1.000000000000000000, -0.000000000000000000 ) ) ;
#1348 = LINE ( 'NONE', #3527, #3925 ) ;
#1349 = AXIS2_PLACEMENT_3D ( 'NONE', #2828, #1333, #841 ) ;
#1350 = CARTESIAN_POINT ( 'NONE',  ( 1.199999999999999289, 0.1999999999999999833, 0.7000000000000002887 ) ) ;
#1351 = LINE ( 'NONE', #2262, #3594 ) ;
#1352 = ORIENTED_EDGE ( 'NONE', *, *, #3214, .F. ) ;
#1353 = ADVANCED_FACE ( 'NONE', ( #171 ), #2270, .T. ) ;
#1354 = DIRECTION ( 'NONE',  ( -1.000000000000000000, 0.000000000000000000, 3.252606517456519613E-15 ) ) ;
#1355 = CARTESIAN_POINT ( 'NONE',  ( 1.199999999999999289, 0.5605551275463986904, 0.09999999999999993616 ) ) ;
#1356 = VECTOR ( 'NONE', #4803, 1000.000000000000000 ) ;
#1357 = CARTESIAN_POINT ( 'NONE',  ( -0.7000000000000000666, 0.05000000000000000278, -1.499999999999999778 ) ) ;
#1358 = EDGE_CURVE ( 'NONE', #4546, #5279, #412, .T. ) ;
#1359 = EDGE_LOOP ( 'NONE', ( #4489, #3956, #2762, #2833 ) ) ;
#1360 = AXIS2_PLACEMENT_3D ( 'NONE', #6217, #728, #3229 ) ;
#1361 = DIRECTION ( 'NONE',  ( 0.000000000000000000, -1.000000000000000000, 0.000000000000000000 ) ) ;
#1362 = VERTEX_POINT ( 'NONE', #5717 ) ;
#1363 = DIRECTION ( 'NONE',  ( 0.000000000000000000, 0.000000000000000000, -1.000000000000000000 ) ) ;
#1364 = DIRECTION ( 'NONE',  ( 0.000000000000000000, 0.000000000000000000, -1.000000000000000000 ) ) ;
#1365 = FACE_OUTER_BOUND ( 'NONE', #1309, .T. ) ;
#1366 = CARTESIAN_POINT ( 'NONE',  ( 0.9000000000000003553, 0.5605551275463992456, 1.199999999999999956 ) ) ;
#1367 = DIRECTION ( 'NONE',  ( 0.000000000000000000, 0.000000000000000000, -1.000000000000000000 ) ) ;
#1368 = ORIENTED_EDGE ( 'NONE', *, *, #4088, .F. ) ;
#1369 = DIRECTION ( 'NONE',  ( -1.000000000000000000, 0.000000000000000000, -0.000000000000000000 ) ) ;
#1370 = CARTESIAN_POINT ( 'NONE',  ( 0.9500000000000000666, 0.2000000000000000944, -0.9499999999999998446 ) ) ;
#1371 = LINE ( 'NONE', #4594, #3864 ) ;
#1372 = CARTESIAN_POINT ( 'NONE',  ( 1.499999999999999112, 0.5605551275463986904, 0.09999999999999993616 ) ) ;
#1373 = ORIENTED_EDGE ( 'NONE', *, *, #4871, .T. ) ;
#1374 = EDGE_CURVE ( 'NONE', #3547, #37, #259, .T. ) ;
#1375 = DIRECTION ( 'NONE',  ( 0.000000000000000000, 0.000000000000000000, -1.000000000000000000 ) ) ;
#1376 = EDGE_CURVE ( 'NONE', #3995, #5029, #4940, .T. ) ;
#1377 = COLOUR_RGB ( '',0.7921568627450980005, 0.8196078431372548767, 0.9333333333333333481 ) ;
#1378 = ORIENTED_EDGE ( 'NONE', *, *, #6201, .F. ) ;
#1379 = ADVANCED_FACE ( 'NONE', ( #5719 ), #1673, .T. ) ;
#1380 = CARTESIAN_POINT ( 'NONE',  ( -1.199999999999999289, 0.1999999999999999833, -0.4999999999999997780 ) ) ;
#1381 = LINE ( 'NONE', #5358, #192 ) ;
#1382 = CARTESIAN_POINT ( 'NONE',  ( 0.7000000000000002887, 0.5605551275463992456, -1.200000000000000178 ) ) ;
#1383 = ORIENTED_EDGE ( 'NONE', *, *, #299, .F. ) ;
#1384 = DIRECTION ( 'NONE',  ( -0.000000000000000000, -1.000000000000000000, -0.000000000000000000 ) ) ;
#1385 = CARTESIAN_POINT ( 'NONE',  ( 0.7000000000000002887, 0.000000000000000000, -1.500000000000000000 ) ) ;
#1386 = VERTEX_POINT ( 'NONE', #1189 ) ;
#1387 = ORIENTED_EDGE ( 'NONE', *, *, #6257, .F. ) ;
#1388 = ORIENTED_EDGE ( 'NONE', *, *, #163, .T. ) ;
#1389 = EDGE_CURVE ( 'NONE', #3386, #4108, #1110, .T. ) ;
#1390 = ORIENTED_EDGE ( 'NONE', *, *, #5156, .T. ) ;
#1391 = ORIENTED_EDGE ( 'NONE', *, *, #2550, .F. ) ;
#1392 = CARTESIAN_POINT ( 'NONE',  ( -0.3000000000000000999, 0.000000000000000000, -1.500000000000000000 ) ) ;
#1393 = ORIENTED_EDGE ( 'NONE', *, *, #4163, .F. ) ;
#1394 = CARTESIAN_POINT ( 'NONE',  ( -1.199999999999999289, 0.1999999999999999833, -0.7000000000000000666 ) ) ;
#1395 = ORIENTED_EDGE ( 'NONE', *, *, #2668, .F. ) ;
#1396 = VERTEX_POINT ( 'NONE', #3694 ) ;
#1397 = EDGE_CURVE ( 'NONE', #3971, #3731, #2112, .T. ) ;
#1398 = ORIENTED_EDGE ( 'NONE', *, *, #1291, .T. ) ;
#1399 = CARTESIAN_POINT ( 'NONE',  ( -1.199999999999999289, 0.000000000000000000, 0.5000000000000000000 ) ) ;
#1400 = AXIS2_PLACEMENT_3D ( 'NONE', #6252, #5255, #5713 ) ;
#1401 = FACE_OUTER_BOUND ( 'NONE', #5475, .T. ) ;
#1402 = ORIENTED_EDGE ( 'NONE', *, *, #3565, .T. ) ;
#1403 = DIRECTION ( 'NONE',  ( 0.000000000000000000, 0.000000000000000000, 1.000000000000000000 ) ) ;
#1404 = CARTESIAN_POINT ( 'NONE',  ( -0.6999999999999996225, 0.000000000000000000, 1.199999999999999956 ) ) ;
#1405 = LINE ( 'NONE', #5497, #6144 ) ;
#1406 = LINE ( 'NONE', #1062, #3175 ) ;
#1407 = EDGE_LOOP ( 'NONE', ( #3246, #2789, #332, #2136 ) ) ;
#1408 = CARTESIAN_POINT ( 'NONE',  ( 0.9500000000000000666, 2.887005768508881243, 0.9500000000000002887 ) ) ;
#1409 = ADVANCED_FACE ( 'NONE', ( #5398 ), #768, .T. ) ;
#1410 = LINE ( 'NONE', #336, #1255 ) ;
#1411 = EDGE_CURVE ( 'NONE', #3301, #4973, #2578, .T. ) ;
#1412 = FACE_OUTER_BOUND ( 'NONE', #5353, .T. ) ;
#1413 = UNCERTAINTY_MEASURE_WITH_UNIT (LENGTH_MEASURE( 1.000000000000000082E-05 ), #4025, 'distance_accuracy_value', 'NONE');
#1414 = CARTESIAN_POINT ( 'NONE',  ( -0.7000000000000000666, 0.000000000000000000, -1.500000000000000000 ) ) ;
#1415 = LINE ( 'NONE', #2111, #5772 ) ;
#1416 = ORIENTED_EDGE ( 'NONE', *, *, #5215, .T. ) ;
#1417 = VECTOR ( 'NONE', #4632, 1000.000000000000000 ) ;
#1418 = DIRECTION ( 'NONE',  ( -1.000000000000000000, 0.000000000000000000, -0.000000000000000000 ) ) ;
#1419 = VECTOR ( 'NONE', #2698, 1000.000000000000000 ) ;
#1420 = VECTOR ( 'NONE', #3606, 1000.000000000000000 ) ;
#1421 = DIRECTION ( 'NONE',  ( 0.000000000000000000, -1.000000000000000000, 0.000000000000000000 ) ) ;
#1422 = CLOSED_SHELL ( 'NONE', ( #715, #4869, #3299, #5997, #2063, #5793 ) ) ;
#1423 = AXIS2_PLACEMENT_3D ( 'NONE', #3875, #6358, #4392 ) ;
#1424 = CARTESIAN_POINT ( 'NONE',  ( 1.199999999999999289, 0.000000000000000000, -0.7000000000000000666 ) ) ;
#1425 = LINE ( 'NONE', #286, #3920 ) ;
#1426 = VECTOR ( 'NONE', #799, 1000.000000000000000 ) ;
#1427 = ORIENTED_EDGE ( 'NONE', *, *, #3770, .F. ) ;
#1428 = EDGE_CURVE ( 'NONE', #4414, #4528, #1890, .T. ) ;
#1429 = FILL_AREA_STYLE ('',( #1346 ) ) ;
#1430 = AXIS2_PLACEMENT_3D ( 'NONE', #5551, #2035, #1545 ) ;
#1431 = PLANE ( 'NONE',  #2576 ) ;
#1432 = LINE ( 'NONE', #1982, #3601 ) ;
#1433 = DIRECTION ( 'NONE',  ( 0.000000000000000000, 0.000000000000000000, 1.000000000000000000 ) ) ;
#1434 = ORIENTED_EDGE ( 'NONE', *, *, #912, .T. ) ;
#1435 = PLANE ( 'NONE',  #2585 ) ;
#1436 = EDGE_CURVE ( 'NONE', #2742, #596, #485, .T. ) ;
#1437 = CARTESIAN_POINT ( 'NONE',  ( -1.199999999999999289, 0.000000000000000000, -0.3000000000000000999 ) ) ;
#1438 = LINE ( 'NONE', #6140, #3041 ) ;
#1439 = CARTESIAN_POINT ( 'NONE',  ( -1.199999999999999289, 0.5605551275463986904, -0.8999999999999998002 ) ) ;
#1440 = ORIENTED_EDGE ( 'NONE', *, *, #2808, .F. ) ;
#1441 = ADVANCED_FACE ( 'NONE', ( #5947 ), #4362, .T. ) ;
#1442 = DIRECTION ( 'NONE',  ( 0.000000000000000000, 0.000000000000000000, 1.000000000000000000 ) ) ;
#1443 = VECTOR ( 'NONE', #3691, 1000.000000000000000 ) ;
#1444 = CARTESIAN_POINT ( 'NONE',  ( -0.6999999999999996225, 0.2000000000000000111, 1.199999999999999956 ) ) ;
#1445 = VERTEX_POINT ( 'NONE', #1385 ) ;
#1446 = LINE ( 'NONE', #3351, #574 ) ;
#1447 = ORIENTED_EDGE ( 'NONE', *, *, #2048, .F. ) ;
#1448 = CARTESIAN_POINT ( 'NONE',  ( -1.199999999999999289, 0.5605551275463986904, -0.3000000000000000999 ) ) ;
#1449 = FACE_OUTER_BOUND ( 'NONE', #370, .T. ) ;
#1450 = EDGE_CURVE ( 'NONE', #2975, #4872, #5554, .T. ) ;
#1451 = DIRECTION ( 'NONE',  ( 0.000000000000000000, -1.000000000000000000, 0.000000000000000000 ) ) ;
#1452 = ORIENTED_EDGE ( 'NONE', *, *, #2417, .T. ) ;
#1453 = EDGE_CURVE ( 'NONE', #5029, #2307, #1286, .T. ) ;
#1454 = ORIENTED_EDGE ( 'NONE', *, *, #4267, .F. ) ;
#1455 = CARTESIAN_POINT ( 'NONE',  ( -1.199999999999999289, 0.5605551275463986904, 0.9000000000000000222 ) ) ;
#1456 = ORIENTED_EDGE ( 'NONE', *, *, #2322, .T. ) ;
#1457 = ORIENTED_EDGE ( 'NONE', *, *, #5631, .T. ) ;
#1458 = EDGE_CURVE ( 'NONE', #2125, #5125, #3118, .T. ) ;
#1459 = CARTESIAN_POINT ( 'NONE',  ( 0.9500000000000000666, 0.2000000000000000944, -0.9499999999999998446 ) ) ;
#1460 = VERTEX_POINT ( 'NONE', #2323 ) ;
#1461 = VERTEX_POINT ( 'NONE', #5318 ) ;
#1462 = EDGE_LOOP ( 'NONE', ( #5569, #328, #2222, #5028 ) ) ;
#1463 =( GEOMETRIC_REPRESENTATION_CONTEXT ( 3 ) GLOBAL_UNCERTAINTY_ASSIGNED_CONTEXT ( ( #965 ) ) GLOBAL_UNIT_ASSIGNED_CONTEXT ( ( #2090, #2117, #5589 ) ) REPRESENTATION_CONTEXT ( 'NONE', 'WORKASPACE' ) );
#1464 = ORIENTED_EDGE ( 'NONE', *, *, #369, .T. ) ;
#1465 = CARTESIAN_POINT ( 'NONE',  ( -0.4999999999999997780, 0.000000000000000000, -1.500000000000000000 ) ) ;
#1466 = CARTESIAN_POINT ( 'NONE',  ( 1.499999999999999112, 0.5605551275463986904, 0.7000000000000002887 ) ) ;
#1467 = LINE ( 'NONE', #5161, #3002 ) ;
#1468 = EDGE_CURVE ( 'NONE', #5583, #2060, #4470, .T. ) ;
#1469 = ADVANCED_FACE ( 'NONE', ( #5251 ), #4327, .T. ) ;
#1470 = LINE ( 'NONE', #3047, #6438 ) ;
#1471 = ORIENTED_EDGE ( 'NONE', *, *, #5841, .T. ) ;
#1472 = DIRECTION ( 'NONE',  ( 0.000000000000000000, -0.000000000000000000, 1.000000000000000000 ) ) ;
#1473 = CARTESIAN_POINT ( 'NONE',  ( 1.199999999999999289, 0.1999999999999999833, -0.7000000000000000666 ) ) ;
#1474 = CARTESIAN_POINT ( 'NONE',  ( 0.09999999999999993616, 0.2000000000000000111, -1.199999999999999956 ) ) ;
#1475 = DIRECTION ( 'NONE',  ( 1.000000000000000000, 0.000000000000000000, -3.252606517456519218E-15 ) ) ;
#1476 = PRESENTATION_STYLE_ASSIGNMENT (( #1306 ) ) ;
#1477 = ORIENTED_EDGE ( 'NONE', *, *, #991, .T. ) ;
#1478 = CARTESIAN_POINT ( 'NONE',  ( 1.499999999999999112, 0.5605551275463986904, 0.9000000000000000222 ) ) ;
#1479 = CARTESIAN_POINT ( 'NONE',  ( -1.499999999999999556, 6.042640687119284593, -1.499999999999999556 ) ) ;
#1480 = VECTOR ( 'NONE', #2532, 1000.000000000000000 ) ;
#1481 = ORIENTED_EDGE ( 'NONE', *, *, #1715, .F. ) ;
#1482 = VECTOR ( 'NONE', #2460, 1000.000000000000000 ) ;
#1483 = VECTOR ( 'NONE', #1072, 1000.000000000000000 ) ;
#1484 = CARTESIAN_POINT ( 'NONE',  ( 0.7000000000000007327, 0.5605551275463992456, 1.200000000000000622 ) ) ;
#1485 = EDGE_CURVE ( 'NONE', #3403, #5195, #5546, .T. ) ;
#1486 = CARTESIAN_POINT ( 'NONE',  ( -0.6999999999999996225, 0.1999999999999999833, 1.199999999999999956 ) ) ;
#1487 = VECTOR ( 'NONE', #180, 1000.000000000000000 ) ;
#1488 = ORIENTED_EDGE ( 'NONE', *, *, #2266, .F. ) ;
#1489 = EDGE_CURVE ( 'NONE', #4030, #5893, #722, .T. ) ;
#1490 = VECTOR ( 'NONE', #2276, 1000.000000000000000 ) ;
#1491 =( GEOMETRIC_REPRESENTATION_CONTEXT ( 3 ) GLOBAL_UNCERTAINTY_ASSIGNED_CONTEXT ( ( #2540 ) ) GLOBAL_UNIT_ASSIGNED_CONTEXT ( ( #3132, #1626, #5174 ) ) REPRESENTATION_CONTEXT ( 'NONE', 'WORKASPACE' ) );
#1492 = CARTESIAN_POINT ( 'NONE',  ( 1.500000000000000444, 0.05000000000000000278, -1.500000000000000000 ) ) ;
#1493 = CARTESIAN_POINT ( 'NONE',  ( 1.199999999999999289, 0.1999999999999999833, 0.09999999999999993616 ) ) ;
#1494 = LINE ( 'NONE', #3863, #4312 ) ;
#1495 = ORIENTED_EDGE ( 'NONE', *, *, #3932, .F. ) ;
#1496 = CARTESIAN_POINT ( 'NONE',  ( -0.4999999999999993339, 0.1999999999999999833, 1.500000000000000444 ) ) ;
#1497 = ORIENTED_EDGE ( 'NONE', *, *, #654, .T. ) ;
#1498 = FACE_OUTER_BOUND ( 'NONE', #3635, .T. ) ;
#1499 = LINE ( 'NONE', #4253, #1569 ) ;
#1500 = AXIS2_PLACEMENT_3D ( 'NONE', #4103, #4646, #6072 ) ;
#1501 = ADVANCED_FACE ( 'NONE', ( #5870 ), #3851, .F. ) ;
#1502 = ORIENTED_EDGE ( 'NONE', *, *, #1000, .F. ) ;
#1503 = CARTESIAN_POINT ( 'NONE',  ( 0.1000000000000003664, 0.5605551275463992456, 1.500000000000000000 ) ) ;
#1504 = VECTOR ( 'NONE', #5242, 1000.000000000000000 ) ;
#1505 = EDGE_CURVE ( 'NONE', #596, #4546, #4934, .T. ) ;
#1506 = ORIENTED_EDGE ( 'NONE', *, *, #1667, .F. ) ;
#1507 = CARTESIAN_POINT ( 'NONE',  ( -0.3000000000000000999, 0.5605551275463992456, -1.199999999999999956 ) ) ;
#1508 = AXIS2_PLACEMENT_3D ( 'NONE', #4610, #1704, #5629 ) ;
#1509 = CARTESIAN_POINT ( 'NONE',  ( -0.4999999999999993339, 0.04999999999999969746, 1.500000000000000444 ) ) ;
#1510 = DIRECTION ( 'NONE',  ( -1.000000000000000000, 0.000000000000000000, 3.252606517456519613E-15 ) ) ;
#1511 = LINE ( 'NONE', #3550, #175 ) ;
#1512 = ORIENTED_EDGE ( 'NONE', *, *, #1436, .T. ) ;
#1513 = DIRECTION ( 'NONE',  ( -1.000000000000000000, 0.000000000000000000, -0.000000000000000000 ) ) ;
#1514 = EDGE_CURVE ( 'NONE', #5052, #5440, #6406, .T. ) ;
#1515 = LINE ( 'NONE', #243, #182 ) ;
#1516 = CARTESIAN_POINT ( 'NONE',  ( -1.199999999999999289, 0.5605551275463986904, -0.3000000000000000999 ) ) ;
#1517 = ORIENTED_EDGE ( 'NONE', *, *, #5382, .F. ) ;
#1518 = CARTESIAN_POINT ( 'NONE',  ( 3.903127820947829373E-15, 0.05000000000000000278, 1.200000000000001732 ) ) ;
#1519 = CARTESIAN_POINT ( 'NONE',  ( -1.199999999999999289, 0.5605551275463986904, -0.4999999999999997780 ) ) ;
#1520 = SURFACE_SIDE_STYLE ('',( #4233 ) ) ;
#1521 = DIRECTION ( 'NONE',  ( -0.000000000000000000, -1.000000000000000000, -0.000000000000000000 ) ) ;
#1522 = ORIENTED_EDGE ( 'NONE', *, *, #5873, .T. ) ;
#1523 = ORIENTED_EDGE ( 'NONE', *, *, #5081, .T. ) ;
#1524 = DIRECTION ( 'NONE',  ( 0.000000000000000000, -0.000000000000000000, 1.000000000000000000 ) ) ;
#1525 = EDGE_LOOP ( 'NONE', ( #4031, #1373, #140, #558 ) ) ;
#1526 = DIRECTION ( 'NONE',  ( 0.000000000000000000, -0.000000000000000000, -1.000000000000000000 ) ) ;
#1527 = ADVANCED_FACE ( 'NONE', ( #5941 ), #6274, .F. ) ;
#1528 = ORIENTED_EDGE ( 'NONE', *, *, #1965, .F. ) ;
#1529 = ORIENTED_EDGE ( 'NONE', *, *, #3876, .F. ) ;
#1530 = ORIENTED_EDGE ( 'NONE', *, *, #3099, .T. ) ;
#1531 = PLANE ( 'NONE',  #3663 ) ;
#1532 = CARTESIAN_POINT ( 'NONE',  ( -1.199999999999999289, 0.5605551275463986904, -0.3000000000000000999 ) ) ;
#1533 = ORIENTED_EDGE ( 'NONE', *, *, #1453, .F. ) ;
#1534 = ORIENTED_EDGE ( 'NONE', *, *, #1397, .T. ) ;
#1535 = EDGE_LOOP ( 'NONE', ( #4592, #5283, #2916, #2986 ) ) ;
#1536 = VERTEX_POINT ( 'NONE', #1782 ) ;
#1537 = CARTESIAN_POINT ( 'NONE',  ( -0.9500000000000002887, 0.2000000000000000944, 0.9499999999999998446 ) ) ;
#1538 = ORIENTED_EDGE ( 'NONE', *, *, #4871, .F. ) ;
#1539 = PLANE ( 'NONE',  #5471 ) ;
#1540 = EDGE_CURVE ( 'NONE', #1232, #4601, #1731, .T. ) ;
#1541 = ORIENTED_EDGE ( 'NONE', *, *, #6257, .T. ) ;
#1542 = CARTESIAN_POINT ( 'NONE',  ( -1.499999999999999112, 0.000000000000000000, -0.7000000000000000666 ) ) ;
#1543 = ORIENTED_EDGE ( 'NONE', *, *, #231, .T. ) ;
#1544 = CARTESIAN_POINT ( 'NONE',  ( -1.199999999999999289, 0.1999999999999999833, -0.7000000000000000666 ) ) ;
#1545 = DIRECTION ( 'NONE',  ( 0.000000000000000000, -0.000000000000000000, 1.000000000000000000 ) ) ;
#1546 = PLANE ( 'NONE',  #2421 ) ;
#1547 = EDGE_CURVE ( 'NONE', #3781, #2993, #3929, .T. ) ;
#1548 = LINE ( 'NONE', #1858, #3416 ) ;
#1549 = CARTESIAN_POINT ( 'NONE',  ( -1.199999999999999289, 0.05000000000000000278, 0.000000000000000000 ) ) ;
#1550 = AXIS2_PLACEMENT_3D ( 'NONE', #1382, #3935, #1364 ) ;
#1551 = CARTESIAN_POINT ( 'NONE',  ( -0.2999999999999996558, 0.5605551275463992456, 1.500000000000000000 ) ) ;
#1552 = EDGE_LOOP ( 'NONE', ( #588, #3450, #5483, #747 ) ) ;
#1553 = PLANE ( 'NONE',  #2719 ) ;
#1554 = LINE ( 'NONE', #2771, #4376 ) ;
#1555 = LINE ( 'NONE', #1582, #6061 ) ;
#1556 = LINE ( 'NONE', #5171, #5229 ) ;
#1557 = DIRECTION ( 'NONE',  ( 0.000000000000000000, -1.000000000000000000, 0.000000000000000000 ) ) ;
#1558 = VERTEX_POINT ( 'NONE', #1808 ) ;
#1559 = DIRECTION ( 'NONE',  ( 0.000000000000000000, -0.000000000000000000, 1.000000000000000000 ) ) ;
#1560 = ADVANCED_FACE ( 'NONE', ( #1281 ), #3786, .F. ) ;
#1561 = CARTESIAN_POINT ( 'NONE',  ( -1.199999999999999289, 0.000000000000000000, -0.8999999999999998002 ) ) ;
#1562 = FACE_OUTER_BOUND ( 'NONE', #2541, .T. ) ;
#1563 = UNCERTAINTY_MEASURE_WITH_UNIT (LENGTH_MEASURE( 1.000000000000000082E-05 ), #6349, 'distance_accuracy_value', 'NONE');
#1564 = VECTOR ( 'NONE', #1060, 1000.000000000000000 ) ;
#1565 = FACE_OUTER_BOUND ( 'NONE', #2441, .T. ) ;
#1566 = ORIENTED_EDGE ( 'NONE', *, *, #3543, .T. ) ;
#1567 = LINE ( 'NONE', #266, #246 ) ;
#1568 = EDGE_CURVE ( 'NONE', #5086, #1790, #3293, .T. ) ;
#1569 = VECTOR ( 'NONE', #5722, 1000.000000000000000 ) ;
#1570 = ORIENTED_EDGE ( 'NONE', *, *, #6166, .T. ) ;
#1571 = EDGE_CURVE ( 'NONE', #916, #372, #1884, .T. ) ;
#1572 = SURFACE_SIDE_STYLE ('',( #5320 ) ) ;
#1573 = LINE ( 'NONE', #6101, #5248 ) ;
#1574 = ORIENTED_EDGE ( 'NONE', *, *, #349, .F. ) ;
#1575 = EDGE_CURVE ( 'NONE', #1059, #5022, #1962, .T. ) ;
#1576 = DIRECTION ( 'NONE',  ( 1.000000000000000000, -0.000000000000000000, 0.000000000000000000 ) ) ;
#1577 =( NAMED_UNIT ( * ) SI_UNIT ( $, .STERADIAN. ) SOLID_ANGLE_UNIT ( ) );
#1578 = VECTOR ( 'NONE', #1635, 1000.000000000000000 ) ;
#1579 = ORIENTED_EDGE ( 'NONE', *, *, #451, .F. ) ;
#1580 = EDGE_CURVE ( 'NONE', #3769, #4552, #4788, .T. ) ;
#1581 = LINE ( 'NONE', #153, #4171 ) ;
#1582 = CARTESIAN_POINT ( 'NONE',  ( -1.199999999999999289, 0.5605551275463986904, 0.7000000000000002887 ) ) ;
#1583 = CARTESIAN_POINT ( 'NONE',  ( -1.499999999999999112, 0.1999999999999999833, -0.3000000000000000999 ) ) ;
#1584 = VERTEX_POINT ( 'NONE', #1537 ) ;
#1585 = MECHANICAL_DESIGN_GEOMETRIC_PRESENTATION_REPRESENTATION (  '', ( #1274 ), #123 ) ;
#1586 = CARTESIAN_POINT ( 'NONE',  ( 1.499999999999999112, 0.5605551275463986904, 0.09999999999999993616 ) ) ;
#1587 = CARTESIAN_POINT ( 'NONE',  ( 1.499999999999999112, 0.5605551275463986904, -0.3000000000000000999 ) ) ;
#1588 = ADVANCED_FACE ( 'NONE', ( #2030 ), #2945, .T. ) ;
#1589 = VECTOR ( 'NONE', #3803, 1000.000000000000000 ) ;
#1590 = CARTESIAN_POINT ( 'NONE',  ( 0.1000000000000003664, 0.04999999999999969746, 1.500000000000000000 ) ) ;
#1591 = EDGE_CURVE ( 'NONE', #53, #374, #3775, .T. ) ;
#1592 = ORIENTED_EDGE ( 'NONE', *, *, #4804, .T. ) ;
#1593 = CARTESIAN_POINT ( 'NONE',  ( 1.199999999999999289, 0.1999999999999999833, -0.7000000000000000666 ) ) ;
#1594 = AXIS2_PLACEMENT_3D ( 'NONE', #254, #5287, #4297 ) ;
#1595 = LINE ( 'NONE', #3530, #361 ) ;
#1596 = DIRECTION ( 'NONE',  ( -1.000000000000000000, 0.000000000000000000, -0.000000000000000000 ) ) ;
#1597 = CARTESIAN_POINT ( 'NONE',  ( 1.199999999999999289, 0.5605551275463986904, 0.9000000000000000222 ) ) ;
#1598 = ORIENTED_EDGE ( 'NONE', *, *, #1489, .T. ) ;
#1599 = DIRECTION ( 'NONE',  ( -0.000000000000000000, 0.000000000000000000, 1.000000000000000000 ) ) ;
#1600 = ORIENTED_EDGE ( 'NONE', *, *, #1827, .F. ) ;
#1601 = ORIENTED_EDGE ( 'NONE', *, *, #5552, .T. ) ;
#1602 = ORIENTED_EDGE ( 'NONE', *, *, #38, .F. ) ;
#1603 = ORIENTED_EDGE ( 'NONE', *, *, #6019, .F. ) ;
#1604 = CLOSED_SHELL ( 'NONE', ( #749, #2135, #3072, #3985, #2432, #4991 ) ) ;
#1605 = EDGE_CURVE ( 'NONE', #6003, #4647, #3367, .T. ) ;
#1606 = FILL_AREA_STYLE ('',( #4287 ) ) ;
#1607 = EDGE_LOOP ( 'NONE', ( #2621, #87, #1078, #5705 ) ) ;
#1608 = VERTEX_POINT ( 'NONE', #33 ) ;
#1609 = DIRECTION ( 'NONE',  ( 0.000000000000000000, 0.000000000000000000, 1.000000000000000000 ) ) ;
#1610 = CARTESIAN_POINT ( 'NONE',  ( -0.3000000000000000999, 0.2000000000000000111, -1.199999999999999956 ) ) ;
#1611 = ORIENTED_EDGE ( 'NONE', *, *, #3306, .F. ) ;
#1612 = CARTESIAN_POINT ( 'NONE',  ( -1.499999999999999112, 0.04999999999999969746, -0.3000000000000000999 ) ) ;
#1613 = DIRECTION ( 'NONE',  ( 0.000000000000000000, -1.000000000000000000, 0.000000000000000000 ) ) ;
#1614 = ORIENTED_EDGE ( 'NONE', *, *, #564, .F. ) ;
#1615 = DIRECTION ( 'NONE',  ( -1.000000000000000000, 0.000000000000000000, -0.000000000000000000 ) ) ;
#1616 = DIRECTION ( 'NONE',  ( 0.000000000000000000, -0.000000000000000000, 1.000000000000000000 ) ) ;
#1617 = ORIENTED_EDGE ( 'NONE', *, *, #1896, .F. ) ;
#1618 = FACE_OUTER_BOUND ( 'NONE', #415, .T. ) ;
#1619 = LINE ( 'NONE', #2034, #5908 ) ;
#1620 = ORIENTED_EDGE ( 'NONE', *, *, #3167, .F. ) ;
#1621 = DIRECTION ( 'NONE',  ( 0.000000000000000000, 0.000000000000000000, 1.000000000000000000 ) ) ;
#1622 = CARTESIAN_POINT ( 'NONE',  ( -0.09999999999999971412, 0.04999999999999999584, -1.200000000000000178 ) ) ;
#1623 = EDGE_CURVE ( 'NONE', #526, #3806, #6176, .T. ) ;
#1624 = VERTEX_POINT ( 'NONE', #3493 ) ;
#1625 = FACE_OUTER_BOUND ( 'NONE', #4202, .T. ) ;
#1626 =( NAMED_UNIT ( * ) PLANE_ANGLE_UNIT ( ) SI_UNIT ( $, .RADIAN. ) );
#1627 = EDGE_LOOP ( 'NONE', ( #1031, #1308, #3637, #836 ) ) ;
#1628 = AXIS2_PLACEMENT_3D ( 'NONE', #490, #4579, #5542 ) ;
#1629 = CARTESIAN_POINT ( 'NONE',  ( 0.9000000000000000222, 0.2000000000000000111, -1.500000000000000000 ) ) ;
#1630 = CARTESIAN_POINT ( 'NONE',  ( 0.000000000000000000, 0.2000000000000000111, 0.000000000000000000 ) ) ;
#1631 = ORIENTED_EDGE ( 'NONE', *, *, #4257, .F. ) ;
#1632 = EDGE_CURVE ( 'NONE', #3492, #978, #1432, .T. ) ;
#1633 = LINE ( 'NONE', #425, #1482 ) ;
#1634 = DIRECTION ( 'NONE',  ( -0.000000000000000000, -0.000000000000000000, 1.000000000000000000 ) ) ;
#1636 = ORIENTED_EDGE ( 'NONE', *, *, #966, .T. ) ;
#1635 = DIRECTION ( 'NONE',  ( -1.000000000000000000, 0.000000000000000000, -1.084202172485506406E-15 ) ) ;
#1637 = LINE ( 'NONE', #6121, #1174 ) ;
#1638 = LINE ( 'NONE', #595, #4599 ) ;
#1639 = LINE ( 'NONE', #2046, #790 ) ;
#1640 = VERTEX_POINT ( 'NONE', #5995 ) ;
#1641 = CARTESIAN_POINT ( 'NONE',  ( -0.7000000000000000666, 0.000000000000000000, -1.199999999999999956 ) ) ;
#1642 = LINE ( 'NONE', #2159, #4993 ) ;
#1643 = CARTESIAN_POINT ( 'NONE',  ( -0.4999999999999993339, 0.5605551275463992456, 1.200000000000000622 ) ) ;
#1644 = PLANE ( 'NONE',  #1033 ) ;
#1645 = VECTOR ( 'NONE', #3045, 1000.000000000000000 ) ;
#1646 = VECTOR ( 'NONE', #1983, 1000.000000000000000 ) ;
#1647 = CARTESIAN_POINT ( 'NONE',  ( 0.000000000000000000, 0.000000000000000000, 1.600000000000000089 ) ) ;
#1648 = ORIENTED_EDGE ( 'NONE', *, *, #1706, .F. ) ;
#1650 = COLOUR_RGB ( '',0.7921568627450980005, 0.8196078431372548767, 0.9333333333333333481 ) ;
#1649 = APPLICATION_CONTEXT ( 'automotive_design' ) ;
#1651 = ORIENTED_EDGE ( 'NONE', *, *, #5311, .F. ) ;
#1652 = DIRECTION ( 'NONE',  ( 0.000000000000000000, 1.000000000000000000, 0.000000000000000000 ) ) ;
#1653 = DIRECTION ( 'NONE',  ( 2.282530889443167022E-16, 0.000000000000000000, -1.000000000000000000 ) ) ;
#1654 = DIRECTION ( 'NONE',  ( -1.000000000000000000, 0.000000000000000000, 0.000000000000000000 ) ) ;
#1655 = VECTOR ( 'NONE', #191, 1000.000000000000000 ) ;
#1656 = DIRECTION ( 'NONE',  ( 0.000000000000000000, 0.000000000000000000, -1.000000000000000000 ) ) ;
#1657 = AXIS2_PLACEMENT_3D ( 'NONE', #3142, #673, #4572 ) ;
#1658 = ORIENTED_EDGE ( 'NONE', *, *, #5250, .F. ) ;
#1659 = LINE ( 'NONE', #5575, #5479 ) ;
#1660 = EDGE_CURVE ( 'NONE', #2290, #482, #2900, .T. ) ;
#1661 = ORIENTED_EDGE ( 'NONE', *, *, #1816, .T. ) ;
#1662 = CARTESIAN_POINT ( 'NONE',  ( 1.199999999999999289, 0.1999999999999999833, 0.9000000000000000222 ) ) ;
#1663 = PRESENTATION_LAYER_ASSIGNMENT (  '', '', ( #5127 ) ) ;
#1664 = CARTESIAN_POINT ( 'NONE',  ( 0.9000000000000000222, 0.000000000000000000, -1.199999999999999956 ) ) ;
#1665 = VECTOR ( 'NONE', #924, 1000.000000000000000 ) ;
#1666 = CLOSED_SHELL ( 'NONE', ( #2462, #3582, #6420, #3930, #573, #364 ) ) ;
#1667 = EDGE_CURVE ( 'NONE', #3685, #6270, #2572, .T. ) ;
#1668 = VECTOR ( 'NONE', #1029, 1000.000000000000000 ) ;
#1669 = DIRECTION ( 'NONE',  ( -1.000000000000000000, 0.000000000000000000, 2.168404344971012812E-15 ) ) ;
#1670 = CARTESIAN_POINT ( 'NONE',  ( -0.6999999999999996225, 0.000000000000000000, 1.500000000000000000 ) ) ;
#1671 = ORIENTED_EDGE ( 'NONE', *, *, #459, .T. ) ;
#1672 = DIRECTION ( 'NONE',  ( 0.000000000000000000, 0.000000000000000000, -1.000000000000000000 ) ) ;
#1673 = PLANE ( 'NONE',  #5374 ) ;
#1674 = ORIENTED_EDGE ( 'NONE', *, *, #3032, .F. ) ;
#1675 = CARTESIAN_POINT ( 'NONE',  ( 1.199999999999999289, 0.1999999999999999833, 0.7000000000000002887 ) ) ;
#1676 = ORIENTED_EDGE ( 'NONE', *, *, #3627, .T. ) ;
#1677 = ORIENTED_EDGE ( 'NONE', *, *, #2092, .T. ) ;
#1678 = ORIENTED_EDGE ( 'NONE', *, *, #4369, .T. ) ;
#1679 = CARTESIAN_POINT ( 'NONE',  ( -1.499999999999999112, 0.000000000000000000, 0.5000000000000000000 ) ) ;
#1680 = VERTEX_POINT ( 'NONE', #508 ) ;
#1681 = CARTESIAN_POINT ( 'NONE',  ( -0.6999999999999996225, 0.2000000000000000111, 1.500000000000000000 ) ) ;
#1682 = FILL_AREA_STYLE ('',( #5602 ) ) ;
#1683 = CARTESIAN_POINT ( 'NONE',  ( -1.199999999999999289, 0.1999999999999999833, 0.9000000000000000222 ) ) ;
#1684 = VERTEX_POINT ( 'NONE', #6428 ) ;
#1685 = ORIENTED_EDGE ( 'NONE', *, *, #2691, .F. ) ;
#1686 = EDGE_CURVE ( 'NONE', #2859, #392, #407, .T. ) ;
#1687 = ORIENTED_EDGE ( 'NONE', *, *, #1246, .T. ) ;
#1688 = EDGE_CURVE ( 'NONE', #3468, #782, #5797, .T. ) ;
#1689 = ADVANCED_FACE ( 'NONE', ( #2102 ), #4978, .F. ) ;
#1690 = CARTESIAN_POINT ( 'NONE',  ( 0.000000000000000000, 0.05000000000000000278, -0.8999999999999998002 ) ) ;
#1691 = EDGE_LOOP ( 'NONE', ( #2580, #3641, #4482, #225 ) ) ;
#1692 = PLANE ( 'NONE',  #4686 ) ;
#1693 = SURFACE_SIDE_STYLE ('',( #3949 ) ) ;
#1694 = DIRECTION ( 'NONE',  ( 0.000000000000000000, -1.000000000000000000, 0.000000000000000000 ) ) ;
#1695 = LINE ( 'NONE', #3615, #5594 ) ;
#1696 = ORIENTED_EDGE ( 'NONE', *, *, #4165, .T. ) ;
#1697 = AXIS2_PLACEMENT_3D ( 'NONE', #5621, #4624, #2582 ) ;
#1698 = LINE ( 'NONE', #1424, #6377 ) ;
#1699 = DIRECTION ( 'NONE',  ( -0.000000000000000000, 0.000000000000000000, -1.000000000000000000 ) ) ;
#1700 = CARTESIAN_POINT ( 'NONE',  ( 1.199999999999999289, 0.1999999999999999833, -0.7000000000000000666 ) ) ;
#1701 = LINE ( 'NONE', #168, #2475 ) ;
#1702 = DIRECTION ( 'NONE',  ( -0.000000000000000000, 0.000000000000000000, -1.000000000000000000 ) ) ;
#1703 = ORIENTED_EDGE ( 'NONE', *, *, #4725, .T. ) ;
#1704 = DIRECTION ( 'NONE',  ( -1.000000000000000000, 0.000000000000000000, -0.000000000000000000 ) ) ;
#1705 = CARTESIAN_POINT ( 'NONE',  ( -0.6999999999999996225, 0.2000000000000000111, 1.199999999999999956 ) ) ;
#1706 = EDGE_CURVE ( 'NONE', #4728, #2607, #6253, .T. ) ;
#1707 = ORIENTED_EDGE ( 'NONE', *, *, #3921, .T. ) ;
#1708 = VECTOR ( 'NONE', #860, 1000.000000000000000 ) ;
#1709 = EDGE_LOOP ( 'NONE', ( #5744, #4029, #2202, #1447 ) ) ;
#1710 = DIRECTION ( 'NONE',  ( 0.000000000000000000, 0.000000000000000000, -1.000000000000000000 ) ) ;
#1711 = LINE ( 'NONE', #5745, #5925 ) ;
#1712 = SURFACE_STYLE_USAGE ( .BOTH. , #2192 ) ;
#1713 = PLANE ( 'NONE',  #1004 ) ;
#1714 = VECTOR ( 'NONE', #4411, 1000.000000000000000 ) ;
#1715 = EDGE_CURVE ( 'NONE', #2870, #5571, #3211, .T. ) ;
#1716 = CARTESIAN_POINT ( 'NONE',  ( -1.199999999999999289, 0.1999999999999999833, 0.7000000000000002887 ) ) ;
#1717 = ORIENTED_EDGE ( 'NONE', *, *, #4779, .T. ) ;
#1718 = DIRECTION ( 'NONE',  ( 1.000000000000000000, 0.000000000000000000, -0.000000000000000000 ) ) ;
#1719 = DIRECTION ( 'NONE',  ( 1.000000000000000000, 0.000000000000000000, 0.000000000000000000 ) ) ;
#1720 = PRESENTATION_LAYER_ASSIGNMENT (  '', '', ( #3171 ) ) ;
#1721 = CARTESIAN_POINT ( 'NONE',  ( 1.199999999999999289, 0.000000000000000000, -0.8999999999999998002 ) ) ;
#1722 = VECTOR ( 'NONE', #4619, 1000.000000000000000 ) ;
#1723 = FACE_OUTER_BOUND ( 'NONE', #2377, .T. ) ;
#1724 = ORIENTED_EDGE ( 'NONE', *, *, #5838, .F. ) ;
#1725 = ADVANCED_FACE ( 'NONE', ( #2499 ), #3650, .T. ) ;
#1726 = CARTESIAN_POINT ( 'NONE',  ( 1.199999999999999289, 0.1999999999999999833, -0.3000000000000000999 ) ) ;
#1727 = PLANE ( 'NONE',  #4345 ) ;
#1728 = VECTOR ( 'NONE', #1889, 1000.000000000000000 ) ;
#1729 = CARTESIAN_POINT ( 'NONE',  ( -1.499999999999999112, 0.1999999999999999833, -0.4999999999999997780 ) ) ;
#1730 = DIRECTION ( 'NONE',  ( -1.000000000000000000, 0.000000000000000000, 0.000000000000000000 ) ) ;
#1731 = LINE ( 'NONE', #4847, #4614 ) ;
#1732 = ORIENTED_EDGE ( 'NONE', *, *, #6060, .T. ) ;
#1733 = EDGE_CURVE ( 'NONE', #457, #2814, #6330, .T. ) ;
#1734 = CLOSED_SHELL ( 'NONE', ( #5641, #5293, #4709, #681, #1178, #2213 ) ) ;
#1735 = PLANE ( 'NONE',  #3372 ) ;
#1736 = FACE_OUTER_BOUND ( 'NONE', #5896, .T. ) ;
#1737 = CARTESIAN_POINT ( 'NONE',  ( 1.301042606982608673E-15, 0.05000000000000000278, -1.200000000000000622 ) ) ;
#1738 = EDGE_LOOP ( 'NONE', ( #4246, #1053, #3369, #3538 ) ) ;
#1739 = CARTESIAN_POINT ( 'NONE',  ( -1.499999999999999112, 0.1999999999999999833, -0.7000000000000000666 ) ) ;
#1740 = EDGE_CURVE ( 'NONE', #2687, #2690, #953, .T. ) ;
#1741 = LINE ( 'NONE', #1759, #3790 ) ;
#1742 = CARTESIAN_POINT ( 'NONE',  ( 0.9000000000000000222, 0.5605551275463992456, -1.199999999999999956 ) ) ;
#1743 = ORIENTED_EDGE ( 'NONE', *, *, #4490, .F. ) ;
#1744 = STYLED_ITEM ( 'NONE', ( #3759 ), #2885 ) ;
#1745 = CARTESIAN_POINT ( 'NONE',  ( -1.199999999999999289, 0.5605551275463986904, -0.7000000000000000666 ) ) ;
#1746 = ADVANCED_FACE ( 'NONE', ( #3443 ), #5148, .F. ) ;
#1747 = EDGE_CURVE ( 'NONE', #5440, #2820, #3524, .T. ) ;
#1748 = ORIENTED_EDGE ( 'NONE', *, *, #5631, .F. ) ;
#1749 = VERTEX_POINT ( 'NONE', #6082 ) ;
#1750 = ORIENTED_EDGE ( 'NONE', *, *, #1468, .F. ) ;
#1751 = ADVANCED_FACE ( 'NONE', ( #255 ), #1644, .T. ) ;
#1752 = EDGE_LOOP ( 'NONE', ( #4915, #3776, #3799, #896 ) ) ;
#1753 = PRESENTATION_LAYER_ASSIGNMENT (  '', '', ( #1320 ) ) ;
#1754 = ORIENTED_EDGE ( 'NONE', *, *, #3090, .F. ) ;
#1755 = PLANE ( 'NONE',  #1092 ) ;
#1756 = CARTESIAN_POINT ( 'NONE',  ( 0.5000000000000004441, 0.000000000000000000, 1.199999999999999956 ) ) ;
#1757 = DIRECTION ( 'NONE',  ( 0.000000000000000000, 0.000000000000000000, 1.000000000000000000 ) ) ;
#1758 = ORIENTED_EDGE ( 'NONE', *, *, #2139, .T. ) ;
#1759 = CARTESIAN_POINT ( 'NONE',  ( 1.499999999999999112, 0.5605551275463986904, -0.09999999999999971412 ) ) ;
#1760 = DIRECTION ( 'NONE',  ( 1.000000000000000000, -0.000000000000000000, 0.000000000000000000 ) ) ;
#1761 = ORIENTED_EDGE ( 'NONE', *, *, #4506, .F. ) ;
#1762 = ORIENTED_EDGE ( 'NONE', *, *, #2406, .T. ) ;
#1763 = ORIENTED_EDGE ( 'NONE', *, *, #5363, .F. ) ;
#1764 = DIRECTION ( 'NONE',  ( -0.000000000000000000, 0.000000000000000000, 1.000000000000000000 ) ) ;
#1765 = AXIS2_PLACEMENT_3D ( 'NONE', #5000, #4519, #2564 ) ;
#1766 = FILL_AREA_STYLE ('',( #4673 ) ) ;
#1767 = ORIENTED_EDGE ( 'NONE', *, *, #1795, .T. ) ;
#1768 = CARTESIAN_POINT ( 'NONE',  ( 0.3000000000000007661, 0.2000000000000000111, 1.200000000000000622 ) ) ;
#1769 = SURFACE_STYLE_USAGE ( .BOTH. , #4722 ) ;
#1770 = CARTESIAN_POINT ( 'NONE',  ( -0.3000000000000000999, 0.1999999999999999833, -1.199999999999999956 ) ) ;
#1771 = FACE_OUTER_BOUND ( 'NONE', #4280, .T. ) ;
#1772 = ORIENTED_EDGE ( 'NONE', *, *, #1660, .F. ) ;
#1773 = EDGE_CURVE ( 'NONE', #1790, #3495, #1197, .T. ) ;
#1774 = EDGE_CURVE ( 'NONE', #3460, #3319, #4069, .T. ) ;
#1775 = LINE ( 'NONE', #1473, #3570 ) ;
#1776 = CARTESIAN_POINT ( 'NONE',  ( -0.7000000000000000666, 0.1999999999999999833, -1.199999999999999956 ) ) ;
#1777 = ORIENTED_EDGE ( 'NONE', *, *, #6367, .F. ) ;
#1778 = CARTESIAN_POINT ( 'NONE',  ( -1.199999999999999289, 0.05000000000000000278, 0.000000000000000000 ) ) ;
#1779 = CARTESIAN_POINT ( 'NONE',  ( 0.7000000000000007327, 0.2000000000000000111, 1.500000000000000444 ) ) ;
#1780 = DIRECTION ( 'NONE',  ( 1.000000000000000000, 0.000000000000000000, -3.252606517456520007E-15 ) ) ;
#1781 = EDGE_CURVE ( 'NONE', #978, #4727, #1573, .T. ) ;
#1782 = CARTESIAN_POINT ( 'NONE',  ( 0.3000000000000003775, 0.04999999999999999584, -1.200000000000000178 ) ) ;
#1783 = LINE ( 'NONE', #2045, #2810 ) ;
#1784 = ORIENTED_EDGE ( 'NONE', *, *, #5115, .T. ) ;
#1785 = AXIS2_PLACEMENT_3D ( 'NONE', #5881, #3845, #3798 ) ;
#1786 = PLANE ( 'NONE',  #3730 ) ;
#1787 = ADVANCED_FACE ( 'NONE', ( #4860 ), #3056, .T. ) ;
#1788 = SURFACE_STYLE_USAGE ( .BOTH. , #2803 ) ;
#1789 = LINE ( 'NONE', #2312, #1008 ) ;
#1790 = VERTEX_POINT ( 'NONE', #5098 ) ;
#1791 = DIRECTION ( 'NONE',  ( -0.000000000000000000, -1.000000000000000000, -0.000000000000000000 ) ) ;
#1792 = VECTOR ( 'NONE', #4639, 1000.000000000000000 ) ;
#1793 = VECTOR ( 'NONE', #16, 1000.000000000000000 ) ;
#1794 = VERTEX_POINT ( 'NONE', #4606 ) ;
#1795 = EDGE_CURVE ( 'NONE', #6298, #5253, #4385, .T. ) ;
#1796 = AXIS2_PLACEMENT_3D ( 'NONE', #2051, #4591, #519 ) ;
#1797 = VECTOR ( 'NONE', #4799, 1000.000000000000000 ) ;
#1798 = LINE ( 'NONE', #3885, #6083 ) ;
#1799 = VERTEX_POINT ( 'NONE', #4631 ) ;
#1800 =( LENGTH_UNIT ( ) NAMED_UNIT ( * ) SI_UNIT ( .MILLI., .METRE. ) );
#1801 = DIRECTION ( 'NONE',  ( 0.000000000000000000, 0.000000000000000000, -1.000000000000000000 ) ) ;
#1802 = LINE ( 'NONE', #688, #5710 ) ;
#1803 = CARTESIAN_POINT ( 'NONE',  ( 0.000000000000000000, 0.05000000000000000278, 0.000000000000000000 ) ) ;
#1804 = DIRECTION ( 'NONE',  ( 0.000000000000000000, -1.000000000000000000, 0.000000000000000000 ) ) ;
#1805 = LINE ( 'NONE', #2805, #4318 ) ;
#1806 = VERTEX_POINT ( 'NONE', #5582 ) ;
#1807 = DIRECTION ( 'NONE',  ( 0.000000000000000000, 0.000000000000000000, 1.000000000000000000 ) ) ;
#1808 = CARTESIAN_POINT ( 'NONE',  ( 1.199999999999999289, 0.1999999999999999833, 0.3000000000000003775 ) ) ;
#1809 = CARTESIAN_POINT ( 'NONE',  ( -0.4999999999999997780, 0.000000000000000000, -1.200000000000000178 ) ) ;
#1810 = VECTOR ( 'NONE', #4289, 1000.000000000000000 ) ;
#1811 =( NAMED_UNIT ( * ) PLANE_ANGLE_UNIT ( ) SI_UNIT ( $, .RADIAN. ) );
#1812 = EDGE_LOOP ( 'NONE', ( #1579, #4776, #4835, #2114 ) ) ;
#1813 = PLANE ( 'NONE',  #3896 ) ;
#1814 = EDGE_CURVE ( 'NONE', #914, #5721, #1878, .T. ) ;
#1815 = LINE ( 'NONE', #3488, #5805 ) ;
#1816 = EDGE_CURVE ( 'NONE', #257, #172, #3994, .T. ) ;
#1817 = ORIENTED_EDGE ( 'NONE', *, *, #2714, .T. ) ;
#1818 = ADVANCED_FACE ( 'NONE', ( #1026 ), #5598, .F. ) ;
#1819 = CARTESIAN_POINT ( 'NONE',  ( -1.199999999999999289, 0.5605551275463986904, 0.3000000000000003775 ) ) ;
#1820 = LINE ( 'NONE', #2579, #1665 ) ;
#1821 = DIRECTION ( 'NONE',  ( 0.000000000000000000, 0.000000000000000000, -1.000000000000000000 ) ) ;
#1822 = ORIENTED_EDGE ( 'NONE', *, *, #4494, .T. ) ;
#1823 = CARTESIAN_POINT ( 'NONE',  ( 1.500000000000000444, 0.05000000000000000278, 1.500000000000000000 ) ) ;
#1824 =( NAMED_UNIT ( * ) PLANE_ANGLE_UNIT ( ) SI_UNIT ( $, .RADIAN. ) );
#1825 = CARTESIAN_POINT ( 'NONE',  ( 0.1000000000000003664, 0.1999999999999999833, 1.199999999999999956 ) ) ;
#1826 = ORIENTED_EDGE ( 'NONE', *, *, #885, .F. ) ;
#1827 = EDGE_CURVE ( 'NONE', #297, #504, #4696, .T. ) ;
#1828 = DIRECTION ( 'NONE',  ( -1.000000000000000000, 0.000000000000000000, 0.000000000000000000 ) ) ;
#1829 = ORIENTED_EDGE ( 'NONE', *, *, #3385, .F. ) ;
#1830 = AXIS2_PLACEMENT_3D ( 'NONE', #5869, #4824, #1847 ) ;
#1831 = DIRECTION ( 'NONE',  ( 0.000000000000000000, 0.000000000000000000, 1.000000000000000000 ) ) ;
#1832 = ORIENTED_EDGE ( 'NONE', *, *, #366, .T. ) ;
#1833 = VERTEX_POINT ( 'NONE', #5695 ) ;
#1834 = EDGE_LOOP ( 'NONE', ( #1209, #470, #4099, #976 ) ) ;
#1835 = ORIENTED_EDGE ( 'NONE', *, *, #2903, .F. ) ;
#1836 = EDGE_CURVE ( 'NONE', #2303, #4398, #553, .T. ) ;
#1837 = CARTESIAN_POINT ( 'NONE',  ( -0.3000000000000000999, 0.2000000000000000111, -1.199999999999999956 ) ) ;
#1838 = VERTEX_POINT ( 'NONE', #2609 ) ;
#1839 = CARTESIAN_POINT ( 'NONE',  ( 1.200000000000000178, 0.000000000000000000, 0.000000000000000000 ) ) ;
#1840 = AXIS2_PLACEMENT_3D ( 'NONE', #1335, #5267, #5307 ) ;
#1841 = VERTEX_POINT ( 'NONE', #5194 ) ;
#1842 = DIRECTION ( 'NONE',  ( 1.000000000000000000, 0.000000000000000000, -3.252606517456520007E-15 ) ) ;
#1843 = LINE ( 'NONE', #5506, #5434 ) ;
#1844 = DIRECTION ( 'NONE',  ( 0.000000000000000000, 0.000000000000000000, -1.000000000000000000 ) ) ;
#1845 = CARTESIAN_POINT ( 'NONE',  ( -0.4999999999999997780, 0.000000000000000000, -1.200000000000000178 ) ) ;
#1846 = ORIENTED_EDGE ( 'NONE', *, *, #4893, .T. ) ;
#1847 = DIRECTION ( 'NONE',  ( 1.000000000000000000, 0.000000000000000000, -3.252606517456520007E-15 ) ) ;
#1848 = AXIS2_PLACEMENT_3D ( 'NONE', #3213, #642, #2187 ) ;
#1849 = CARTESIAN_POINT ( 'NONE',  ( 1.199999999999999289, 0.000000000000000000, -0.3000000000000000999 ) ) ;
#1850 = ADVANCED_FACE ( 'NONE', ( #5704 ), #3208, .T. ) ;
#1851 = EDGE_CURVE ( 'NONE', #1790, #1059, #404, .T. ) ;
#1852 = CARTESIAN_POINT ( 'NONE',  ( 1.199999999999999289, 0.5605551275463986904, -0.09999999999999971412 ) ) ;
#1853 = ORIENTED_EDGE ( 'NONE', *, *, #2555, .T. ) ;
#1854 = DIRECTION ( 'NONE',  ( -1.000000000000000000, 0.000000000000000000, 0.000000000000000000 ) ) ;
#1855 = FACE_OUTER_BOUND ( 'NONE', #776, .T. ) ;
#1856 = LINE ( 'NONE', #1226, #858 ) ;
#1857 = ORIENTED_EDGE ( 'NONE', *, *, #483, .F. ) ;
#1858 = CARTESIAN_POINT ( 'NONE',  ( 0.1000000000000003664, 0.2000000000000000111, 1.199999999999999956 ) ) ;
#1859 = AXIS2_PLACEMENT_3D ( 'NONE', #6337, #1911, #1891 ) ;
#1860 = CARTESIAN_POINT ( 'NONE',  ( -1.499999999999999112, 0.1999999999999999833, -0.09999999999999971412 ) ) ;
#1861 = DIRECTION ( 'NONE',  ( -0.000000000000000000, -0.000000000000000000, 1.000000000000000000 ) ) ;
#1862 = FACE_OUTER_BOUND ( 'NONE', #3396, .T. ) ;
#1863 = FACE_OUTER_BOUND ( 'NONE', #1738, .T. ) ;
#1864 = ORIENTED_EDGE ( 'NONE', *, *, #3846, .F. ) ;
#1865 = EDGE_CURVE ( 'NONE', #5158, #1979, #3766, .T. ) ;
#1866 = DIRECTION ( 'NONE',  ( 0.000000000000000000, 0.000000000000000000, -1.000000000000000000 ) ) ;
#1867 = CARTESIAN_POINT ( 'NONE',  ( 0.9500000000000000666, 0.2000000000000000944, -0.9499999999999998446 ) ) ;
#1868 = LINE ( 'NONE', #1716, #778 ) ;
#1869 = LINE ( 'NONE', #2430, #4377 ) ;
#1870 = STYLED_ITEM ( 'NONE', ( #165 ), #1924 ) ;
#1871 = PLANE ( 'NONE',  #76 ) ;
#1872 = COLOUR_RGB ( '',0.7921568627450980005, 0.8196078431372548767, 0.9333333333333333481 ) ;
#1873 = ORIENTED_EDGE ( 'NONE', *, *, #5457, .T. ) ;
#1874 = CARTESIAN_POINT ( 'NONE',  ( 1.500000000000000444, 6.042640687119284593, -1.500000000000000000 ) ) ;
#1875 = PLANE ( 'NONE',  #5005 ) ;
#1876 = FACE_OUTER_BOUND ( 'NONE', #3895, .T. ) ;
#1877 = DIRECTION ( 'NONE',  ( 0.000000000000000000, 0.000000000000000000, -1.000000000000000000 ) ) ;
#1878 = LINE ( 'NONE', #93, #6401 ) ;
#1879 = EDGE_CURVE ( 'NONE', #3252, #2070, #2655, .T. ) ;
#1880 = CARTESIAN_POINT ( 'NONE',  ( -1.199999999999999289, 0.5605551275463986904, -0.4999999999999997780 ) ) ;
#1881 = VERTEX_POINT ( 'NONE', #4207 ) ;
#1882 = PRESENTATION_LAYER_ASSIGNMENT (  '', '', ( #211 ) ) ;
#1883 = LINE ( 'NONE', #3290, #4700 ) ;
#1884 = LINE ( 'NONE', #5335, #6088 ) ;
#1885 = ADVANCED_FACE ( 'NONE', ( #84 ), #1727, .T. ) ;
#1886 = CARTESIAN_POINT ( 'NONE',  ( -0.2999999999999996558, 0.1999999999999999833, 1.199999999999999956 ) ) ;
#1887 = VERTEX_POINT ( 'NONE', #3721 ) ;
#1888 = CARTESIAN_POINT ( 'NONE',  ( 1.199999999999999289, 0.5605551275463986904, -0.3000000000000000999 ) ) ;
#1889 = DIRECTION ( 'NONE',  ( 0.000000000000000000, 0.000000000000000000, 1.000000000000000000 ) ) ;
#1890 = LINE ( 'NONE', #245, #2756 ) ;
#1891 = DIRECTION ( 'NONE',  ( -1.000000000000000000, 0.000000000000000000, 2.168404344971012812E-15 ) ) ;
#1892 = ORIENTED_EDGE ( 'NONE', *, *, #720, .F. ) ;
#1893 = DIRECTION ( 'NONE',  ( -0.000000000000000000, -1.000000000000000000, -0.000000000000000000 ) ) ;
#1894 = VECTOR ( 'NONE', #4854, 1000.000000000000000 ) ;
#1895 = ORIENTED_EDGE ( 'NONE', *, *, #4935, .F. ) ;
#1896 = EDGE_CURVE ( 'NONE', #1445, #5360, #2025, .T. ) ;
#1898 = CARTESIAN_POINT ( 'NONE',  ( -1.199999999999999289, 0.5605551275463986904, 0.5000000000000000000 ) ) ;
#1897 = DIRECTION ( 'NONE',  ( -1.000000000000000000, 0.000000000000000000, 0.000000000000000000 ) ) ;
#1899 = DIRECTION ( 'NONE',  ( 0.000000000000000000, 0.000000000000000000, 1.000000000000000000 ) ) ;
#1900 = PLANE ( 'NONE',  #2674 ) ;
#1901 = EDGE_CURVE ( 'NONE', #6036, #3685, #5467, .T. ) ;
#1902 = CARTESIAN_POINT ( 'NONE',  ( 1.199999999999999289, 0.000000000000000000, -0.7000000000000000666 ) ) ;
#1903 = PLANE ( 'NONE',  #5975 ) ;
#1904 = ORIENTED_EDGE ( 'NONE', *, *, #4800, .T. ) ;
#1905 = DIRECTION ( 'NONE',  ( 1.000000000000000000, 0.000000000000000000, 0.000000000000000000 ) ) ;
#1906 = EDGE_CURVE ( 'NONE', #2405, #5261, #1191, .T. ) ;
#1907 = CARTESIAN_POINT ( 'NONE',  ( 0.1000000000000003664, 0.000000000000000000, 1.199999999999999956 ) ) ;
#1908 = VECTOR ( 'NONE', #5643, 1000.000000000000000 ) ;
#1909 = ORIENTED_EDGE ( 'NONE', *, *, #6382, .F. ) ;
#1910 = ORIENTED_EDGE ( 'NONE', *, *, #5732, .T. ) ;
#1911 = DIRECTION ( 'NONE',  ( -2.168404344971012812E-15, 0.000000000000000000, -1.000000000000000000 ) ) ;
#1912 = EDGE_LOOP ( 'NONE', ( #592, #507, #3283, #2140, #5671, #6307, #1271, #4964, #4622, #1440, #453, #4952, #1168, #1329, #714, #671, #158, #5883, #2569, #6033, #3365, #2336, #6035, #2934, #4179, #1481, #3889, #2310, #4349, #859, #4909, #3984, #3740, #2522, #4251, #3726, #3552, #4902, #3704, #4198, #1763, #1754, #1276, #4718, #6276, #5897, #3061, #4192, #2476, #2868, #2316, #3554, #322, #5469, #1835, #4064, #32, #1393, #4753, #3960, #5913, #4332, #1658, #4888, #4731, #2922, #4416, #4001, #3080, #280, #1387, #2390, #4961, #4498, #6425, #3954, #981, #5035, #4723, #4730, #6338, #4829, #5858, #820 ) ) ;
#1913 = ORIENTED_EDGE ( 'NONE', *, *, #2689, .T. ) ;
#1914 = EDGE_LOOP ( 'NONE', ( #5837, #6044, #5739, #2089 ) ) ;
#1915 = DIRECTION ( 'NONE',  ( 0.000000000000000000, 0.000000000000000000, -1.000000000000000000 ) ) ;
#1916 = DIRECTION ( 'NONE',  ( 0.000000000000000000, 0.000000000000000000, -1.000000000000000000 ) ) ;
#1917 = EDGE_CURVE ( 'NONE', #2601, #782, #1499, .T. ) ;
#1918 = ADVANCED_FACE ( 'NONE', ( #1723 ), #4228, .F. ) ;
#1919 = ORIENTED_EDGE ( 'NONE', *, *, #5342, .T. ) ;
#1920 = ORIENTED_EDGE ( 'NONE', *, *, #1917, .T. ) ;
#1921 = VERTEX_POINT ( 'NONE', #3746 ) ;
#1922 = AXIS2_PLACEMENT_3D ( 'NONE', #4272, #5069, #2126 ) ;
#1923 = CARTESIAN_POINT ( 'NONE',  ( 0.3000000000000007661, 0.2000000000000000111, 1.500000000000000444 ) ) ;
#1924 = MANIFOLD_SOLID_BREP ( 'LPattern3[1]', #2223 ) ;
#1925 = EDGE_LOOP ( 'NONE', ( #1334, #2949, #2787, #1678 ) ) ;
#1926 = ORIENTED_EDGE ( 'NONE', *, *, #2743, .F. ) ;
#1927 = EDGE_CURVE ( 'NONE', #2465, #5867, #2189, .T. ) ;
#1928 = LINE ( 'NONE', #3026, #5836 ) ;
#1929 = DIRECTION ( 'NONE',  ( 0.000000000000000000, 0.000000000000000000, -1.000000000000000000 ) ) ;
#1930 = SURFACE_STYLE_USAGE ( .BOTH. , #992 ) ;
#1931 = VECTOR ( 'NONE', #6192, 1000.000000000000000 ) ;
#1932 = ORIENTED_EDGE ( 'NONE', *, *, #6395, .T. ) ;
#1933 = DIRECTION ( 'NONE',  ( 0.000000000000000000, -1.000000000000000000, 0.000000000000000000 ) ) ;
#1934 = CARTESIAN_POINT ( 'NONE',  ( -0.09999999999999971412, 0.1999999999999999833, -1.500000000000000000 ) ) ;
#1935 = VECTOR ( 'NONE', #2402, 1000.000000000000000 ) ;
#1936 = LINE ( 'NONE', #5625, #1162 ) ;
#1937 = ORIENTED_EDGE ( 'NONE', *, *, #4298, .T. ) ;
#1938 = DIRECTION ( 'NONE',  ( -0.000000000000000000, -1.000000000000000000, -0.000000000000000000 ) ) ;
#1939 = VECTOR ( 'NONE', #1215, 1000.000000000000000 ) ;
#1940 = EDGE_CURVE ( 'NONE', #4359, #3596, #3682, .T. ) ;
#1941 = FACE_OUTER_BOUND ( 'NONE', #5043, .T. ) ;
#1942 = VERTEX_POINT ( 'NONE', #2182 ) ;
#1943 = DIRECTION ( 'NONE',  ( -0.000000000000000000, -1.000000000000000000, -0.000000000000000000 ) ) ;
#1944 = LINE ( 'NONE', #5341, #2011 ) ;
#1945 = CARTESIAN_POINT ( 'NONE',  ( 1.199999999999999289, 0.5605551275463986904, 0.5000000000000000000 ) ) ;
#1946 = EDGE_CURVE ( 'NONE', #3457, #457, #5387, .T. ) ;
#1947 = LINE ( 'NONE', #2575, #3756 ) ;
#1948 = LINE ( 'NONE', #2686, #1010 ) ;
#1949 = ORIENTED_EDGE ( 'NONE', *, *, #4725, .F. ) ;
#1950 = ADVANCED_FACE ( 'NONE', ( #2416 ), #6281, .F. ) ;
#1951 = CARTESIAN_POINT ( 'NONE',  ( -1.499999999999999112, 0.04999999999999969746, -0.7000000000000000666 ) ) ;
#1952 = CARTESIAN_POINT ( 'NONE',  ( 0.000000000000000000, 0.2000000000000000111, 0.000000000000000000 ) ) ;
#1953 = DIRECTION ( 'NONE',  ( -0.000000000000000000, 0.000000000000000000, 1.000000000000000000 ) ) ;
#1954 = FACE_OUTER_BOUND ( 'NONE', #5189, .T. ) ;
#1955 = VECTOR ( 'NONE', #1828, 1000.000000000000000 ) ;
#1956 = LINE ( 'NONE', #849, #3197 ) ;
#1957 = VERTEX_POINT ( 'NONE', #3176 ) ;
#1958 = EDGE_CURVE ( 'NONE', #2381, #1054, #5623, .T. ) ;
#1959 = LINE ( 'NONE', #5332, #2898 ) ;
#1960 = MECHANICAL_DESIGN_GEOMETRIC_PRESENTATION_REPRESENTATION (  '', ( #5083 ), #40 ) ;
#1961 = DIRECTION ( 'NONE',  ( -0.000000000000000000, -0.000000000000000000, 1.000000000000000000 ) ) ;
#1962 = LINE ( 'NONE', #5538, #4704 ) ;
#1963 = ORIENTED_EDGE ( 'NONE', *, *, #5640, .F. ) ;
#1964 = CARTESIAN_POINT ( 'NONE',  ( 1.199999999999999289, 0.5605551275463986904, 0.5000000000000000000 ) ) ;
#1965 = EDGE_CURVE ( 'NONE', #807, #3781, #6328, .T. ) ;
#1966 = CARTESIAN_POINT ( 'NONE',  ( 0.000000000000000000, 0.05000000000000000278, -0.8999999999999998002 ) ) ;
#1967 = DIRECTION ( 'NONE',  ( 0.000000000000000000, 0.000000000000000000, -1.000000000000000000 ) ) ;
#1968 = VERTEX_POINT ( 'NONE', #2848 ) ;
#1969 = CARTESIAN_POINT ( 'NONE',  ( 1.199999999999999289, 0.1999999999999999833, 0.5000000000000000000 ) ) ;
#1970 = LINE ( 'NONE', #5142, #4477 ) ;
#1971 = ORIENTED_EDGE ( 'NONE', *, *, #5487, .T. ) ;
#1972 = FACE_OUTER_BOUND ( 'NONE', #3679, .T. ) ;
#1973 = ORIENTED_EDGE ( 'NONE', *, *, #5468, .T. ) ;
#1974 = DIRECTION ( 'NONE',  ( 0.000000000000000000, -0.000000000000000000, 1.000000000000000000 ) ) ;
#1975 = DIRECTION ( 'NONE',  ( -1.000000000000000000, 0.000000000000000000, 0.000000000000000000 ) ) ;
#1976 = ADVANCED_FACE ( 'NONE', ( #2566 ), #1813, .F. ) ;
#1977 = LINE ( 'NONE', #1188, #4092 ) ;
#1978 = CARTESIAN_POINT ( 'NONE',  ( -1.499999999999999112, 0.000000000000000000, -0.4999999999999997780 ) ) ;
#1979 = VERTEX_POINT ( 'NONE', #5852 ) ;
#1980 = ORIENTED_EDGE ( 'NONE', *, *, #2834, .T. ) ;
#1981 = CARTESIAN_POINT ( 'NONE',  ( 1.499999999999999112, 0.1999999999999999833, 0.09999999999999993616 ) ) ;
#1982 = CARTESIAN_POINT ( 'NONE',  ( 0.9500000000000000666, 2.887005768508881243, 0.9500000000000002887 ) ) ;
#1983 = DIRECTION ( 'NONE',  ( 0.000000000000000000, -1.000000000000000000, 0.000000000000000000 ) ) ;
#1984 = ORIENTED_EDGE ( 'NONE', *, *, #5892, .T. ) ;
#1985 = EDGE_CURVE ( 'NONE', #172, #3624, #2832, .T. ) ;
#1986 = CARTESIAN_POINT ( 'NONE',  ( -0.2999999999999996558, 0.2000000000000000111, 1.500000000000000000 ) ) ;
#1987 = ORIENTED_EDGE ( 'NONE', *, *, #2830, .T. ) ;
#1988 = ORIENTED_EDGE ( 'NONE', *, *, #1965, .T. ) ;
#1989 = ORIENTED_EDGE ( 'NONE', *, *, #2911, .T. ) ;
#1990 = ORIENTED_EDGE ( 'NONE', *, *, #1077, .T. ) ;
#1991 = ORIENTED_EDGE ( 'NONE', *, *, #5133, .F. ) ;
#1992 = VERTEX_POINT ( 'NONE', #2293 ) ;
#1993 = CARTESIAN_POINT ( 'NONE',  ( 0.5000000000000004441, 0.2000000000000000111, 1.500000000000000000 ) ) ;
#1994 = CARTESIAN_POINT ( 'NONE',  ( -1.499999999999999112, 0.1999999999999999833, 0.3000000000000003775 ) ) ;
#1995 = SURFACE_STYLE_USAGE ( .BOTH. , #999 ) ;
#1996 = EDGE_CURVE ( 'NONE', #770, #4937, #6006, .T. ) ;
#1997 = ORIENTED_EDGE ( 'NONE', *, *, #5972, .F. ) ;
#1998 = EDGE_LOOP ( 'NONE', ( #5496, #4887, #5749, #5832 ) ) ;
#1999 = CARTESIAN_POINT ( 'NONE',  ( 0.5000000000000004441, 0.04999999999999969746, 1.500000000000000000 ) ) ;
#2000 = AXIS2_PLACEMENT_3D ( 'NONE', #6435, #4910, #1974 ) ;
#2001 = PLANE ( 'NONE',  #830 ) ;
#2002 = VECTOR ( 'NONE', #4661, 1000.000000000000000 ) ;
#2003 = EDGE_LOOP ( 'NONE', ( #600, #6392, #1081, #6211 ) ) ;
#2004 = DIRECTION ( 'NONE',  ( -1.000000000000000000, 0.000000000000000000, 0.000000000000000000 ) ) ;
#2005 = ADVANCED_FACE ( 'NONE', ( #4857 ), #1875, .T. ) ;
#2006 = CARTESIAN_POINT ( 'NONE',  ( 0.1000000000000003664, 0.2000000000000000111, 1.199999999999999956 ) ) ;
#2007 = AXIS2_PLACEMENT_3D ( 'NONE', #4768, #2273, #3321 ) ;
#2008 = LINE ( 'NONE', #6333, #1935 ) ;
#2009 = FACE_OUTER_BOUND ( 'NONE', #3722, .T. ) ;
#2010 = ORIENTED_EDGE ( 'NONE', *, *, #3289, .T. ) ;
#2011 = VECTOR ( 'NONE', #1854, 1000.000000000000000 ) ;
#2012 = VECTOR ( 'NONE', #2157, 1000.000000000000000 ) ;
#2013 = CARTESIAN_POINT ( 'NONE',  ( 0.9000000000000000222, 0.1999999999999999833, -1.199999999999999956 ) ) ;
#2014 = EDGE_CURVE ( 'NONE', #5230, #5103, #1805, .T. ) ;
#2015 = CARTESIAN_POINT ( 'NONE',  ( 1.199999999999999289, 0.5605551275463986904, -0.7000000000000000666 ) ) ;
#2016 = DIRECTION ( 'NONE',  ( -2.891205793294679312E-16, 0.000000000000000000, -1.000000000000000000 ) ) ;
#2017 = LINE ( 'NONE', #6322, #1086 ) ;
#2018 = ORIENTED_EDGE ( 'NONE', *, *, #654, .F. ) ;
#2019 = EDGE_CURVE ( 'NONE', #3901, #3624, #3204, .T. ) ;
#2020 = CARTESIAN_POINT ( 'NONE',  ( -1.499999999999999112, 0.1999999999999996503, 0.1000000000000000472 ) ) ;
#2021 = DIRECTION ( 'NONE',  ( -0.000000000000000000, 0.000000000000000000, 1.000000000000000000 ) ) ;
#2022 = LINE ( 'NONE', #4710, #6163 ) ;
#2023 = ORIENTED_EDGE ( 'NONE', *, *, #2834, .F. ) ;
#2024 = VECTOR ( 'NONE', #2137, 1000.000000000000000 ) ;
#2025 = LINE ( 'NONE', #2252, #337 ) ;
#2026 = MECHANICAL_DESIGN_GEOMETRIC_PRESENTATION_REPRESENTATION (  '', ( #4719 ), #6169 ) ;
#2027 = DIRECTION ( 'NONE',  ( 0.000000000000000000, 0.000000000000000000, 1.000000000000000000 ) ) ;
#2028 = ORIENTED_EDGE ( 'NONE', *, *, #5521, .T. ) ;
#2029 = VECTOR ( 'NONE', #3392, 1000.000000000000000 ) ;
#2030 = FACE_OUTER_BOUND ( 'NONE', #4313, .T. ) ;
#2031 = EDGE_CURVE ( 'NONE', #4407, #5360, #869, .T. ) ;
#2032 = ORIENTED_EDGE ( 'NONE', *, *, #2048, .T. ) ;
#2033 = CARTESIAN_POINT ( 'NONE',  ( -1.199999999999999289, 0.1999999999999999833, 0.09999999999999993616 ) ) ;
#2034 = CARTESIAN_POINT ( 'NONE',  ( -1.499999999999999112, 0.5605551275463986904, 0.5000000000000000000 ) ) ;
#2035 = DIRECTION ( 'NONE',  ( 0.000000000000000000, 1.000000000000000000, 0.000000000000000000 ) ) ;
#2036 = ADVANCED_FACE ( 'NONE', ( #2486 ), #5814, .T. ) ;
#2037 = VECTOR ( 'NONE', #4513, 1000.000000000000000 ) ;
#2038 = VERTEX_POINT ( 'NONE', #4331 ) ;
#2039 = DIRECTION ( 'NONE',  ( 0.000000000000000000, -1.000000000000000000, 0.000000000000000000 ) ) ;
#2040 = CARTESIAN_POINT ( 'NONE',  ( 1.499999999999999112, 0.000000000000000000, -0.3000000000000000999 ) ) ;
#2041 = EDGE_CURVE ( 'NONE', #4765, #3692, #3437, .T. ) ;
#2042 = LINE ( 'NONE', #5450, #2978 ) ;
#2043 = AXIS2_PLACEMENT_3D ( 'NONE', #791, #5804, #311 ) ;
#2044 = ORIENTED_EDGE ( 'NONE', *, *, #1077, .F. ) ;
#2045 = CARTESIAN_POINT ( 'NONE',  ( 1.500000000000000444, 0.8999999999999998002, -1.500000000000000000 ) ) ;
#2046 = CARTESIAN_POINT ( 'NONE',  ( -0.3000000000000000999, 0.2000000000000000111, -1.199999999999999956 ) ) ;
#2047 = ORIENTED_EDGE ( 'NONE', *, *, #6007, .T. ) ;
#2048 = EDGE_CURVE ( 'NONE', #5230, #257, #4526, .T. ) ;
#2049 = VECTOR ( 'NONE', #5620, 1000.000000000000000 ) ;
#2050 = CARTESIAN_POINT ( 'NONE',  ( 0.5000000000000004441, 0.04999999999999999584, 1.199999999999999956 ) ) ;
#2051 = CARTESIAN_POINT ( 'NONE',  ( -1.199999999999999289, 0.5605551275463986904, 0.3000000000000003775 ) ) ;
#2052 = EDGE_LOOP ( 'NONE', ( #4669, #6388, #2599, #4815 ) ) ;
#2053 = ORIENTED_EDGE ( 'NONE', *, *, #483, .T. ) ;
#2054 = ORIENTED_EDGE ( 'NONE', *, *, #5404, .T. ) ;
#2055 = ORIENTED_EDGE ( 'NONE', *, *, #1781, .F. ) ;
#2056 = DIRECTION ( 'NONE',  ( -0.000000000000000000, -0.000000000000000000, -1.000000000000000000 ) ) ;
#2057 = VERTEX_POINT ( 'NONE', #385 ) ;
#2058 = EDGE_LOOP ( 'NONE', ( #3070, #4561, #5344, #1193 ) ) ;
#2059 = ORIENTED_EDGE ( 'NONE', *, *, #1906, .F. ) ;
#2060 = VERTEX_POINT ( 'NONE', #5833 ) ;
#2061 = PLANE ( 'NONE',  #894 ) ;
#2062 = ORIENTED_EDGE ( 'NONE', *, *, #3893, .T. ) ;
#2063 = ADVANCED_FACE ( 'NONE', ( #545 ), #3877, .F. ) ;
#2064 = EDGE_CURVE ( 'NONE', #5103, #172, #11, .T. ) ;
#2065 = ORIENTED_EDGE ( 'NONE', *, *, #375, .F. ) ;
#2066 = PRESENTATION_LAYER_ASSIGNMENT (  '', '', ( #1744 ) ) ;
#2067 = LINE ( 'NONE', #1157, #4116 ) ;
#2068 = COLOUR_RGB ( '',0.7921568627450980005, 0.8196078431372548767, 0.9333333333333333481 ) ;
#2069 = CARTESIAN_POINT ( 'NONE',  ( 0.1000000000000003664, 0.1999999999999999833, 1.199999999999999956 ) ) ;
#2070 = VERTEX_POINT ( 'NONE', #4795 ) ;
#2071 = DIRECTION ( 'NONE',  ( -1.000000000000000000, 0.000000000000000000, 0.000000000000000000 ) ) ;
#2072 = CARTESIAN_POINT ( 'NONE',  ( -1.199999999999999289, 0.5605551275463986904, 0.09999999999999993616 ) ) ;
#2073 = EDGE_CURVE ( 'NONE', #2211, #3781, #6162, .T. ) ;
#2074 = LINE ( 'NONE', #2344, #6228 ) ;
#2075 = CARTESIAN_POINT ( 'NONE',  ( -0.6999999999999996225, 0.2000000000000000111, 1.500000000000000000 ) ) ;
#2076 = AXIS2_PLACEMENT_3D ( 'NONE', #1124, #3628, #4612 ) ;
#2077 = DIRECTION ( 'NONE',  ( 0.000000000000000000, 1.000000000000000000, 0.000000000000000000 ) ) ;
#2078 = FACE_OUTER_BOUND ( 'NONE', #6368, .T. ) ;
#2079 = ORIENTED_EDGE ( 'NONE', *, *, #5513, .F. ) ;
#2080 = DIRECTION ( 'NONE',  ( 0.000000000000000000, 0.000000000000000000, -1.000000000000000000 ) ) ;
#2081 = LINE ( 'NONE', #4365, #3507 ) ;
#2082 = DIRECTION ( 'NONE',  ( 1.000000000000000000, -0.000000000000000000, 0.000000000000000000 ) ) ;
#2083 = EDGE_LOOP ( 'NONE', ( #4921, #1980, #3844, #554 ) ) ;
#2084 = DIRECTION ( 'NONE',  ( -1.000000000000000000, 0.000000000000000000, 0.000000000000000000 ) ) ;
#2085 = DIRECTION ( 'NONE',  ( -1.000000000000000000, 0.000000000000000000, 0.000000000000000000 ) ) ;
#2086 = FACE_OUTER_BOUND ( 'NONE', #6346, .T. ) ;
#2087 = VECTOR ( 'NONE', #2542, 1000.000000000000000 ) ;
#2088 = LINE ( 'NONE', #146, #1268 ) ;
#2089 = ORIENTED_EDGE ( 'NONE', *, *, #1580, .F. ) ;
#2090 =( LENGTH_UNIT ( ) NAMED_UNIT ( * ) SI_UNIT ( .MILLI., .METRE. ) );
#2091 = VECTOR ( 'NONE', #310, 1000.000000000000000 ) ;
#2092 = EDGE_CURVE ( 'NONE', #5508, #526, #5860, .T. ) ;
#2093 = DIRECTION ( 'NONE',  ( 1.000000000000000000, -0.000000000000000000, 0.000000000000000000 ) ) ;
#2094 = CARTESIAN_POINT ( 'NONE',  ( 0.9000000000000000222, 0.04999999999999999584, -1.199999999999999956 ) ) ;
#2095 = ADVANCED_FACE ( 'NONE', ( #2340 ), #2110, .F. ) ;
#2096 = LINE ( 'NONE', #4261, #4780 ) ;
#2097 = VERTEX_POINT ( 'NONE', #4478 ) ;
#2098 = EDGE_CURVE ( 'NONE', #2820, #629, #6321, .T. ) ;
#2099 = CARTESIAN_POINT ( 'NONE',  ( -0.09999999999999928391, 0.000000000000000000, 1.200000000000000622 ) ) ;
#2100 = PLANE ( 'NONE',  #2482 ) ;
#2101 = FACE_OUTER_BOUND ( 'NONE', #4763, .T. ) ;
#2102 = FACE_OUTER_BOUND ( 'NONE', #4906, .T. ) ;
#2103 = VERTEX_POINT ( 'NONE', #5725 ) ;
#2104 = EDGE_CURVE ( 'NONE', #2607, #4290, #5934, .T. ) ;
#2105 = CARTESIAN_POINT ( 'NONE',  ( -1.199999999999999289, 0.000000000000000000, -0.3000000000000000999 ) ) ;
#2106 = DIRECTION ( 'NONE',  ( -1.000000000000000000, 0.000000000000000000, 0.000000000000000000 ) ) ;
#2107 = MANIFOLD_SOLID_BREP ( 'LPattern2', #4070 ) ;
#2108 =( GEOMETRIC_REPRESENTATION_CONTEXT ( 3 ) GLOBAL_UNCERTAINTY_ASSIGNED_CONTEXT ( ( #4445 ) ) GLOBAL_UNIT_ASSIGNED_CONTEXT ( ( #4488, #4472, #4530 ) ) REPRESENTATION_CONTEXT ( 'NONE', 'WORKASPACE' ) );
#2110 = PLANE ( 'NONE',  #5672 ) ;
#2109 = CARTESIAN_POINT ( 'NONE',  ( 0.000000000000000000, 0.000000000000000000, 0.4000000000000000222 ) ) ;
#2111 = CARTESIAN_POINT ( 'NONE',  ( -1.499999999999999112, 0.000000000000000000, -0.3000000000000000999 ) ) ;
#2112 = LINE ( 'NONE', #2730, #1655 ) ;
#2113 = CARTESIAN_POINT ( 'NONE',  ( -0.09999999999999928391, 0.5605551275463992456, 1.500000000000000444 ) ) ;
#2114 = ORIENTED_EDGE ( 'NONE', *, *, #3012, .F. ) ;
#2115 = EDGE_CURVE ( 'NONE', #2488, #5052, #2824, .T. ) ;
#2116 = LINE ( 'NONE', #2457, #2288 ) ;
#2117 =( NAMED_UNIT ( * ) PLANE_ANGLE_UNIT ( ) SI_UNIT ( $, .RADIAN. ) );
#2118 = ORIENTED_EDGE ( 'NONE', *, *, #5159, .T. ) ;
#2119 = CARTESIAN_POINT ( 'NONE',  ( 0.5000000000000000000, 0.5605551275463992456, -1.199999999999999956 ) ) ;
#2120 = DIRECTION ( 'NONE',  ( 0.000000000000000000, -0.000000000000000000, 1.000000000000000000 ) ) ;
#2121 = PLANE ( 'NONE',  #2317 ) ;
#2122 = LINE ( 'NONE', #2374, #5950 ) ;
#2123 = DIRECTION ( 'NONE',  ( -0.000000000000000000, -1.000000000000000000, -0.000000000000000000 ) ) ;
#2124 =( NAMED_UNIT ( * ) PLANE_ANGLE_UNIT ( ) SI_UNIT ( $, .RADIAN. ) );
#2125 = VERTEX_POINT ( 'NONE', #3216 ) ;
#2126 = DIRECTION ( 'NONE',  ( 0.000000000000000000, -0.000000000000000000, -1.000000000000000000 ) ) ;
#2127 = STYLED_ITEM ( 'NONE', ( #5771 ), #5884 ) ;
#2128 = DIRECTION ( 'NONE',  ( -1.000000000000000000, 0.000000000000000000, 0.000000000000000000 ) ) ;
#2129 = VECTOR ( 'NONE', #4173, 1000.000000000000000 ) ;
#2130 = PLANE ( 'NONE',  #3696 ) ;
#2131 = CARTESIAN_POINT ( 'NONE',  ( 0.000000000000000000, 0.2000000000000000111, 0.000000000000000000 ) ) ;
#2132 = ORIENTED_EDGE ( 'NONE', *, *, #4180, .T. ) ;
#2134 = DIRECTION ( 'NONE',  ( 0.000000000000000000, 1.000000000000000000, 0.000000000000000000 ) ) ;
#2133 = DIRECTION ( 'NONE',  ( 0.000000000000000000, -0.000000000000000000, 1.000000000000000000 ) ) ;
#2135 = ADVANCED_FACE ( 'NONE', ( #5614 ), #5775, .F. ) ;
#2136 = ORIENTED_EDGE ( 'NONE', *, *, #991, .F. ) ;
#2137 = DIRECTION ( 'NONE',  ( -1.000000000000000000, 0.000000000000000000, 0.000000000000000000 ) ) ;
#2138 = VERTEX_POINT ( 'NONE', #456 ) ;
#2139 = EDGE_CURVE ( 'NONE', #2912, #761, #5459, .T. ) ;
#2140 = ORIENTED_EDGE ( 'NONE', *, *, #4007, .F. ) ;
#2141 = EDGE_CURVE ( 'NONE', #2144, #1640, #2183, .T. ) ;
#2142 = EDGE_LOOP ( 'NONE', ( #1242, #964, #4691, #6089 ) ) ;
#2143 = ORIENTED_EDGE ( 'NONE', *, *, #8, .T. ) ;
#2144 = VERTEX_POINT ( 'NONE', #5505 ) ;
#2145 = DIRECTION ( 'NONE',  ( -0.000000000000000000, 0.000000000000000000, 1.000000000000000000 ) ) ;
#2146 =( NAMED_UNIT ( * ) PLANE_ANGLE_UNIT ( ) SI_UNIT ( $, .RADIAN. ) );
#2147 = SURFACE_SIDE_STYLE ('',( #6147 ) ) ;
#2148 = VERTEX_POINT ( 'NONE', #5042 ) ;
#2149 =( NAMED_UNIT ( * ) SI_UNIT ( $, .STERADIAN. ) SOLID_ANGLE_UNIT ( ) );
#2150 = CARTESIAN_POINT ( 'NONE',  ( -1.199999999999999289, 0.5605551275463986904, 0.7000000000000002887 ) ) ;
#2151 = ORIENTED_EDGE ( 'NONE', *, *, #47, .T. ) ;
#2152 = PLANE ( 'NONE',  #4537 ) ;
#2153 = DIRECTION ( 'NONE',  ( -0.000000000000000000, -1.000000000000000000, -0.000000000000000000 ) ) ;
#2154 = ORIENTED_EDGE ( 'NONE', *, *, #2796, .F. ) ;
#2155 = LINE ( 'NONE', #1966, #844 ) ;
#2156 = ORIENTED_EDGE ( 'NONE', *, *, #4585, .F. ) ;
#2157 = DIRECTION ( 'NONE',  ( 0.000000000000000000, 0.000000000000000000, 1.000000000000000000 ) ) ;
#2158 = CARTESIAN_POINT ( 'NONE',  ( 0.000000000000000000, 0.2000000000000000111, 0.000000000000000000 ) ) ;
#2159 = CARTESIAN_POINT ( 'NONE',  ( -1.499999999999999112, 0.5605551275463986904, 0.09999999999999993616 ) ) ;
#2160 = EDGE_CURVE ( 'NONE', #2529, #150, #1869, .T. ) ;
#2161 = ORIENTED_EDGE ( 'NONE', *, *, #3932, .T. ) ;
#2162 = DIRECTION ( 'NONE',  ( 0.000000000000000000, 0.000000000000000000, -1.000000000000000000 ) ) ;
#2163 = VECTOR ( 'NONE', #3716, 1000.000000000000000 ) ;
#2164 = ORIENTED_EDGE ( 'NONE', *, *, #444, .T. ) ;
#2165 = AXIS2_PLACEMENT_3D ( 'NONE', #3388, #3905, #4464 ) ;
#2166 = VECTOR ( 'NONE', #472, 1000.000000000000000 ) ;
#2167 = DIRECTION ( 'NONE',  ( 0.000000000000000000, -0.000000000000000000, -1.000000000000000000 ) ) ;
#2168 = CARTESIAN_POINT ( 'NONE',  ( -0.7000000000000000666, 0.5605551275463992456, -1.199999999999999956 ) ) ;
#2169 = PLANE ( 'NONE',  #2811 ) ;
#2170 = CLOSED_SHELL ( 'NONE', ( #944, #4810, #4936, #3223, #2005, #2740 ) ) ;
#2171 = EDGE_CURVE ( 'NONE', #5099, #1232, #3593, .T. ) ;
#2172 = SURFACE_STYLE_USAGE ( .BOTH. , #721 ) ;
#2173 = FACE_OUTER_BOUND ( 'NONE', #3719, .T. ) ;
#2174 = DIRECTION ( 'NONE',  ( 0.000000000000000000, 0.000000000000000000, -1.000000000000000000 ) ) ;
#2175 = CARTESIAN_POINT ( 'NONE',  ( 1.199999999999999289, 0.1999999999999999833, -0.7000000000000000666 ) ) ;
#2176 = VECTOR ( 'NONE', #5597, 1000.000000000000000 ) ;
#2177 = LINE ( 'NONE', #6299, #866 ) ;
#2178 = EDGE_LOOP ( 'NONE', ( #2936, #1218, #4372, #5285 ) ) ;
#2179 = PLANE ( 'NONE',  #1015 ) ;
#2180 = VECTOR ( 'NONE', #139, 1000.000000000000000 ) ;
#2181 = CARTESIAN_POINT ( 'NONE',  ( -0.09999999999999971412, 0.04999999999999969746, -1.500000000000000000 ) ) ;
#2182 = CARTESIAN_POINT ( 'NONE',  ( -1.499999999999999112, 0.04999999999999969746, -0.4999999999999997780 ) ) ;
#2183 = LINE ( 'NONE', #6403, #1182 ) ;
#2184 = CARTESIAN_POINT ( 'NONE',  ( -0.6999999999999996225, 0.04999999999999999584, 1.199999999999999956 ) ) ;
#2185 = ORIENTED_EDGE ( 'NONE', *, *, #4128, .T. ) ;
#2186 = EDGE_CURVE ( 'NONE', #589, #770, #4849, .T. ) ;
#2188 = VECTOR ( 'NONE', #5782, 1000.000000000000000 ) ;
#2187 = DIRECTION ( 'NONE',  ( 1.000000000000000000, 0.000000000000000000, 0.000000000000000000 ) ) ;
#2189 = LINE ( 'NONE', #1679, #247 ) ;
#2190 = ORIENTED_EDGE ( 'NONE', *, *, #748, .F. ) ;
#2191 = DIRECTION ( 'NONE',  ( -1.000000000000000000, 0.000000000000000000, 0.000000000000000000 ) ) ;
#2192 = SURFACE_SIDE_STYLE ('',( #5119 ) ) ;
#2193 = CARTESIAN_POINT ( 'NONE',  ( 0.8000000000000000444, 0.2000000000000000111, 0.000000000000000000 ) ) ;
#2194 = VECTOR ( 'NONE', #3429, 1000.000000000000000 ) ;
#2195 = ORIENTED_EDGE ( 'NONE', *, *, #6382, .T. ) ;
#2196 = DIRECTION ( 'NONE',  ( 0.000000000000000000, 0.000000000000000000, -1.000000000000000000 ) ) ;
#2197 = DIRECTION ( 'NONE',  ( 0.000000000000000000, 0.000000000000000000, 1.000000000000000000 ) ) ;
#2198 = MANIFOLD_SOLID_BREP ( 'LPattern3[2]', #5971 ) ;
#2199 = CARTESIAN_POINT ( 'NONE',  ( 0.9000000000000003553, 0.05000000000000000278, 0.000000000000000000 ) ) ;
#2200 = VECTOR ( 'NONE', #5014, 1000.000000000000000 ) ;
#2201 = EDGE_CURVE ( 'NONE', #1252, #3710, #1348, .T. ) ;
#2202 = ORIENTED_EDGE ( 'NONE', *, *, #4767, .T. ) ;
#2203 = PLANE ( 'NONE',  #5020 ) ;
#2204 = DIRECTION ( 'NONE',  ( 2.891205793294679312E-16, -0.000000000000000000, 1.000000000000000000 ) ) ;
#2205 = MECHANICAL_DESIGN_GEOMETRIC_PRESENTATION_REPRESENTATION (  '', ( #4134 ), #6259 ) ;
#2206 = DIRECTION ( 'NONE',  ( 0.000000000000000000, 0.000000000000000000, -1.000000000000000000 ) ) ;
#2207 = CARTESIAN_POINT ( 'NONE',  ( 1.199999999999999289, 0.5605551275463986904, -0.3000000000000000999 ) ) ;
#2208 = CARTESIAN_POINT ( 'NONE',  ( 1.499999999999999112, 0.5605551275463986904, 0.09999999999999993616 ) ) ;
#2209 = VECTOR ( 'NONE', #4266, 1000.000000000000000 ) ;
#2210 = DIRECTION ( 'NONE',  ( 1.000000000000000000, 0.000000000000000000, 0.000000000000000000 ) ) ;
#2211 = VERTEX_POINT ( 'NONE', #4053 ) ;
#2212 = EDGE_CURVE ( 'NONE', #3685, #5175, #2567, .T. ) ;
#2213 = ADVANCED_FACE ( 'NONE', ( #3988 ), #2469, .T. ) ;
#2214 = CARTESIAN_POINT ( 'NONE',  ( 1.499999999999999112, 0.5605551275463986904, 0.9000000000000000222 ) ) ;
#2215 = FACE_OUTER_BOUND ( 'NONE', #1462, .T. ) ;
#2216 = DIRECTION ( 'NONE',  ( -0.000000000000000000, -0.000000000000000000, 1.000000000000000000 ) ) ;
#2217 = ORIENTED_EDGE ( 'NONE', *, *, #5448, .F. ) ;
#2218 = DIRECTION ( 'NONE',  ( 0.000000000000000000, -0.000000000000000000, 1.000000000000000000 ) ) ;
#2219 = FILL_AREA_STYLE_COLOUR ( '', #4366 ) ;
#2220 = CARTESIAN_POINT ( 'NONE',  ( -1.499999999999999112, 0.5605551275463986904, -0.3000000000000000999 ) ) ;
#2221 = VERTEX_POINT ( 'NONE', #2530 ) ;
#2222 = ORIENTED_EDGE ( 'NONE', *, *, #1575, .T. ) ;
#2223 = CLOSED_SHELL ( 'NONE', ( #4532, #1034, #5348, #2281, #4899, #5122 ) ) ;
#2224 = ORIENTED_EDGE ( 'NONE', *, *, #4180, .F. ) ;
#2225 = CARTESIAN_POINT ( 'NONE',  ( -0.8999999999999998002, 0.2000000000000000111, -1.200000000000000178 ) ) ;
#2226 = DIRECTION ( 'NONE',  ( -0.000000000000000000, -0.000000000000000000, -1.000000000000000000 ) ) ;
#2227 = ORIENTED_EDGE ( 'NONE', *, *, #5914, .F. ) ;
#2228 = DIRECTION ( 'NONE',  ( -0.000000000000000000, -1.000000000000000000, -0.000000000000000000 ) ) ;
#2229 = DIRECTION ( 'NONE',  ( 0.000000000000000000, -0.000000000000000000, -1.000000000000000000 ) ) ;
#2230 = CARTESIAN_POINT ( 'NONE',  ( 0.3000000000000003775, 0.2000000000000000111, -1.200000000000000178 ) ) ;
#2231 = ORIENTED_EDGE ( 'NONE', *, *, #3749, .T. ) ;
#2232 = ORIENTED_EDGE ( 'NONE', *, *, #6422, .T. ) ;
#2233 = VERTEX_POINT ( 'NONE', #1542 ) ;
#2234 = EDGE_CURVE ( 'NONE', #2923, #540, #4230, .T. ) ;
#2235 = ORIENTED_EDGE ( 'NONE', *, *, #3900, .F. ) ;
#2236 = EDGE_CURVE ( 'NONE', #2253, #4175, #157, .T. ) ;
#2237 = ORIENTED_EDGE ( 'NONE', *, *, #1211, .T. ) ;
#2238 = CARTESIAN_POINT ( 'NONE',  ( -0.8999999999999993561, 0.2000000000000000111, 1.200000000000000622 ) ) ;
#2239 = CARTESIAN_POINT ( 'NONE',  ( 1.499999999999999112, 0.000000000000000000, -0.7000000000000000666 ) ) ;
#2240 = LINE ( 'NONE', #1085, #3078 ) ;
#2241 = CARTESIAN_POINT ( 'NONE',  ( -0.4999999999999997780, 0.1999999999999999833, -1.200000000000000178 ) ) ;
#2242 = ORIENTED_EDGE ( 'NONE', *, *, #1436, .F. ) ;
#2243 = EDGE_CURVE ( 'NONE', #3495, #2253, #5606, .T. ) ;
#2244 = PLANE ( 'NONE',  #5760 ) ;
#2245 = CARTESIAN_POINT ( 'NONE',  ( 0.9500000000000000666, 2.887005768508881243, -0.9499999999999998446 ) ) ;
#2246 = ORIENTED_EDGE ( 'NONE', *, *, #2073, .T. ) ;
#2247 = AXIS2_PLACEMENT_3D ( 'NONE', #484, #984, #2021 ) ;
#2248 = CARTESIAN_POINT ( 'NONE',  ( 1.199999999999999289, 0.5605551275463986904, 0.7000000000000002887 ) ) ;
#2249 = FACE_OUTER_BOUND ( 'NONE', #1752, .T. ) ;
#2250 = CARTESIAN_POINT ( 'NONE',  ( 0.3000000000000007661, 0.5605551275463992456, 1.500000000000000444 ) ) ;
#2251 = LINE ( 'NONE', #1043, #1337 ) ;
#2252 = CARTESIAN_POINT ( 'NONE',  ( 0.7000000000000002887, 0.000000000000000000, -1.200000000000000178 ) ) ;
#2253 = VERTEX_POINT ( 'NONE', #4013 ) ;
#2254 = CARTESIAN_POINT ( 'NONE',  ( 0.9500000000000000666, 0.2000000000000000944, -0.9499999999999998446 ) ) ;
#2255 = EDGE_CURVE ( 'NONE', #5960, #2895, #3281, .T. ) ;
#2256 = VECTOR ( 'NONE', #1204, 1000.000000000000000 ) ;
#2257 = VECTOR ( 'NONE', #1699, 1000.000000000000000 ) ;
#2258 = AXIS2_PLACEMENT_3D ( 'NONE', #3441, #1915, #3505 ) ;
#2259 = LINE ( 'NONE', #5653, #937 ) ;
#2260 = ORIENTED_EDGE ( 'NONE', *, *, #3861, .T. ) ;
#2261 = SURFACE_STYLE_USAGE ( .BOTH. , #234 ) ;
#2262 = CARTESIAN_POINT ( 'NONE',  ( -0.8999999999999998002, 0.2000000000000000111, -1.200000000000000178 ) ) ;
#2263 = LINE ( 'NONE', #601, #939 ) ;
#2264 = LINE ( 'NONE', #6080, #5780 ) ;
#2265 = LINE ( 'NONE', #6250, #1341 ) ;
#2266 = EDGE_CURVE ( 'NONE', #5844, #1841, #617, .T. ) ;
#2267 = VERTEX_POINT ( 'NONE', #5962 ) ;
#2268 = DIRECTION ( 'NONE',  ( 2.891205793294679312E-16, -0.000000000000000000, 1.000000000000000000 ) ) ;
#2269 = AXIS2_PLACEMENT_3D ( 'NONE', #757, #843, #864 ) ;
#2270 = PLANE ( 'NONE',  #2287 ) ;
#2271 = COLOUR_RGB ( '',0.7921568627450980005, 0.8196078431372548767, 0.9333333333333333481 ) ;
#2272 = ORIENTED_EDGE ( 'NONE', *, *, #3184, .F. ) ;
#2273 = DIRECTION ( 'NONE',  ( 1.000000000000000000, 0.000000000000000000, 0.000000000000000000 ) ) ;
#2274 =( LENGTH_UNIT ( ) NAMED_UNIT ( * ) SI_UNIT ( .MILLI., .METRE. ) );
#2275 = LINE ( 'NONE', #2113, #4535 ) ;
#2276 = DIRECTION ( 'NONE',  ( -1.000000000000000000, 0.000000000000000000, 0.000000000000000000 ) ) ;
#2277 = VECTOR ( 'NONE', #2565, 1000.000000000000000 ) ;
#2278 = ORIENTED_EDGE ( 'NONE', *, *, #1397, .F. ) ;
#2279 = EDGE_CURVE ( 'NONE', #2619, #1806, #4304, .T. ) ;
#2280 = LINE ( 'NONE', #6235, #957 ) ;
#2281 = ADVANCED_FACE ( 'NONE', ( #4 ), #3, .F. ) ;
#2282 = CARTESIAN_POINT ( 'NONE',  ( 0.9000000000000000222, 0.000000000000000000, -1.500000000000000000 ) ) ;
#2283 = VERTEX_POINT ( 'NONE', #3479 ) ;
#2284 = CARTESIAN_POINT ( 'NONE',  ( -1.199999999999999289, 0.000000000000000000, 0.3000000000000003775 ) ) ;
#2285 = CARTESIAN_POINT ( 'NONE',  ( 1.199999999999999289, 0.1999999999999999833, 0.5000000000000000000 ) ) ;
#2286 = CARTESIAN_POINT ( 'NONE',  ( -1.199999999999999289, 0.5605551275463986904, -0.7000000000000000666 ) ) ;
#2287 = AXIS2_PLACEMENT_3D ( 'NONE', #5761, #1694, #2774 ) ;
#2288 = VECTOR ( 'NONE', #3466, 1000.000000000000000 ) ;
#2289 = CARTESIAN_POINT ( 'NONE',  ( -1.199999999999999289, 0.5605551275463986904, -0.8999999999999998002 ) ) ;
#2290 = VERTEX_POINT ( 'NONE', #22 ) ;
#2291 = EDGE_CURVE ( 'NONE', #4563, #1362, #2409, .T. ) ;
#2292 = VECTOR ( 'NONE', #4360, 1000.000000000000000 ) ;
#2293 = CARTESIAN_POINT ( 'NONE',  ( 0.09999999999999993616, 0.000000000000000000, -1.500000000000000000 ) ) ;
#2294 = VERTEX_POINT ( 'NONE', #3589 ) ;
#2295 = AXIS2_PLACEMENT_3D ( 'NONE', #4979, #1905, #2442 ) ;
#2296 = DIRECTION ( 'NONE',  ( 1.000000000000000000, -0.000000000000000000, -2.168404344971012812E-15 ) ) ;
#2297 = EDGE_CURVE ( 'NONE', #5317, #3486, #5306, .T. ) ;
#2298 = VERTEX_POINT ( 'NONE', #5609 ) ;
#2299 = ORIENTED_EDGE ( 'NONE', *, *, #2141, .F. ) ;
#2300 = AXIS2_PLACEMENT_3D ( 'NONE', #4384, #3848, #1403 ) ;
#2301 = LINE ( 'NONE', #880, #5275 ) ;
#2302 = CARTESIAN_POINT ( 'NONE',  ( 0.9500000000000000666, 2.887005768508881243, 0.9500000000000002887 ) ) ;
#2303 = VERTEX_POINT ( 'NONE', #2013 ) ;
#2304 = DIRECTION ( 'NONE',  ( 1.000000000000000000, 0.000000000000000000, 0.000000000000000000 ) ) ;
#2305 = EDGE_LOOP ( 'NONE', ( #5520, #1538, #5168, #1602 ) ) ;
#2306 = ORIENTED_EDGE ( 'NONE', *, *, #5573, .T. ) ;
#2307 = VERTEX_POINT ( 'NONE', #2069 ) ;
#2308 = ADVANCED_FACE ( 'NONE', ( #4061 ), #5637, .T. ) ;
#2309 =( NAMED_UNIT ( * ) SI_UNIT ( $, .STERADIAN. ) SOLID_ANGLE_UNIT ( ) );
#2310 = ORIENTED_EDGE ( 'NONE', *, *, #459, .F. ) ;
#2311 = DIRECTION ( 'NONE',  ( -0.000000000000000000, -1.000000000000000000, -0.000000000000000000 ) ) ;
#2312 = CARTESIAN_POINT ( 'NONE',  ( -1.199999999999999289, 0.000000000000000000, -0.3000000000000000999 ) ) ;
#2313 = FACE_OUTER_BOUND ( 'NONE', #6034, .T. ) ;
#2314 = ORIENTED_EDGE ( 'NONE', *, *, #1389, .T. ) ;
#2315 = UNCERTAINTY_MEASURE_WITH_UNIT (LENGTH_MEASURE( 1.000000000000000082E-05 ), #4241, 'distance_accuracy_value', 'NONE');
#2316 = ORIENTED_EDGE ( 'NONE', *, *, #4859, .F. ) ;
#2317 = AXIS2_PLACEMENT_3D ( 'NONE', #3073, #1159, #5664 ) ;
#2318 = DIRECTION ( 'NONE',  ( 0.000000000000000000, 0.000000000000000000, 1.000000000000000000 ) ) ;
#2319 = LINE ( 'NONE', #6260, #603 ) ;
#2320 = EDGE_LOOP ( 'NONE', ( #1378, #2385, #3698, #1055 ) ) ;
#2321 = DIRECTION ( 'NONE',  ( -2.282530889443167022E-16, 0.000000000000000000, 1.000000000000000000 ) ) ;
#2322 = EDGE_CURVE ( 'NONE', #6036, #1312, #2088, .T. ) ;
#2323 = CARTESIAN_POINT ( 'NONE',  ( -1.499999999999999112, 0.1999999999999999833, 0.7000000000000002887 ) ) ;
#2324 = VECTOR ( 'NONE', #463, 1000.000000000000000 ) ;
#2325 = VECTOR ( 'NONE', #2694, 1000.000000000000000 ) ;
#2326 = ORIENTED_EDGE ( 'NONE', *, *, #6185, .T. ) ;
#2327 = PRESENTATION_LAYER_ASSIGNMENT (  '', '', ( #994 ) ) ;
#2328 = CARTESIAN_POINT ( 'NONE',  ( -0.2999999999999996558, 0.2000000000000000111, 1.500000000000000000 ) ) ;
#2329 = DIRECTION ( 'NONE',  ( -0.000000000000000000, -1.000000000000000000, -0.000000000000000000 ) ) ;
#2330 = VECTOR ( 'NONE', #2964, 1000.000000000000000 ) ;
#2331 = CARTESIAN_POINT ( 'NONE',  ( -1.199999999999999289, 0.1999999999999999833, 0.3000000000000003775 ) ) ;
#2332 = VECTOR ( 'NONE', #4206, 1000.000000000000000 ) ;
#2333 = PLANE ( 'NONE',  #5825 ) ;
#2334 = CARTESIAN_POINT ( 'NONE',  ( -0.8999999999999993561, 0.2000000000000000111, 1.200000000000000622 ) ) ;
#2335 = FACE_OUTER_BOUND ( 'NONE', #3412, .T. ) ;
#2336 = ORIENTED_EDGE ( 'NONE', *, *, #6422, .F. ) ;
#2337 = EDGE_CURVE ( 'NONE', #761, #2294, #1947, .T. ) ;
#2338 = LINE ( 'NONE', #2670, #1017 ) ;
#2339 = AXIS2_PLACEMENT_3D ( 'NONE', #478, #979, #4473 ) ;
#2340 = FACE_OUTER_BOUND ( 'NONE', #5911, .T. ) ;
#2341 = LINE ( 'NONE', #1380, #3103 ) ;
#2342 = ORIENTED_EDGE ( 'NONE', *, *, #5420, .F. ) ;
#2343 = ADVANCED_FACE ( 'NONE', ( #2953 ), #5659, .F. ) ;
#2344 = CARTESIAN_POINT ( 'NONE',  ( -1.199999999999999289, 0.5605551275463986904, -0.8999999999999998002 ) ) ;
#2345 = VECTOR ( 'NONE', #5276, 1000.000000000000000 ) ;
#2346 = CARTESIAN_POINT ( 'NONE',  ( 1.499999999999999112, 0.1999999999999999833, 0.9000000000000000222 ) ) ;
#2347 = VECTOR ( 'NONE', #819, 1000.000000000000000 ) ;
#2348 = ORIENTED_EDGE ( 'NONE', *, *, #3071, .T. ) ;
#2349 = DIRECTION ( 'NONE',  ( -0.000000000000000000, -1.000000000000000000, -0.000000000000000000 ) ) ;
#2350 = AXIS2_PLACEMENT_3D ( 'NONE', #2588, #1596, #4157 ) ;
#2351 = VECTOR ( 'NONE', #3329, 1000.000000000000000 ) ;
#2352 = EDGE_LOOP ( 'NONE', ( #4890, #3742, #3904, #3098 ) ) ;
#2353 = DIRECTION ( 'NONE',  ( -0.000000000000000000, -1.000000000000000000, -0.000000000000000000 ) ) ;
#2354 = UNCERTAINTY_MEASURE_WITH_UNIT (LENGTH_MEASURE( 1.000000000000000082E-05 ), #3481, 'distance_accuracy_value', 'NONE');
#2355 = EDGE_CURVE ( 'NONE', #3727, #2826, #1638, .T. ) ;
#2356 = CARTESIAN_POINT ( 'NONE',  ( -1.499999999999998668, 0.05000000000000000278, 1.499999999999999556 ) ) ;
#2357 = LINE ( 'NONE', #4480, #963 ) ;
#2358 = EDGE_CURVE ( 'NONE', #3734, #1887, #239, .T. ) ;
#2359 = ORIENTED_EDGE ( 'NONE', *, *, #4223, .T. ) ;
#2360 = LINE ( 'NONE', #5164, #1443 ) ;
#2361 = ORIENTED_EDGE ( 'NONE', *, *, #2255, .F. ) ;
#2362 = CARTESIAN_POINT ( 'NONE',  ( -1.499999999999999112, 0.1999999999999999833, -0.3000000000000000999 ) ) ;
#2363 = AXIS2_PLACEMENT_3D ( 'NONE', #3557, #6051, #637 ) ;
#2364 = CARTESIAN_POINT ( 'NONE',  ( 0.000000000000000000, 0.05000000000000000278, -0.4999999999999997780 ) ) ;
#2365 = FACE_OUTER_BOUND ( 'NONE', #5691, .T. ) ;
#2366 = ORIENTED_EDGE ( 'NONE', *, *, #712, .T. ) ;
#2367 = CARTESIAN_POINT ( 'NONE',  ( 1.199999999999999289, 0.5605551275463986904, -0.8999999999999998002 ) ) ;
#2368 = EDGE_CURVE ( 'NONE', #4861, #2233, #5781, .T. ) ;
#2369 = ADVANCED_FACE ( 'NONE', ( #4449 ), #3163, .T. ) ;
#2370 = ORIENTED_EDGE ( 'NONE', *, *, #1917, .F. ) ;
#2371 = AXIS2_PLACEMENT_3D ( 'NONE', #1586, #2071, #6020 ) ;
#2373 = CARTESIAN_POINT ( 'NONE',  ( 1.499999999999999112, 0.1999999999999999833, -0.09999999999999971412 ) ) ;
#2372 = CARTESIAN_POINT ( 'NONE',  ( 1.499999999999999112, 0.1999999999999999833, -0.7000000000000000666 ) ) ;
#2374 = CARTESIAN_POINT ( 'NONE',  ( 1.199999999999999289, 0.1999999999999999833, 0.7000000000000002887 ) ) ;
#2375 = ORIENTED_EDGE ( 'NONE', *, *, #2098, .T. ) ;
#2376 = ORIENTED_EDGE ( 'NONE', *, *, #2657, .T. ) ;
#2377 = EDGE_LOOP ( 'NONE', ( #5426, #6171, #2526, #379 ) ) ;
#2378 = CARTESIAN_POINT ( 'NONE',  ( 1.500000000000000444, 0.05000000000000000278, 1.500000000000000000 ) ) ;
#2379 = VERTEX_POINT ( 'NONE', #621 ) ;
#2380 = EDGE_CURVE ( 'NONE', #5192, #4038, #2559, .T. ) ;
#2381 = VERTEX_POINT ( 'NONE', #6105 ) ;
#2382 = ORIENTED_EDGE ( 'NONE', *, *, #2291, .T. ) ;
#2383 = ORIENTED_EDGE ( 'NONE', *, *, #278, .F. ) ;
#2384 = DIRECTION ( 'NONE',  ( 0.000000000000000000, 0.000000000000000000, -1.000000000000000000 ) ) ;
#2385 = ORIENTED_EDGE ( 'NONE', *, *, #5066, .F. ) ;
#2386 = CARTESIAN_POINT ( 'NONE',  ( 0.9500000000000000666, 0.05000000000000012768, 0.9500000000000002887 ) ) ;
#2387 = VECTOR ( 'NONE', #5681, 1000.000000000000000 ) ;
#2388 = FACE_OUTER_BOUND ( 'NONE', #454, .T. ) ;
#2389 = EDGE_CURVE ( 'NONE', #5029, #309, #1101, .T. ) ;
#2390 = ORIENTED_EDGE ( 'NONE', *, *, #4963, .F. ) ;
#2392 = CARTESIAN_POINT ( 'NONE',  ( 1.500000000000000444, 0.05000000000000000278, 1.500000000000000000 ) ) ;
#2391 = DIRECTION ( 'NONE',  ( 0.000000000000000000, 0.000000000000000000, 1.000000000000000000 ) ) ;
#2393 = MANIFOLD_SOLID_BREP ( 'LPattern3[5]', #1604 ) ;
#2394 = DIRECTION ( 'NONE',  ( 1.000000000000000000, 0.000000000000000000, 0.000000000000000000 ) ) ;
#2395 = ORIENTED_EDGE ( 'NONE', *, *, #4916, .T. ) ;
#2396 = VECTOR ( 'NONE', #3887, 1000.000000000000000 ) ;
#2397 = DIRECTION ( 'NONE',  ( 0.000000000000000000, 0.000000000000000000, -1.000000000000000000 ) ) ;
#2398 = FACE_OUTER_BOUND ( 'NONE', #1027, .T. ) ;
#2399 = EDGE_LOOP ( 'NONE', ( #1391, #3064, #4794, #959 ) ) ;
#2400 = ADVANCED_FACE ( 'NONE', ( #5236 ), #3113, .F. ) ;
#2401 = CARTESIAN_POINT ( 'NONE',  ( 1.499999999999999112, 0.5605551275463986904, 0.7000000000000002887 ) ) ;
#2402 = DIRECTION ( 'NONE',  ( -0.000000000000000000, -1.000000000000000000, -0.000000000000000000 ) ) ;
#2403 = VECTOR ( 'NONE', #3300, 1000.000000000000000 ) ;
#2404 = CARTESIAN_POINT ( 'NONE',  ( 1.499999999999999112, 0.5605551275463986904, -0.09999999999999971412 ) ) ;
#2405 = VERTEX_POINT ( 'NONE', #2597 ) ;
#2406 = EDGE_CURVE ( 'NONE', #3053, #3252, #6074, .T. ) ;
#2407 = LINE ( 'NONE', #1310, #4595 ) ;
#2408 = LINE ( 'NONE', #1074, #2176 ) ;
#2409 = LINE ( 'NONE', #5982, #1564 ) ;
#2410 = AXIS2_PLACEMENT_3D ( 'NONE', #3059, #4523, #5998 ) ;
#2411 = CARTESIAN_POINT ( 'NONE',  ( -0.8999999999999993561, 0.1999999999999999833, 1.200000000000000622 ) ) ;
#2412 = DIRECTION ( 'NONE',  ( -0.000000000000000000, -1.000000000000000000, -0.000000000000000000 ) ) ;
#2413 = EDGE_LOOP ( 'NONE', ( #5003, #2535, #4502, #5802 ) ) ;
#2414 = LINE ( 'NONE', #188, #4604 ) ;
#2415 = PLANE ( 'NONE',  #6273 ) ;
#2416 = FACE_OUTER_BOUND ( 'NONE', #5381, .T. ) ;
#2417 = EDGE_CURVE ( 'NONE', #6108, #1584, #5532, .T. ) ;
#2418 = VECTOR ( 'NONE', #2145, 1000.000000000000000 ) ;
#2419 = ORIENTED_EDGE ( 'NONE', *, *, #3940, .T. ) ;
#2420 = CARTESIAN_POINT ( 'NONE',  ( -0.6999999999999996225, 0.000000000000000000, 1.199999999999999956 ) ) ;
#2421 = AXIS2_PLACEMENT_3D ( 'NONE', #3049, #4137, #1433 ) ;
#2422 = LINE ( 'NONE', #114, #2024 ) ;
#2423 = LINE ( 'NONE', #967, #5866 ) ;
#2424 = DIRECTION ( 'NONE',  ( -1.000000000000000000, 0.000000000000000000, 3.252606517456519613E-15 ) ) ;
#2425 = ORIENTED_EDGE ( 'NONE', *, *, #3979, .F. ) ;
#2426 = DIRECTION ( 'NONE',  ( 0.000000000000000000, 0.000000000000000000, 1.000000000000000000 ) ) ;
#2427 = DIRECTION ( 'NONE',  ( 0.000000000000000000, 0.000000000000000000, -1.000000000000000000 ) ) ;
#2428 = COLOUR_RGB ( '',0.7921568627450980005, 0.8196078431372548767, 0.9333333333333333481 ) ;
#2429 = CLOSED_SHELL ( 'NONE', ( #1588, #4671, #1317, #2815, #5442, #972 ) ) ;
#2430 = CARTESIAN_POINT ( 'NONE',  ( -1.499999999999999112, 0.1999999999999999833, 0.09999999999999993616 ) ) ;
#2431 = PLANE ( 'NONE',  #498 ) ;
#2432 = ADVANCED_FACE ( 'NONE', ( #3915 ), #4617, .F. ) ;
#2433 = VECTOR ( 'NONE', #2538, 1000.000000000000000 ) ;
#2434 = ORIENTED_EDGE ( 'NONE', *, *, #1571, .T. ) ;
#2435 = EDGE_CURVE ( 'NONE', #3486, #4283, #4772, .T. ) ;
#2436 = DIRECTION ( 'NONE',  ( 0.000000000000000000, -0.000000000000000000, 1.000000000000000000 ) ) ;
#2437 = CARTESIAN_POINT ( 'NONE',  ( -0.3000000000000000999, 0.1999999999999999833, -1.500000000000000000 ) ) ;
#2438 = EDGE_CURVE ( 'NONE', #4175, #1222, #2265, .T. ) ;
#2439 = VECTOR ( 'NONE', #3763, 1000.000000000000000 ) ;
#2440 = CARTESIAN_POINT ( 'NONE',  ( 1.199999999999999289, 0.1999999999999999833, 0.9000000000000000222 ) ) ;
#2441 = EDGE_LOOP ( 'NONE', ( #3018, #2799, #3546, #1534 ) ) ;
#2442 = DIRECTION ( 'NONE',  ( 0.000000000000000000, 0.000000000000000000, -1.000000000000000000 ) ) ;
#2443 = EDGE_CURVE ( 'NONE', #162, #6003, #2643, .T. ) ;
#2444 = CARTESIAN_POINT ( 'NONE',  ( -0.2999999999999996558, 0.04999999999999999584, 1.199999999999999956 ) ) ;
#2445 = LINE ( 'NONE', #1066, #2984 ) ;
#2446 = CARTESIAN_POINT ( 'NONE',  ( -0.09999999999999971412, 0.2000000000000000111, -1.200000000000000178 ) ) ;
#2447 = EDGE_LOOP ( 'NONE', ( #815, #1973, #4566, #1873 ) ) ;
#2448 = AXIS2_PLACEMENT_3D ( 'NONE', #6229, #262, #3753 ) ;
#2449 = ORIENTED_EDGE ( 'NONE', *, *, #1773, .T. ) ;
#2450 = ORIENTED_EDGE ( 'NONE', *, *, #2763, .F. ) ;
#2451 = CARTESIAN_POINT ( 'NONE',  ( 0.9000000000000000222, 0.04999999999999969746, -1.500000000000000000 ) ) ;
#2452 = DIRECTION ( 'NONE',  ( -0.000000000000000000, 0.000000000000000000, 1.000000000000000000 ) ) ;
#2453 = EDGE_CURVE ( 'NONE', #5125, #3446, #5461, .T. ) ;
#2454 = ORIENTED_EDGE ( 'NONE', *, *, #6264, .T. ) ;
#2455 = ORIENTED_EDGE ( 'NONE', *, *, #3480, .T. ) ;
#2456 = EDGE_LOOP ( 'NONE', ( #1007, #4742, #4068, #665 ) ) ;
#2457 = CARTESIAN_POINT ( 'NONE',  ( -0.4999999999999997780, 0.1999999999999999833, -1.200000000000000178 ) ) ;
#2458 = ORIENTED_EDGE ( 'NONE', *, *, #3642, .F. ) ;
#2459 = ORIENTED_EDGE ( 'NONE', *, *, #23, .T. ) ;
#2460 = DIRECTION ( 'NONE',  ( 0.000000000000000000, -1.000000000000000000, 0.000000000000000000 ) ) ;
#2461 = FACE_OUTER_BOUND ( 'NONE', #1525, .T. ) ;
#2462 = ADVANCED_FACE ( 'NONE', ( #3355 ), #4242, .F. ) ;
#2463 = CARTESIAN_POINT ( 'NONE',  ( -0.09999999999999971412, 0.1999999999999999833, -1.200000000000000178 ) ) ;
#2464 = LINE ( 'NONE', #4468, #3411 ) ;
#2465 = VERTEX_POINT ( 'NONE', #236 ) ;
#2466 = ORIENTED_EDGE ( 'NONE', *, *, #2019, .T. ) ;
#2467 = LINE ( 'NONE', #5945, #5209 ) ;
#2468 = VECTOR ( 'NONE', #1210, 1000.000000000000000 ) ;
#2469 = PLANE ( 'NONE',  #3458 ) ;
#2470 = EDGE_LOOP ( 'NONE', ( #3564, #2998, #4802, #4106 ) ) ;
#2471 = EDGE_CURVE ( 'NONE', #372, #1445, #4851, .T. ) ;
#2472 = FILL_AREA_STYLE_COLOUR ( '', #2068 ) ;
#2473 = EDGE_CURVE ( 'NONE', #1979, #4118, #2487, .T. ) ;
#2474 = CARTESIAN_POINT ( 'NONE',  ( 0.3000000000000003775, 0.5605551275463992456, -1.500000000000000000 ) ) ;
#2475 = VECTOR ( 'NONE', #4215, 1000.000000000000000 ) ;
#2476 = ORIENTED_EDGE ( 'NONE', *, *, #2115, .F. ) ;
#2477 = VECTOR ( 'NONE', #403, 1000.000000000000000 ) ;
#2478 = LINE ( 'NONE', #6240, #704 ) ;
#2479 = FACE_OUTER_BOUND ( 'NONE', #3042, .T. ) ;
#2480 = DIRECTION ( 'NONE',  ( 0.000000000000000000, 0.000000000000000000, 1.000000000000000000 ) ) ;
#2481 = ORIENTED_EDGE ( 'NONE', *, *, #1575, .F. ) ;
#2482 = AXIS2_PLACEMENT_3D ( 'NONE', #4597, #2077, #1616 ) ;
#2483 = CARTESIAN_POINT ( 'NONE',  ( 0.5000000000000004441, 0.000000000000000000, 1.500000000000000000 ) ) ;
#2484 = CARTESIAN_POINT ( 'NONE',  ( 0.3000000000000007661, 0.2000000000000000111, 1.200000000000000622 ) ) ;
#2485 = PRESENTATION_STYLE_ASSIGNMENT (( #3611 ) ) ;
#2486 = FACE_OUTER_BOUND ( 'NONE', #196, .T. ) ;
#2487 = LINE ( 'NONE', #1690, #6002 ) ;
#2488 = VERTEX_POINT ( 'NONE', #5777 ) ;
#2489 = EDGE_CURVE ( 'NONE', #4983, #5583, #1351, .T. ) ;
#2490 = DIRECTION ( 'NONE',  ( -1.000000000000000000, 0.000000000000000000, -1.084202172485506406E-15 ) ) ;
#2491 = LINE ( 'NONE', #5316, #4237 ) ;
#2492 = AXIS2_PLACEMENT_3D ( 'NONE', #4400, #5978, #471 ) ;
#2493 = CARTESIAN_POINT ( 'NONE',  ( -1.199999999999999289, 0.1999999999999999833, 0.5000000000000000000 ) ) ;
#2494 = VECTOR ( 'NONE', #2226, 1000.000000000000000 ) ;
#2495 = ADVANCED_FACE ( 'NONE', ( #4148 ), #4214, .F. ) ;
#2496 = ORIENTED_EDGE ( 'NONE', *, *, #2534, .F. ) ;
#2497 = DIRECTION ( 'NONE',  ( 0.000000000000000000, 0.000000000000000000, -1.000000000000000000 ) ) ;
#2498 = EDGE_CURVE ( 'NONE', #2645, #2826, #3287, .T. ) ;
#2499 = FACE_OUTER_BOUND ( 'NONE', #283, .T. ) ;
#2500 = ORIENTED_EDGE ( 'NONE', *, *, #594, .T. ) ;
#2501 = AXIS2_PLACEMENT_3D ( 'NONE', #1455, #1967, #4998 ) ;
#2502 = PRODUCT ( 'SI52202-A01AGMR', 'SI52202-A01AGMR', '', ( #4637 ) ) ;
#2503 = PLANE ( 'NONE',  #2410 ) ;
#2504 = LINE ( 'NONE', #30, #5636 ) ;
#2505 = DIRECTION ( 'NONE',  ( 1.000000000000000000, 0.000000000000000000, 0.000000000000000000 ) ) ;
#2506 = ORIENTED_EDGE ( 'NONE', *, *, #4516, .F. ) ;
#2507 = MANIFOLD_SOLID_BREP ( 'tab ex', #2429 ) ;
#2508 = AXIS2_PLACEMENT_3D ( 'NONE', #3703, #2688, #661 ) ;
#2509 = LINE ( 'NONE', #5759, #1207 ) ;
#2510 = EDGE_CURVE ( 'NONE', #1461, #3318, #2022, .T. ) ;
#2511 = VERTEX_POINT ( 'NONE', #1776 ) ;
#2512 = DIRECTION ( 'NONE',  ( 0.000000000000000000, -1.000000000000000000, 0.000000000000000000 ) ) ;
#2513 = CARTESIAN_POINT ( 'NONE',  ( 1.199999999999999289, 0.05000000000000002359, 0.9000000000000000222 ) ) ;
#2514 = VECTOR ( 'NONE', #725, 1000.000000000000000 ) ;
#2515 = CARTESIAN_POINT ( 'NONE',  ( 1.199999999999999289, 0.5605551275463986904, 0.09999999999999993616 ) ) ;
#2516 = ORIENTED_EDGE ( 'NONE', *, *, #2212, .T. ) ;
#2517 =( GEOMETRIC_REPRESENTATION_CONTEXT ( 3 ) GLOBAL_UNCERTAINTY_ASSIGNED_CONTEXT ( ( #771 ) ) GLOBAL_UNIT_ASSIGNED_CONTEXT ( ( #4809, #1811, #5811 ) ) REPRESENTATION_CONTEXT ( 'NONE', 'WORKASPACE' ) );
#2518 = EDGE_LOOP ( 'NONE', ( #3218, #6263, #3811, #1471 ) ) ;
#2519 = ADVANCED_FACE ( 'NONE', ( #4929 ), #4732, .F. ) ;
#2520 = VERTEX_POINT ( 'NONE', #1295 ) ;
#2521 = EDGE_CURVE ( 'NONE', #4278, #4811, #4378, .T. ) ;
#2522 = ORIENTED_EDGE ( 'NONE', *, *, #6284, .F. ) ;
#2523 = ORIENTED_EDGE ( 'NONE', *, *, #4466, .F. ) ;
#2524 = ORIENTED_EDGE ( 'NONE', *, *, #6226, .T. ) ;
#2525 = AXIS2_PLACEMENT_3D ( 'NONE', #2131, #5628, #2637 ) ;
#2526 = ORIENTED_EDGE ( 'NONE', *, *, #2234, .T. ) ;
#2527 = ORIENTED_EDGE ( 'NONE', *, *, #6336, .F. ) ;
#2528 = ORIENTED_EDGE ( 'NONE', *, *, #2160, .T. ) ;
#2529 = VERTEX_POINT ( 'NONE', #1860 ) ;
#2530 = CARTESIAN_POINT ( 'NONE',  ( -0.09999999999999971412, 0.2000000000000000111, -1.200000000000000178 ) ) ;
#2531 = DIRECTION ( 'NONE',  ( -1.000000000000000000, 0.000000000000000000, 0.000000000000000000 ) ) ;
#2532 = DIRECTION ( 'NONE',  ( -0.000000000000000000, -1.000000000000000000, -0.000000000000000000 ) ) ;
#2533 = ORIENTED_EDGE ( 'NONE', *, *, #1171, .T. ) ;
#2534 = EDGE_CURVE ( 'NONE', #2933, #2211, #1798, .T. ) ;
#2535 = ORIENTED_EDGE ( 'NONE', *, *, #3526, .T. ) ;
#2536 = DIRECTION ( 'NONE',  ( 0.000000000000000000, 0.000000000000000000, -1.000000000000000000 ) ) ;
#2537 = MECHANICAL_DESIGN_GEOMETRIC_PRESENTATION_REPRESENTATION (  '', ( #5556 ), #4897 ) ;
#2538 = DIRECTION ( 'NONE',  ( 1.000000000000000000, -0.000000000000000000, 1.445602896647339656E-16 ) ) ;
#2539 = SURFACE_STYLE_FILL_AREA ( #4966 ) ;
#2540 = UNCERTAINTY_MEASURE_WITH_UNIT (LENGTH_MEASURE( 1.000000000000000082E-05 ), #3132, 'distance_accuracy_value', 'NONE');
#2541 = EDGE_LOOP ( 'NONE', ( #4273, #4754, #6279, #6067 ) ) ;
#2542 = DIRECTION ( 'NONE',  ( -0.000000000000000000, -1.000000000000000000, -0.000000000000000000 ) ) ;
#2543 = PLANE ( 'NONE',  #4485 ) ;
#2544 = CARTESIAN_POINT ( 'NONE',  ( -1.499999999999999112, 0.1999999999999999833, 0.5000000000000000000 ) ) ;
#2545 = VECTOR ( 'NONE', #3389, 1000.000000000000000 ) ;
#2546 = EDGE_LOOP ( 'NONE', ( #5104, #5266, #3792, #4649 ) ) ;
#2547 = VECTOR ( 'NONE', #4760, 1000.000000000000000 ) ;
#2548 = VECTOR ( 'NONE', #3535, 1000.000000000000000 ) ;
#2549 = DIRECTION ( 'NONE',  ( 0.000000000000000000, 0.000000000000000000, 1.000000000000000000 ) ) ;
#2550 = EDGE_CURVE ( 'NONE', #2511, #4428, #2096, .T. ) ;
#2551 = CARTESIAN_POINT ( 'NONE',  ( -0.8999999999999998002, 0.2000000000000000111, -1.500000000000000000 ) ) ;
#2552 = FACE_OUTER_BOUND ( 'NONE', #2629, .T. ) ;
#2553 = ORIENTED_EDGE ( 'NONE', *, *, #6363, .T. ) ;
#2554 = ADVANCED_FACE ( 'NONE', ( #4527 ), #3821, .F. ) ;
#2555 = EDGE_CURVE ( 'NONE', #2561, #4615, #4689, .T. ) ;
#2556 = FACE_OUTER_BOUND ( 'NONE', #5684, .T. ) ;
#2557 = ORIENTED_EDGE ( 'NONE', *, *, #6395, .F. ) ;
#2558 = PRESENTATION_STYLE_ASSIGNMENT (( #241 ) ) ;
#2559 = LINE ( 'NONE', #5067, #1792 ) ;
#2560 = COLOUR_RGB ( '',0.7921568627450980005, 0.8196078431372548767, 0.9333333333333333481 ) ;
#2561 = VERTEX_POINT ( 'NONE', #4323 ) ;
#2562 = EDGE_CURVE ( 'NONE', #2148, #4615, #710, .T. ) ;
#2563 = VECTOR ( 'NONE', #5553, 1000.000000000000000 ) ;
#2564 = DIRECTION ( 'NONE',  ( 0.000000000000000000, 0.000000000000000000, -1.000000000000000000 ) ) ;
#2565 = DIRECTION ( 'NONE',  ( 0.000000000000000000, 0.000000000000000000, -1.000000000000000000 ) ) ;
#2566 = FACE_OUTER_BOUND ( 'NONE', #2610, .T. ) ;
#2567 = LINE ( 'NONE', #535, #788 ) ;
#2568 = CARTESIAN_POINT ( 'NONE',  ( -1.199999999999999289, 0.05000000000000000278, 0.000000000000000000 ) ) ;
#2569 = ORIENTED_EDGE ( 'NONE', *, *, #4923, .F. ) ;
#2570 = CARTESIAN_POINT ( 'NONE',  ( 0.000000000000000000, 0.05000000000000000278, 0.9000000000000000222 ) ) ;
#2571 = LINE ( 'NONE', #3081, #5073 ) ;
#2572 = LINE ( 'NONE', #3451, #634 ) ;
#2573 = EDGE_CURVE ( 'NONE', #5086, #2253, #1956, .T. ) ;
#2574 = ORIENTED_EDGE ( 'NONE', *, *, #1946, .F. ) ;
#2575 = CARTESIAN_POINT ( 'NONE',  ( -1.199999999999999289, 0.5605551275463986904, 0.5000000000000000000 ) ) ;
#2576 = AXIS2_PLACEMENT_3D ( 'NONE', #5401, #499, #2917 ) ;
#2577 = DIRECTION ( 'NONE',  ( 1.000000000000000000, 0.000000000000000000, -2.891205793294679312E-16 ) ) ;
#2578 = LINE ( 'NONE', #2680, #6261 ) ;
#2579 = CARTESIAN_POINT ( 'NONE',  ( 0.3000000000000003775, 0.2000000000000000111, -1.500000000000000000 ) ) ;
#2580 = ORIENTED_EDGE ( 'NONE', *, *, #1039, .F. ) ;
#2581 = CARTESIAN_POINT ( 'NONE',  ( 0.1000000000000003664, 0.000000000000000000, 1.199999999999999956 ) ) ;
#2582 = DIRECTION ( 'NONE',  ( -0.000000000000000000, 0.000000000000000000, -1.000000000000000000 ) ) ;
#2583 = EDGE_CURVE ( 'NONE', #922, #42, #948, .T. ) ;
#2584 = FACE_OUTER_BOUND ( 'NONE', #3238, .T. ) ;
#2585 = AXIS2_PLACEMENT_3D ( 'NONE', #5835, #5385, #2391 ) ;
#2586 = CARTESIAN_POINT ( 'NONE',  ( 1.500000000000000444, 6.042640687119284593, -1.500000000000000000 ) ) ;
#2587 = EDGE_LOOP ( 'NONE', ( #1761, #3794, #2718, #1395 ) ) ;
#2588 = CARTESIAN_POINT ( 'NONE',  ( 0.09999999999999993616, 0.2000000000000000111, -1.199999999999999956 ) ) ;
#2589 = DIRECTION ( 'NONE',  ( 0.000000000000000000, 0.000000000000000000, -1.000000000000000000 ) ) ;
#2590 = UNCERTAINTY_MEASURE_WITH_UNIT (LENGTH_MEASURE( 1.000000000000000082E-05 ), #2274, 'distance_accuracy_value', 'NONE');
#2591 = ADVANCED_FACE ( 'NONE', ( #797 ), #4356, .T. ) ;
#2592 = DIRECTION ( 'NONE',  ( 0.000000000000000000, 0.000000000000000000, 1.000000000000000000 ) ) ;
#2593 = FACE_OUTER_BOUND ( 'NONE', #2399, .T. ) ;
#2594 = ORIENTED_EDGE ( 'NONE', *, *, #5670, .T. ) ;
#2595 = EDGE_CURVE ( 'NONE', #427, #4941, #3021, .T. ) ;
#2596 = SURFACE_SIDE_STYLE ('',( #3019 ) ) ;
#2597 = CARTESIAN_POINT ( 'NONE',  ( 1.499999999999999112, 0.000000000000000000, 0.7000000000000002887 ) ) ;
#2598 = LINE ( 'NONE', #4199, #500 ) ;
#2599 = ORIENTED_EDGE ( 'NONE', *, *, #6249, .T. ) ;
#2600 = PLANE ( 'NONE',  #289 ) ;
#2601 = VERTEX_POINT ( 'NONE', #5328 ) ;
#2602 = DIRECTION ( 'NONE',  ( 0.000000000000000000, 0.000000000000000000, -1.000000000000000000 ) ) ;
#2603 = DIRECTION ( 'NONE',  ( 1.000000000000000000, 0.000000000000000000, 0.000000000000000000 ) ) ;
#2604 = ORIENTED_EDGE ( 'NONE', *, *, #1836, .T. ) ;
#2605 = AXIS2_PLACEMENT_3D ( 'NONE', #2586, #2706, #6193 ) ;
#2606 = EDGE_LOOP ( 'NONE', ( #3022, #3467, #1832, #2375, #1217, #5547, #3333, #4043, #4364, #4798, #3840, #4876, #5154, #5902, #3855, #4446, #4458, #3551, #2376, #674, #4895, #676, #853, #755 ) ) ;
#2607 = VERTEX_POINT ( 'NONE', #2855 ) ;
#2608 = ORIENTED_EDGE ( 'NONE', *, *, #5834, .T. ) ;
#2609 = CARTESIAN_POINT ( 'NONE',  ( 0.5000000000000004441, 0.1999999999999999833, 1.500000000000000000 ) ) ;
#2610 = EDGE_LOOP ( 'NONE', ( #2935, #997, #371, #4644 ) ) ;
#2612 = DIRECTION ( 'NONE',  ( 1.084202172485506406E-15, 0.000000000000000000, -1.000000000000000000 ) ) ;
#2611 = CARTESIAN_POINT ( 'NONE',  ( 1.499999999999999112, 0.000000000000000000, 0.9000000000000000222 ) ) ;
#2613 = CARTESIAN_POINT ( 'NONE',  ( 0.000000000000000000, 0.05000000000000000278, 0.5000000000000000000 ) ) ;
#2614 = EDGE_CURVE ( 'NONE', #2859, #5844, #1494, .T. ) ;
#2615 = DIRECTION ( 'NONE',  ( 0.000000000000000000, -1.000000000000000000, 0.000000000000000000 ) ) ;
#2616 = EDGE_LOOP ( 'NONE', ( #3327, #1132, #2892, #2703 ) ) ;
#2617 = CARTESIAN_POINT ( 'NONE',  ( -1.199999999999999289, 0.1999999999999999833, -0.3000000000000000999 ) ) ;
#2618 = LINE ( 'NONE', #3639, #1152 ) ;
#2619 = VERTEX_POINT ( 'NONE', #1886 ) ;
#2620 = LINE ( 'NONE', #518, #4752 ) ;
#2621 = ORIENTED_EDGE ( 'NONE', *, *, #3328, .F. ) ;
#2622 = CARTESIAN_POINT ( 'NONE',  ( 0.3000000000000003775, 0.2000000000000000111, -1.200000000000000178 ) ) ;
#2623 = CARTESIAN_POINT ( 'NONE',  ( 0.7000000000000007327, 0.05000000000000000278, 0.000000000000000000 ) ) ;
#2624 = EDGE_CURVE ( 'NONE', #1881, #5317, #2341, .T. ) ;
#2625 = DIRECTION ( 'NONE',  ( 1.000000000000000000, -0.000000000000000000, -0.000000000000000000 ) ) ;
#2626 = ADVANCED_FACE ( 'NONE', ( #12 ), #4301, .F. ) ;
#2627 = CARTESIAN_POINT ( 'NONE',  ( 0.7000000000000002887, 0.000000000000000000, -1.200000000000000178 ) ) ;
#2628 = DIRECTION ( 'NONE',  ( 0.000000000000000000, -0.000000000000000000, 1.000000000000000000 ) ) ;
#2629 = EDGE_LOOP ( 'NONE', ( #2909, #6208, #398, #2299 ) ) ;
#2630 = CARTESIAN_POINT ( 'NONE',  ( 0.7000000000000002887, 0.5605551275463992456, -1.500000000000000000 ) ) ;
#2631 = DIRECTION ( 'NONE',  ( -2.168404344971012812E-15, 0.000000000000000000, -1.000000000000000000 ) ) ;
#2632 = EDGE_LOOP ( 'NONE', ( #3356, #48, #1919, #2944 ) ) ;
#2633 = ADVANCED_FACE ( 'NONE', ( #5936 ), #6291, .F. ) ;
#2634 = LINE ( 'NONE', #6280, #1258 ) ;
#2635 = CARTESIAN_POINT ( 'NONE',  ( -1.199999999999999289, 0.05000000000000002359, -0.4999999999999997780 ) ) ;
#2636 = VECTOR ( 'NONE', #6107, 1000.000000000000000 ) ;
#2637 = DIRECTION ( 'NONE',  ( 0.000000000000000000, -0.000000000000000000, 1.000000000000000000 ) ) ;
#2638 = ORIENTED_EDGE ( 'NONE', *, *, #5774, .T. ) ;
#2639 = CARTESIAN_POINT ( 'NONE',  ( 1.499999999999999112, 0.5605551275463986904, -0.8999999999999998002 ) ) ;
#2640 = CARTESIAN_POINT ( 'NONE',  ( -0.9500000000000000666, 2.887005768508881243, -0.9500000000000002887 ) ) ;
#2641 = LINE ( 'NONE', #2882, #1339 ) ;
#2642 = VECTOR ( 'NONE', #4227, 1000.000000000000000 ) ;
#2643 = LINE ( 'NONE', #2766, #1019 ) ;
#2644 = LINE ( 'NONE', #1969, #2955 ) ;
#2645 = VERTEX_POINT ( 'NONE', #6370 ) ;
#2646 = CARTESIAN_POINT ( 'NONE',  ( -0.2999999999999996558, 0.2000000000000000111, 1.199999999999999956 ) ) ;
#2647 = LINE ( 'NONE', #390, #5144 ) ;
#2648 = LINE ( 'NONE', #6334, #1277 ) ;
#2649 = CARTESIAN_POINT ( 'NONE',  ( 1.499999999999999112, 0.5605551275463986904, -0.7000000000000000666 ) ) ;
#2650 = ORIENTED_EDGE ( 'NONE', *, *, #56, .F. ) ;
#2651 = PLANE ( 'NONE',  #605 ) ;
#2652 = AXIS2_PLACEMENT_3D ( 'NONE', #4714, #1757, #1718 ) ;
#2653 = CARTESIAN_POINT ( 'NONE',  ( 1.199999999999999289, 0.000000000000000000, 0.9000000000000000222 ) ) ;
#2654 = VECTOR ( 'NONE', #1279, 1000.000000000000000 ) ;
#2655 = LINE ( 'NONE', #5221, #3924 ) ;
#2656 = ORIENTED_EDGE ( 'NONE', *, *, #5838, .T. ) ;
#2657 = EDGE_CURVE ( 'NONE', #2267, #6236, #2962, .T. ) ;
#2658 = DIRECTION ( 'NONE',  ( -1.000000000000000000, 0.000000000000000000, 0.000000000000000000 ) ) ;
#2659 = DIRECTION ( 'NONE',  ( 0.000000000000000000, -1.000000000000000000, 0.000000000000000000 ) ) ;
#2660 =( NAMED_UNIT ( * ) PLANE_ANGLE_UNIT ( ) SI_UNIT ( $, .RADIAN. ) );
#2661 = DIRECTION ( 'NONE',  ( 1.000000000000000000, 0.000000000000000000, 0.000000000000000000 ) ) ;
#2662 = ADVANCED_FACE ( 'NONE', ( #3989 ), #932, .F. ) ;
#2663 = DIRECTION ( 'NONE',  ( 0.000000000000000000, -0.000000000000000000, -1.000000000000000000 ) ) ;
#2664 = DIRECTION ( 'NONE',  ( 0.000000000000000000, -0.000000000000000000, -1.000000000000000000 ) ) ;
#2665 = CARTESIAN_POINT ( 'NONE',  ( -1.199999999999999289, 0.000000000000000000, -0.4999999999999997780 ) ) ;
#2666 = ORIENTED_EDGE ( 'NONE', *, *, #2927, .T. ) ;
#2667 = DIRECTION ( 'NONE',  ( 0.000000000000000000, 0.000000000000000000, -1.000000000000000000 ) ) ;
#2668 = EDGE_CURVE ( 'NONE', #4028, #1297, #160, .T. ) ;
#2669 = LINE ( 'NONE', #5970, #812 ) ;
#2670 = CARTESIAN_POINT ( 'NONE',  ( 0.9500000000000000666, 2.887005768508881243, 0.9500000000000002887 ) ) ;
#2671 = ADVANCED_FACE ( 'NONE', ( #3843 ), #4922, .T. ) ;
#2672 = DIRECTION ( 'NONE',  ( -0.000000000000000000, -1.000000000000000000, -0.000000000000000000 ) ) ;
#2673 = ORIENTED_EDGE ( 'NONE', *, *, #3778, .F. ) ;
#2674 = AXIS2_PLACEMENT_3D ( 'NONE', #5946, #2932, #397 ) ;
#2675 = CARTESIAN_POINT ( 'NONE',  ( -0.8999999999999993561, 0.000000000000000000, 1.200000000000000622 ) ) ;
#2676 = CARTESIAN_POINT ( 'NONE',  ( 0.9000000000000000222, 0.1999999999999999833, -1.199999999999999956 ) ) ;
#2677 = CARTESIAN_POINT ( 'NONE',  ( 0.4000000000000000222, 0.000000000000000000, 0.000000000000000000 ) ) ;
#2678 = CARTESIAN_POINT ( 'NONE',  ( -1.499999999999999112, 0.5605551275463986904, 0.7000000000000002887 ) ) ;
#2679 = VECTOR ( 'NONE', #268, 1000.000000000000000 ) ;
#2680 = CARTESIAN_POINT ( 'NONE',  ( 1.199999999999999289, 0.05000000000000000278, 0.000000000000000000 ) ) ;
#2681 = EDGE_LOOP ( 'NONE', ( #4648, #382, #4024, #3164 ) ) ;
#2682 = LINE ( 'NONE', #312, #1214 ) ;
#2683 = DIRECTION ( 'NONE',  ( -0.000000000000000000, -1.000000000000000000, -0.000000000000000000 ) ) ;
#2684 = ORIENTED_EDGE ( 'NONE', *, *, #1773, .F. ) ;
#2685 = DIRECTION ( 'NONE',  ( 1.000000000000000000, -0.000000000000000000, 1.445602896647339656E-16 ) ) ;
#2686 = CARTESIAN_POINT ( 'NONE',  ( -1.499999999999998668, 0.8999999999999998002, 1.499999999999999556 ) ) ;
#2687 = VERTEX_POINT ( 'NONE', #450 ) ;
#2688 = DIRECTION ( 'NONE',  ( -1.000000000000000000, 0.000000000000000000, 0.000000000000000000 ) ) ;
#2689 = EDGE_CURVE ( 'NONE', #2999, #540, #5152, .T. ) ;
#2690 = VERTEX_POINT ( 'NONE', #5456 ) ;
#2691 = EDGE_CURVE ( 'NONE', #4290, #128, #3918, .T. ) ;
#2692 = CLOSED_SHELL ( 'NONE', ( #5383, #6398, #881, #598, #3484, #2662 ) ) ;
#2693 = ORIENTED_EDGE ( 'NONE', *, *, #1000, .T. ) ;
#2694 = DIRECTION ( 'NONE',  ( -1.000000000000000000, 0.000000000000000000, -1.084202172485506406E-15 ) ) ;
#2695 = ORIENTED_EDGE ( 'NONE', *, *, #2337, .T. ) ;
#2696 = CARTESIAN_POINT ( 'NONE',  ( 0.1000000000000003664, 0.5605551275463992456, 1.199999999999999956 ) ) ;
#2697 = ADVANCED_FACE ( 'NONE', ( #5237 ), #4942, .F. ) ;
#2698 = DIRECTION ( 'NONE',  ( -1.000000000000000000, 0.000000000000000000, 0.000000000000000000 ) ) ;
#2699 = DIRECTION ( 'NONE',  ( 0.000000000000000000, -0.000000000000000000, 1.000000000000000000 ) ) ;
#2700 = EDGE_LOOP ( 'NONE', ( #1140, #6411, #4858, #2161 ) ) ;
#2701 = DIRECTION ( 'NONE',  ( 0.000000000000000000, 0.000000000000000000, 1.000000000000000000 ) ) ;
#2702 = DIRECTION ( 'NONE',  ( -0.000000000000000000, -1.000000000000000000, -0.000000000000000000 ) ) ;
#2703 = ORIENTED_EDGE ( 'NONE', *, *, #494, .F. ) ;
#2704 = VERTEX_POINT ( 'NONE', #6429 ) ;
#2705 = ORIENTED_EDGE ( 'NONE', *, *, #5258, .T. ) ;
#2706 = DIRECTION ( 'NONE',  ( 1.445602896647339410E-16, -0.000000000000000000, 1.000000000000000000 ) ) ;
#2707 = ADVANCED_FACE ( 'NONE', ( #1176 ), #3453, .F. ) ;
#2708 = CARTESIAN_POINT ( 'NONE',  ( -1.499999999999999112, 0.000000000000000000, 0.5000000000000000000 ) ) ;
#2709 = ORIENTED_EDGE ( 'NONE', *, *, #1901, .F. ) ;
#2710 = CARTESIAN_POINT ( 'NONE',  ( -1.199999999999999289, 0.1999999999999999833, -0.3000000000000000999 ) ) ;
#2711 = CARTESIAN_POINT ( 'NONE',  ( -1.499999999999998668, 0.05000000000000000278, 1.499999999999999556 ) ) ;
#2712 = CARTESIAN_POINT ( 'NONE',  ( -1.199999999999999289, 0.000000000000000000, 0.3000000000000003775 ) ) ;
#2713 = PLANE ( 'NONE',  #1508 ) ;
#2714 = EDGE_CURVE ( 'NONE', #3150, #4021, #1270, .T. ) ;
#2715 = VECTOR ( 'NONE', #2667, 1000.000000000000000 ) ;
#2716 = LINE ( 'NONE', #1544, #3739 ) ;
#2717 = CARTESIAN_POINT ( 'NONE',  ( 0.1000000000000003664, 0.000000000000000000, 1.500000000000000000 ) ) ;
#2718 = ORIENTED_EDGE ( 'NONE', *, *, #5806, .F. ) ;
#2719 = AXIS2_PLACEMENT_3D ( 'NONE', #2446, #3934, #2427 ) ;
#2720 = LINE ( 'NONE', #1907, #5217 ) ;
#2721 = DIRECTION ( 'NONE',  ( 0.000000000000000000, 0.000000000000000000, -1.000000000000000000 ) ) ;
#2722 = CARTESIAN_POINT ( 'NONE',  ( -1.499999999999998668, 0.05000000000000000278, 1.499999999999999556 ) ) ;
#2723 = CARTESIAN_POINT ( 'NONE',  ( 1.499999999999999112, 0.000000000000000000, 0.5000000000000000000 ) ) ;
#2724 = LINE ( 'NONE', #3442, #5519 ) ;
#2725 = ORIENTED_EDGE ( 'NONE', *, *, #3062, .T. ) ;
#2726 = EDGE_CURVE ( 'NONE', #1096, #1338, #6156, .T. ) ;
#2727 = CARTESIAN_POINT ( 'NONE',  ( -0.4999999999999993339, 0.000000000000000000, 1.200000000000000622 ) ) ;
#2728 = LINE ( 'NONE', #2440, #3914 ) ;
#2729 = CARTESIAN_POINT ( 'NONE',  ( -1.499999999999999112, 0.000000000000000000, -0.09999999999999971412 ) ) ;
#2730 = CARTESIAN_POINT ( 'NONE',  ( 0.9000000000000000222, 0.2000000000000000111, -1.500000000000000000 ) ) ;
#2731 = VECTOR ( 'NONE', #320, 1000.000000000000000 ) ;
#2732 = ORIENTED_EDGE ( 'NONE', *, *, #576, .T. ) ;
#2733 = PLANE ( 'NONE',  #1042 ) ;
#2734 = LINE ( 'NONE', #5128, #541 ) ;
#2735 = CARTESIAN_POINT ( 'NONE',  ( 0.3000000000000003775, 0.2000000000000000111, -1.200000000000000178 ) ) ;
#2736 = DIRECTION ( 'NONE',  ( 1.000000000000000000, 0.000000000000000000, 0.000000000000000000 ) ) ;
#2737 = VECTOR ( 'NONE', #4690, 1000.000000000000000 ) ;
#2738 = VECTOR ( 'NONE', #2672, 1000.000000000000000 ) ;
#2739 = PLANE ( 'NONE',  #2269 ) ;
#2740 = ADVANCED_FACE ( 'NONE', ( #3668 ), #6444, .T. ) ;
#2741 = PRESENTATION_STYLE_ASSIGNMENT (( #1102 ) ) ;
#2742 = VERTEX_POINT ( 'NONE', #2967 ) ;
#2743 = EDGE_CURVE ( 'NONE', #3125, #3547, #2644, .T. ) ;
#2744 = VECTOR ( 'NONE', #2770, 1000.000000000000000 ) ;
#2745 = EDGE_LOOP ( 'NONE', ( #2786, #4155, #4533, #3645 ) ) ;
#2746 = ADVANCED_FACE ( 'NONE', ( #4453 ), #6013, .F. ) ;
#2747 =( LENGTH_UNIT ( ) NAMED_UNIT ( * ) SI_UNIT ( .MILLI., .METRE. ) );
#2748 = DIRECTION ( 'NONE',  ( 1.000000000000000000, -0.000000000000000000, 0.000000000000000000 ) ) ;
#2749 = VECTOR ( 'NONE', #2162, 1000.000000000000000 ) ;
#2750 = VECTOR ( 'NONE', #1576, 1000.000000000000000 ) ;
#2751 = DIRECTION ( 'NONE',  ( -0.000000000000000000, -0.000000000000000000, 1.000000000000000000 ) ) ;
#2752 = MECHANICAL_DESIGN_GEOMETRIC_PRESENTATION_REPRESENTATION (  '', ( #4665 ), #3054 ) ;
#2753 = ORIENTED_EDGE ( 'NONE', *, *, #2853, .T. ) ;
#2754 = PLANE ( 'NONE',  #4337 ) ;
#2755 = DIRECTION ( 'NONE',  ( 1.084202172485506603E-15, 0.000000000000000000, -1.000000000000000000 ) ) ;
#2756 = VECTOR ( 'NONE', #4174, 1000.000000000000000 ) ;
#2757 = EDGE_CURVE ( 'NONE', #2690, #4552, #5533, .T. ) ;
#2758 = ORIENTED_EDGE ( 'NONE', *, *, #3802, .T. ) ;
#2759 = CARTESIAN_POINT ( 'NONE',  ( 0.000000000000000000, 0.05000000000000000278, 0.3000000000000003775 ) ) ;
#2760 = CARTESIAN_POINT ( 'NONE',  ( 0.000000000000000000, 0.05000000000000000278, 0.9000000000000000222 ) ) ;
#2761 = VECTOR ( 'NONE', #1656, 1000.000000000000000 ) ;
#2762 = ORIENTED_EDGE ( 'NONE', *, *, #1345, .T. ) ;
#2763 = EDGE_CURVE ( 'NONE', #5423, #6036, #6317, .T. ) ;
#2764 = VERTEX_POINT ( 'NONE', #3040 ) ;
#2765 =( NAMED_UNIT ( * ) PLANE_ANGLE_UNIT ( ) SI_UNIT ( $, .RADIAN. ) );
#2766 = CARTESIAN_POINT ( 'NONE',  ( -0.6999999999999996225, 0.2000000000000000111, 1.199999999999999956 ) ) ;
#2767 = LINE ( 'NONE', #5787, #105 ) ;
#2768 = MECHANICAL_DESIGN_GEOMETRIC_PRESENTATION_REPRESENTATION (  '', ( #1320 ), #3076 ) ;
#2769 = ORIENTED_EDGE ( 'NONE', *, *, #2867, .T. ) ;
#2770 = DIRECTION ( 'NONE',  ( 0.000000000000000000, 0.000000000000000000, -1.000000000000000000 ) ) ;
#2771 = CARTESIAN_POINT ( 'NONE',  ( -0.6999999999999996225, 0.2000000000000000111, 1.199999999999999956 ) ) ;
#2772 = DIRECTION ( 'NONE',  ( 1.000000000000000000, 0.000000000000000000, 0.000000000000000000 ) ) ;
#2773 = CARTESIAN_POINT ( 'NONE',  ( 1.199999999999999289, 0.000000000000000000, 0.5000000000000000000 ) ) ;
#2774 = DIRECTION ( 'NONE',  ( 0.000000000000000000, -0.000000000000000000, -1.000000000000000000 ) ) ;
#2775 = VECTOR ( 'NONE', #522, 1000.000000000000000 ) ;
#2776 = ORIENTED_EDGE ( 'NONE', *, *, #5951, .F. ) ;
#2777 = SURFACE_SIDE_STYLE ('',( #4507 ) ) ;
#2778 = EDGE_LOOP ( 'NONE', ( #1829, #1984, #3529, #3872 ) ) ;
#2779 = PRODUCT_DEFINITION ( 'UNKNOWN', '', #4113, #3370 ) ;
#2780 = ADVANCED_FACE ( 'NONE', ( #2335 ), #2503, .F. ) ;
#2781 = ORIENTED_EDGE ( 'NONE', *, *, #780, .F. ) ;
#2782 = CARTESIAN_POINT ( 'NONE',  ( 0.7000000000000002887, 0.5605551275463992456, -1.200000000000000178 ) ) ;
#2783 = PRESENTATION_STYLE_ASSIGNMENT (( #4346 ) ) ;
#2784 = CARTESIAN_POINT ( 'NONE',  ( 1.199999999999999289, 0.05000000000000002359, 0.7000000000000002887 ) ) ;
#2785 = ORIENTED_EDGE ( 'NONE', *, *, #1547, .T. ) ;
#2786 = ORIENTED_EDGE ( 'NONE', *, *, #2115, .T. ) ;
#2787 = ORIENTED_EDGE ( 'NONE', *, *, #4475, .T. ) ;
#2788 = EDGE_CURVE ( 'NONE', #3046, #664, #3097, .T. ) ;
#2789 = ORIENTED_EDGE ( 'NONE', *, *, #3134, .T. ) ;
#2790 = EDGE_CURVE ( 'NONE', #2290, #3965, #1639, .T. ) ;
#2791 = DIRECTION ( 'NONE',  ( -0.000000000000000000, -0.000000000000000000, -1.000000000000000000 ) ) ;
#2792 = ORIENTED_EDGE ( 'NONE', *, *, #2907, .T. ) ;
#2793 = CARTESIAN_POINT ( 'NONE',  ( 0.5000000000000004441, 0.2000000000000000111, 1.199999999999999956 ) ) ;
#2794 = CARTESIAN_POINT ( 'NONE',  ( 1.499999999999999112, 0.000000000000000000, -0.7000000000000000666 ) ) ;
#2795 = FACE_OUTER_BOUND ( 'NONE', #6318, .T. ) ;
#2796 = EDGE_CURVE ( 'NONE', #1684, #242, #77, .T. ) ;
#2797 = DIRECTION ( 'NONE',  ( 0.000000000000000000, -1.000000000000000000, 0.000000000000000000 ) ) ;
#2798 = VECTOR ( 'NONE', #1938, 1000.000000000000000 ) ;
#2799 = ORIENTED_EDGE ( 'NONE', *, *, #3683, .F. ) ;
#2800 = DIRECTION ( 'NONE',  ( 0.000000000000000000, -1.000000000000000000, 0.000000000000000000 ) ) ;
#2801 = EDGE_LOOP ( 'NONE', ( #1864, #1048, #3105, #1012 ) ) ;
#2802 = VECTOR ( 'NONE', #4980, 1000.000000000000000 ) ;
#2803 = SURFACE_SIDE_STYLE ('',( #4368 ) ) ;
#2804 = LINE ( 'NONE', #3278, #6141 ) ;
#2805 = CARTESIAN_POINT ( 'NONE',  ( 1.199999999999999289, 0.1999999999999999833, 0.09999999999999993616 ) ) ;
#2806 = ORIENTED_EDGE ( 'NONE', *, *, #3861, .F. ) ;
#2807 = DIRECTION ( 'NONE',  ( 0.000000000000000000, -1.000000000000000000, 0.000000000000000000 ) ) ;
#2808 = EDGE_CURVE ( 'NONE', #5656, #3046, #619, .T. ) ;
#2809 = CLOSED_SHELL ( 'NONE', ( #6200, #1247, #5942, #112, #2746, #2780 ) ) ;
#2810 = VECTOR ( 'NONE', #4956, 1000.000000000000000 ) ;
#2811 = AXIS2_PLACEMENT_3D ( 'NONE', #3709, #697, #2120 ) ;
#2812 = LINE ( 'NONE', #4510, #4982 ) ;
#2813 = MANIFOLD_SOLID_BREP ( 'Boss-Extrude3[2]', #827 ) ;
#2814 = VERTEX_POINT ( 'NONE', #6053 ) ;
#2815 = ADVANCED_FACE ( 'NONE', ( #3983 ), #1013, .T. ) ;
#2816 = LINE ( 'NONE', #901, #5304 ) ;
#2817 = VECTOR ( 'NONE', #4131, 1000.000000000000000 ) ;
#2818 = DIRECTION ( 'NONE',  ( 1.000000000000000000, 0.000000000000000000, 2.282530889443167022E-16 ) ) ;
#2819 = LINE ( 'NONE', #5518, #1793 ) ;
#2820 = VERTEX_POINT ( 'NONE', #6084 ) ;
#2821 = AXIS2_PLACEMENT_3D ( 'NONE', #1532, #5015, #4948 ) ;
#2822 = DIRECTION ( 'NONE',  ( 0.000000000000000000, -0.000000000000000000, 1.000000000000000000 ) ) ;
#2823 = VECTOR ( 'NONE', #658, 1000.000000000000000 ) ;
#2824 = LINE ( 'NONE', #1294, #4688 ) ;
#2825 = DIRECTION ( 'NONE',  ( 0.000000000000000000, -0.000000000000000000, 1.000000000000000000 ) ) ;
#2826 = VERTEX_POINT ( 'NONE', #5101 ) ;
#2827 = CARTESIAN_POINT ( 'NONE',  ( 1.199999999999999289, 0.1999999999999999833, -0.4999999999999997780 ) ) ;
#2828 = CARTESIAN_POINT ( 'NONE',  ( -1.199999999999999289, 0.5605551275463986904, 0.9000000000000000222 ) ) ;
#2829 = FACE_OUTER_BOUND ( 'NONE', #199, .T. ) ;
#2830 = EDGE_CURVE ( 'NONE', #2057, #922, #2819, .T. ) ;
#2831 = DIRECTION ( 'NONE',  ( 0.000000000000000000, 0.000000000000000000, 1.000000000000000000 ) ) ;
#2832 = LINE ( 'NONE', #3302, #5070 ) ;
#2833 = ORIENTED_EDGE ( 'NONE', *, *, #1946, .T. ) ;
#2834 = EDGE_CURVE ( 'NONE', #5394, #351, #1948, .T. ) ;
#2835 = ORIENTED_EDGE ( 'NONE', *, *, #5121, .T. ) ;
#2836 = DIRECTION ( 'NONE',  ( -1.000000000000000000, 0.000000000000000000, 0.000000000000000000 ) ) ;
#2837 = PLANE ( 'NONE',  #4354 ) ;
#2838 = CARTESIAN_POINT ( 'NONE',  ( 0.9000000000000003553, 0.2000000000000000111, 1.199999999999999956 ) ) ;
#2839 = AXIS2_PLACEMENT_3D ( 'NONE', #4792, #2797, #341 ) ;
#2840 = FACE_OUTER_BOUND ( 'NONE', #5823, .T. ) ;
#2841 = DIRECTION ( 'NONE',  ( 0.000000000000000000, 0.000000000000000000, -1.000000000000000000 ) ) ;
#2842 = DIRECTION ( 'NONE',  ( 1.000000000000000000, 0.000000000000000000, 0.000000000000000000 ) ) ;
#2843 = EDGE_LOOP ( 'NONE', ( #1177, #6127, #1910, #1427 ) ) ;
#2844 = DIRECTION ( 'NONE',  ( -0.000000000000000000, -1.000000000000000000, -0.000000000000000000 ) ) ;
#2845 = EDGE_CURVE ( 'NONE', #5508, #5099, #5783, .T. ) ;
#2846 = ADVANCED_FACE ( 'NONE', ( #1565 ), #2713, .T. ) ;
#2847 = LINE ( 'NONE', #2220, #2679 ) ;
#2848 = CARTESIAN_POINT ( 'NONE',  ( -1.199999999999999289, 0.000000000000000000, 0.09999999999999993616 ) ) ;
#2849 = EDGE_LOOP ( 'NONE', ( #4328, #2608, #1390, #3439 ) ) ;
#2850 = CARTESIAN_POINT ( 'NONE',  ( -1.499999999999999112, 0.04999999999999969746, -0.09999999999999971412 ) ) ;
#2851 = VECTOR ( 'NONE', #2196, 1000.000000000000000 ) ;
#2852 = CARTESIAN_POINT ( 'NONE',  ( 1.199999999999999289, 0.05000000000000002359, 0.3000000000000003775 ) ) ;
#2853 = EDGE_CURVE ( 'NONE', #2294, #6164, #3837, .T. ) ;
#2854 = EDGE_LOOP ( 'NONE', ( #205, #1073, #4652, #2010 ) ) ;
#2855 = CARTESIAN_POINT ( 'NONE',  ( 1.499999999999999112, 0.1999999999999999833, -0.3000000000000000999 ) ) ;
#2856 = CARTESIAN_POINT ( 'NONE',  ( -0.4999999999999995559, 0.1999999999999996503, -1.499999999999999778 ) ) ;
#2857 = LINE ( 'NONE', #1370, #4955 ) ;
#2858 = CARTESIAN_POINT ( 'NONE',  ( 1.500000000000000444, 0.8999999999999998002, 1.500000000000000000 ) ) ;
#2859 = VERTEX_POINT ( 'NONE', #4678 ) ;
#2860 = CARTESIAN_POINT ( 'NONE',  ( -0.8999999999999998002, 0.5605551275463992456, -1.200000000000000178 ) ) ;
#2861 = VERTEX_POINT ( 'NONE', #4703 ) ;
#2862 = ORIENTED_EDGE ( 'NONE', *, *, #1151, .F. ) ;
#2863 = ORIENTED_EDGE ( 'NONE', *, *, #3009, .F. ) ;
#2864 = PLANE ( 'NONE',  #1830 ) ;
#2865 = CARTESIAN_POINT ( 'NONE',  ( -1.499999999999998668, 0.05000000000000000278, 1.499999999999999556 ) ) ;
#2866 = ORIENTED_EDGE ( 'NONE', *, *, #1591, .T. ) ;
#2867 = EDGE_CURVE ( 'NONE', #1227, #4538, #3434, .T. ) ;
#2868 = ORIENTED_EDGE ( 'NONE', *, *, #4573, .F. ) ;
#2869 = DIRECTION ( 'NONE',  ( 0.000000000000000000, 1.000000000000000000, 0.000000000000000000 ) ) ;
#2870 = VERTEX_POINT ( 'NONE', #1622 ) ;
#2871 = ORIENTED_EDGE ( 'NONE', *, *, #5089, .T. ) ;
#2872 = ADVANCED_FACE ( 'NONE', ( #2479 ), #5153, .T. ) ;
#2873 = PLANE ( 'NONE',  #3913 ) ;
#2874 = ORIENTED_EDGE ( 'NONE', *, *, #6416, .F. ) ;
#2875 = DIRECTION ( 'NONE',  ( -0.000000000000000000, -1.000000000000000000, -0.000000000000000000 ) ) ;
#2876 = EDGE_CURVE ( 'NONE', #1749, #3492, #5380, .T. ) ;
#2877 = LINE ( 'NONE', #2208, #4437 ) ;
#2878 = LINE ( 'NONE', #5507, #1251 ) ;
#2879 = ORIENTED_EDGE ( 'NONE', *, *, #5492, .T. ) ;
#2880 = PLANE ( 'NONE',  #1423 ) ;
#2881 = LINE ( 'NONE', #2827, #4219 ) ;
#2883 = CARTESIAN_POINT ( 'NONE',  ( 0.9500000000000000666, 0.000000000000000000, 0.9500000000000002887 ) ) ;
#2882 = CARTESIAN_POINT ( 'NONE',  ( 1.199999999999999289, 0.5605551275463986904, 0.9000000000000000222 ) ) ;
#2884 = LINE ( 'NONE', #837, #1259 ) ;
#2885 = MANIFOLD_SOLID_BREP ( 'LPattern3[7]', #46 ) ;
#2886 = ORIENTED_EDGE ( 'NONE', *, *, #1315, .T. ) ;
#2887 = EDGE_CURVE ( 'NONE', #4283, #4182, #2259, .T. ) ;
#2888 = VECTOR ( 'NONE', #1123, 1000.000000000000000 ) ;
#2889 = AXIS2_PLACEMENT_3D ( 'NONE', #1803, #810, #740 ) ;
#2890 = VECTOR ( 'NONE', #49, 1000.000000000000000 ) ;
#2891 = VECTOR ( 'NONE', #3503, 1000.000000000000000 ) ;
#2892 = ORIENTED_EDGE ( 'NONE', *, *, #5333, .T. ) ;
#2893 = CARTESIAN_POINT ( 'NONE',  ( 1.500000000000000444, 0.05000000000000000278, -1.500000000000000000 ) ) ;
#2894 = DIRECTION ( 'NONE',  ( 0.000000000000000000, 0.000000000000000000, -1.000000000000000000 ) ) ;
#2895 = VERTEX_POINT ( 'NONE', #4112 ) ;
#2896 = CARTESIAN_POINT ( 'NONE',  ( -1.499999999999999112, 0.000000000000000000, 0.9000000000000000222 ) ) ;
#2897 = AXIS2_PLACEMENT_3D ( 'NONE', #3578, #5076, #571 ) ;
#2898 = VECTOR ( 'NONE', #4864, 1000.000000000000000 ) ;
#2899 = DIRECTION ( 'NONE',  ( 0.000000000000000000, 0.000000000000000000, 1.000000000000000000 ) ) ;
#2900 = LINE ( 'NONE', #3001, #3033 ) ;
#2901 = ADVANCED_FACE ( 'NONE', ( #5994 ), #639, .T. ) ;
#2902 = EDGE_LOOP ( 'NONE', ( #5992, #1703, #1937, #1748 ) ) ;
#2903 = EDGE_CURVE ( 'NONE', #4973, #6236, #3349, .T. ) ;
#2904 = PLANE ( 'NONE',  #4044 ) ;
#2905 = DIRECTION ( 'NONE',  ( 1.084202172485506603E-15, 0.000000000000000000, -1.000000000000000000 ) ) ;
#2906 = VECTOR ( 'NONE', #1760, 1000.000000000000000 ) ;
#2907 = EDGE_CURVE ( 'NONE', #3692, #1794, #5857, .T. ) ;
#2908 = PLANE ( 'NONE',  #2501 ) ;
#2909 = ORIENTED_EDGE ( 'NONE', *, *, #838, .F. ) ;
#2910 = LINE ( 'NONE', #3395, #5257 ) ;
#2911 = EDGE_CURVE ( 'NONE', #6157, #1608, #1415, .T. ) ;
#2912 = VERTEX_POINT ( 'NONE', #3701 ) ;
#2913 = FILL_AREA_STYLE ('',( #3891 ) ) ;
#2914 = AXIS2_PLACEMENT_3D ( 'NONE', #2245, #4247, #675 ) ;
#2915 = LINE ( 'NONE', #381, #5264 ) ;
#2916 = ORIENTED_EDGE ( 'NONE', *, *, #3306, .T. ) ;
#2917 = DIRECTION ( 'NONE',  ( 0.000000000000000000, 0.000000000000000000, -1.000000000000000000 ) ) ;
#2918 = CARTESIAN_POINT ( 'NONE',  ( -1.499999999999999112, 0.5605551275463986904, 0.5000000000000000000 ) ) ;
#2919 = EDGE_CURVE ( 'NONE', #4937, #6283, #1556, .T. ) ;
#2920 = VECTOR ( 'NONE', #542, 1000.000000000000000 ) ;
#2921 = CARTESIAN_POINT ( 'NONE',  ( -0.09999999999999928391, 0.2000000000000000111, 1.200000000000000622 ) ) ;
#2922 = ORIENTED_EDGE ( 'NONE', *, *, #5873, .F. ) ;
#2923 = VERTEX_POINT ( 'NONE', #687 ) ;
#2924 = VERTEX_POINT ( 'NONE', #3813 ) ;
#2925 = DIRECTION ( 'NONE',  ( -1.000000000000000000, 0.000000000000000000, 0.000000000000000000 ) ) ;
#2926 = ORIENTED_EDGE ( 'NONE', *, *, #748, .T. ) ;
#2927 = EDGE_CURVE ( 'NONE', #5175, #5423, #70, .T. ) ;
#2928 = ADVANCED_FACE ( 'NONE', ( #3910 ), #260, .T. ) ;
#2929 = ORIENTED_EDGE ( 'NONE', *, *, #4122, .F. ) ;
#2930 = DIRECTION ( 'NONE',  ( 1.000000000000000000, -0.000000000000000000, 1.084202172485506406E-15 ) ) ;
#2931 = AXIS2_PLACEMENT_3D ( 'NONE', #5652, #2661, #3651 ) ;
#2932 = DIRECTION ( 'NONE',  ( -1.000000000000000000, 0.000000000000000000, 0.000000000000000000 ) ) ;
#2933 = VERTEX_POINT ( 'NONE', #3852 ) ;
#2934 = ORIENTED_EDGE ( 'NONE', *, *, #5774, .F. ) ;
#2935 = ORIENTED_EDGE ( 'NONE', *, *, #5289, .F. ) ;
#2936 = ORIENTED_EDGE ( 'NONE', *, *, #6336, .T. ) ;
#2937 = EDGE_CURVE ( 'NONE', #1838, #1338, #2017, .T. ) ;
#2938 = LINE ( 'NONE', #4450, #6297 ) ;
#2939 = ORIENTED_EDGE ( 'NONE', *, *, #4499, .T. ) ;
#2940 = CARTESIAN_POINT ( 'NONE',  ( 0.7000000000000002887, 0.04999999999999969746, -1.500000000000000000 ) ) ;
#2941 = DIRECTION ( 'NONE',  ( 1.000000000000000000, 0.000000000000000000, 0.000000000000000000 ) ) ;
#2942 = ORIENTED_EDGE ( 'NONE', *, *, #2019, .F. ) ;
#2943 = VECTOR ( 'NONE', #2748, 1000.000000000000000 ) ;
#2944 = ORIENTED_EDGE ( 'NONE', *, *, #5566, .T. ) ;
#2945 = PLANE ( 'NONE',  #4845 ) ;
#2946 = DIRECTION ( 'NONE',  ( -0.000000000000000000, -1.000000000000000000, -0.000000000000000000 ) ) ;
#2947 = VECTOR ( 'NONE', #3404, 1000.000000000000000 ) ;
#2948 = VECTOR ( 'NONE', #4633, 1000.000000000000000 ) ;
#2949 = ORIENTED_EDGE ( 'NONE', *, *, #5484, .F. ) ;
#2950 = EDGE_CURVE ( 'NONE', #1921, #587, #315, .T. ) ;
#2951 = LINE ( 'NONE', #2334, #6313 ) ;
#2952 = VECTOR ( 'NONE', #5245, 1000.000000000000000 ) ;
#2953 = FACE_OUTER_BOUND ( 'NONE', #1709, .T. ) ;
#2954 = MECHANICAL_DESIGN_GEOMETRIC_PRESENTATION_REPRESENTATION (  '', ( #1744 ), #5223 ) ;
#2955 = VECTOR ( 'NONE', #5002, 1000.000000000000000 ) ;
#2956 = ORIENTED_EDGE ( 'NONE', *, *, #3736, .F. ) ;
#2957 = ADVANCED_FACE ( 'NONE', ( #2552 ), #1871, .F. ) ;
#2958 = FACE_OUTER_BOUND ( 'NONE', #1113, .T. ) ;
#2959 = VECTOR ( 'NONE', #3398, 1000.000000000000000 ) ;
#2960 = EDGE_CURVE ( 'NONE', #2975, #6329, #2081, .T. ) ;
#2961 = PLANE ( 'NONE',  #1224 ) ;
#2962 = LINE ( 'NONE', #2401, #1646 ) ;
#2963 = ORIENTED_EDGE ( 'NONE', *, *, #4880, .T. ) ;
#2964 = DIRECTION ( 'NONE',  ( 1.000000000000000000, -0.000000000000000000, 1.445602896647339656E-16 ) ) ;
#2965 = LINE ( 'NONE', #5396, #5939 ) ;
#2966 = DIRECTION ( 'NONE',  ( 0.000000000000000000, 0.000000000000000000, 1.000000000000000000 ) ) ;
#2967 = CARTESIAN_POINT ( 'NONE',  ( 1.199999999999999289, 0.1999999999999999833, -0.7000000000000000666 ) ) ;
#2968 = VERTEX_POINT ( 'NONE', #5319 ) ;
#2969 =( NAMED_UNIT ( * ) PLANE_ANGLE_UNIT ( ) SI_UNIT ( $, .RADIAN. ) );
#2970 = VECTOR ( 'NONE', #2702, 1000.000000000000000 ) ;
#2971 = EDGE_LOOP ( 'NONE', ( #228, #585, #5419, #620 ) ) ;
#2972 = CARTESIAN_POINT ( 'NONE',  ( 1.199999999999999289, 0.5605551275463986904, -0.8999999999999998002 ) ) ;
#2973 = DIRECTION ( 'NONE',  ( 0.000000000000000000, 0.000000000000000000, 1.000000000000000000 ) ) ;
#2974 = VECTOR ( 'NONE', #2603, 1000.000000000000000 ) ;
#2975 = VERTEX_POINT ( 'NONE', #3332 ) ;
#2976 = PLANE ( 'NONE',  #2247 ) ;
#2977 = STYLED_ITEM ( 'NONE', ( #5649 ), #296 ) ;
#2978 = VECTOR ( 'NONE', #908, 1000.000000000000000 ) ;
#2979 = ORIENTED_EDGE ( 'NONE', *, *, #4839, .T. ) ;
#2980 = DIRECTION ( 'NONE',  ( 0.000000000000000000, -1.000000000000000000, 0.000000000000000000 ) ) ;
#2981 = ADVANCED_FACE ( 'NONE', ( #5526 ), #383, .F. ) ;
#2982 = EDGE_CURVE ( 'NONE', #1799, #3008, #3187, .T. ) ;
#2983 = PLANE ( 'NONE',  #3352 ) ;
#2984 = VECTOR ( 'NONE', #2039, 1000.000000000000000 ) ;
#2985 = ORIENTED_EDGE ( 'NONE', *, *, #2234, .F. ) ;
#2986 = ORIENTED_EDGE ( 'NONE', *, *, #5513, .T. ) ;
#2987 = CARTESIAN_POINT ( 'NONE',  ( 0.000000000000000000, 0.2000000000000000111, 0.000000000000000000 ) ) ;
#2988 = ORIENTED_EDGE ( 'NONE', *, *, #6037, .T. ) ;
#2989 = DIRECTION ( 'NONE',  ( -0.000000000000000000, -1.000000000000000000, -0.000000000000000000 ) ) ;
#2990 = DIRECTION ( 'NONE',  ( 0.000000000000000000, 0.000000000000000000, -1.000000000000000000 ) ) ;
#2991 = EDGE_CURVE ( 'NONE', #187, #1396, #6387, .T. ) ;
#2992 = ORIENTED_EDGE ( 'NONE', *, *, #256, .F. ) ;
#2993 = VERTEX_POINT ( 'NONE', #1809 ) ;
#2994 = ORIENTED_EDGE ( 'NONE', *, *, #256, .T. ) ;
#2995 = PLANE ( 'NONE',  #5665 ) ;
#2996 = AXIS2_PLACEMENT_3D ( 'NONE', #947, #5362, #422 ) ;
#2997 = DIRECTION ( 'NONE',  ( 0.000000000000000000, -1.000000000000000000, 0.000000000000000000 ) ) ;
#2998 = ORIENTED_EDGE ( 'NONE', *, *, #366, .F. ) ;
#2999 = VERTEX_POINT ( 'NONE', #342 ) ;
#3000 = EDGE_LOOP ( 'NONE', ( #2673, #5888, #4705, #4110 ) ) ;
#3001 = CARTESIAN_POINT ( 'NONE',  ( -0.3000000000000000999, 0.2000000000000000111, -1.199999999999999956 ) ) ;
#3002 = VECTOR ( 'NONE', #4641, 1000.000000000000000 ) ;
#3003 = DIRECTION ( 'NONE',  ( 0.000000000000000000, -0.000000000000000000, 1.000000000000000000 ) ) ;
#3004 = CARTESIAN_POINT ( 'NONE',  ( 1.199999999999999289, 0.000000000000000000, 0.9000000000000000222 ) ) ;
#3005 = AXIS2_PLACEMENT_3D ( 'NONE', #219, #975, #1559 ) ;
#3006 = ORIENTED_EDGE ( 'NONE', *, *, #104, .F. ) ;
#3007 = VECTOR ( 'NONE', #4602, 1000.000000000000000 ) ;
#3008 = VERTEX_POINT ( 'NONE', #5337 ) ;
#3009 = EDGE_CURVE ( 'NONE', #4941, #392, #4444, .T. ) ;
#3010 = CARTESIAN_POINT ( 'NONE',  ( -0.6999999999999996225, 0.04999999999999999584, 1.500000000000000000 ) ) ;
#3011 = ADVANCED_FACE ( 'NONE', ( #5372 ), #2864, .T. ) ;
#3012 = EDGE_CURVE ( 'NONE', #1558, #4563, #4520, .T. ) ;
#3013 = CARTESIAN_POINT ( 'NONE',  ( 1.499999999999999112, 0.1999999999999999833, 0.5000000000000000000 ) ) ;
#3014 = LINE ( 'NONE', #6436, #65 ) ;
#3015 = VERTEX_POINT ( 'NONE', #2386 ) ;
#3016 = VECTOR ( 'NONE', #3595, 1000.000000000000000 ) ;
#3017 = LINE ( 'NONE', #4234, #6385 ) ;
#3018 = ORIENTED_EDGE ( 'NONE', *, *, #613, .T. ) ;
#3019 = SURFACE_STYLE_FILL_AREA ( #1606 ) ;
#3020 = LINE ( 'NONE', #5515, #2890 ) ;
#3021 = LINE ( 'NONE', #890, #331 ) ;
#3022 = ORIENTED_EDGE ( 'NONE', *, *, #6092, .F. ) ;
#3023 = EDGE_CURVE ( 'NONE', #1799, #6015, #781, .T. ) ;
#3024 = SURFACE_STYLE_FILL_AREA ( #627 ) ;
#3025 = AXIS2_PLACEMENT_3D ( 'NONE', #5592, #2093, #3542 ) ;
#3026 = CARTESIAN_POINT ( 'NONE',  ( 1.199999999999999289, 0.5605551275463986904, -0.7000000000000000666 ) ) ;
#3027 = DIRECTION ( 'NONE',  ( -0.000000000000000000, -1.000000000000000000, -0.000000000000000000 ) ) ;
#3028 = VECTOR ( 'NONE', #3257, 1000.000000000000000 ) ;
#3029 = ORIENTED_EDGE ( 'NONE', *, *, #6185, .F. ) ;
#3030 = PLANE ( 'NONE',  #744 ) ;
#3031 = LINE ( 'NONE', #2570, #477 ) ;
#3032 = EDGE_CURVE ( 'NONE', #4308, #903, #4220, .T. ) ;
#3033 = VECTOR ( 'NONE', #552, 1000.000000000000000 ) ;
#3034 = VERTEX_POINT ( 'NONE', #1350 ) ;
#3035 = AXIS2_PLACEMENT_3D ( 'NONE', #5277, #6232, #267 ) ;
#3036 = CARTESIAN_POINT ( 'NONE',  ( -1.199999999999999289, 0.1999999999999999833, -0.4999999999999997780 ) ) ;
#3037 = DIRECTION ( 'NONE',  ( 1.000000000000000000, 0.000000000000000000, 0.000000000000000000 ) ) ;
#3038 = CARTESIAN_POINT ( 'NONE',  ( 1.500000000000000444, 0.05000000000000000278, 1.500000000000000000 ) ) ;
#3039 = ADVANCED_FACE ( 'NONE', ( #1863 ), #3375, .T. ) ;
#3040 = CARTESIAN_POINT ( 'NONE',  ( -1.199999999999999289, 0.1999999999999999833, 0.7000000000000002887 ) ) ;
#3041 = VECTOR ( 'NONE', #1067, 1000.000000000000000 ) ;
#3042 = EDGE_LOOP ( 'NONE', ( #6038, #5424, #867, #5633 ) ) ;
#3043 = VECTOR ( 'NONE', #2268, 1000.000000000000000 ) ;
#3044 = EDGE_CURVE ( 'NONE', #6164, #431, #2177, .T. ) ;
#3045 = DIRECTION ( 'NONE',  ( 1.000000000000000000, 0.000000000000000000, 0.000000000000000000 ) ) ;
#3046 = VERTEX_POINT ( 'NONE', #4808 ) ;
#3047 = CARTESIAN_POINT ( 'NONE',  ( 1.500000000000000444, 0.05000000000000000278, -1.500000000000000000 ) ) ;
#3048 = DIRECTION ( 'NONE',  ( 0.000000000000000000, 0.000000000000000000, -1.000000000000000000 ) ) ;
#3049 = CARTESIAN_POINT ( 'NONE',  ( -1.199999999999999289, 0.5605551275463986904, 0.9000000000000000222 ) ) ;
#3050 = DIRECTION ( 'NONE',  ( 3.252606517456519218E-15, -0.000000000000000000, 1.000000000000000000 ) ) ;
#3051 = CARTESIAN_POINT ( 'NONE',  ( 0.9000000000000003553, 0.000000000000000000, 1.199999999999999956 ) ) ;
#3052 = FILL_AREA_STYLE_COLOUR ( '', #2428 ) ;
#3053 = VERTEX_POINT ( 'NONE', #4886 ) ;
#3054 =( GEOMETRIC_REPRESENTATION_CONTEXT ( 3 ) GLOBAL_UNCERTAINTY_ASSIGNED_CONTEXT ( ( #6066 ) ) GLOBAL_UNIT_ASSIGNED_CONTEXT ( ( #3869, #1824, #4904 ) ) REPRESENTATION_CONTEXT ( 'NONE', 'WORKASPACE' ) );
#3055 = VECTOR ( 'NONE', #3512, 1000.000000000000000 ) ;
#3056 = PLANE ( 'NONE',  #2363 ) ;
#3057 = MANIFOLD_SOLID_BREP ( 'LPattern4[6]', #440 ) ;
#3058 = ORIENTED_EDGE ( 'NONE', *, *, #1774, .F. ) ;
#3059 = CARTESIAN_POINT ( 'NONE',  ( 0.000000000000000000, 0.2000000000000000111, 0.000000000000000000 ) ) ;
#3060 = ORIENTED_EDGE ( 'NONE', *, *, #5885, .F. ) ;
#3061 = ORIENTED_EDGE ( 'NONE', *, *, #1747, .F. ) ;
#3062 = EDGE_CURVE ( 'NONE', #1362, #3250, #2884, .T. ) ;
#3063 = ORIENTED_EDGE ( 'NONE', *, *, #1568, .T. ) ;
#3064 = ORIENTED_EDGE ( 'NONE', *, *, #905, .F. ) ;
#3065 = VERTEX_POINT ( 'NONE', #437 ) ;
#3066 = EDGE_LOOP ( 'NONE', ( #5201, #6100, #6439, #4925 ) ) ;
#3067 = ORIENTED_EDGE ( 'NONE', *, *, #1540, .T. ) ;
#3068 = SURFACE_STYLE_USAGE ( .BOTH. , #99 ) ;
#3069 = PLANE ( 'NONE',  #6134 ) ;
#3070 = ORIENTED_EDGE ( 'NONE', *, *, #3480, .F. ) ;
#3071 = EDGE_CURVE ( 'NONE', #4601, #5508, #705, .T. ) ;
#3072 = ADVANCED_FACE ( 'NONE', ( #4048 ), #5985, .F. ) ;
#3073 = CARTESIAN_POINT ( 'NONE',  ( 1.199999999999999289, 0.5605551275463986904, 0.7000000000000002887 ) ) ;
#3074 = VERTEX_POINT ( 'NONE', #2493 ) ;
#3075 = DIRECTION ( 'NONE',  ( 0.000000000000000000, 0.000000000000000000, -1.000000000000000000 ) ) ;
#3076 =( GEOMETRIC_REPRESENTATION_CONTEXT ( 3 ) GLOBAL_UNCERTAINTY_ASSIGNED_CONTEXT ( ( #4002 ) ) GLOBAL_UNIT_ASSIGNED_CONTEXT ( ( #1800, #1316, #3820 ) ) REPRESENTATION_CONTEXT ( 'NONE', 'WORKASPACE' ) );
#3077 = DIRECTION ( 'NONE',  ( -0.000000000000000000, -1.000000000000000000, -0.000000000000000000 ) ) ;
#3078 = VECTOR ( 'NONE', #6005, 1000.000000000000000 ) ;
#3079 = LINE ( 'NONE', #6374, #6106 ) ;
#3080 = ORIENTED_EDGE ( 'NONE', *, *, #2236, .F. ) ;
#3081 = CARTESIAN_POINT ( 'NONE',  ( -1.199999999999999289, 0.5605551275463986904, 0.3000000000000003775 ) ) ;
#3082 = LINE ( 'NONE', #4900, #6056 ) ;
#3083 = ORIENTED_EDGE ( 'NONE', *, *, #5404, .F. ) ;
#3084 = ORIENTED_EDGE ( 'NONE', *, *, #3157, .T. ) ;
#3085 = LINE ( 'NONE', #4177, #2257 ) ;
#3086 = CARTESIAN_POINT ( 'NONE',  ( -1.199999999999999289, 0.000000000000000000, 0.9000000000000000222 ) ) ;
#3087 = VECTOR ( 'NONE', #6357, 1000.000000000000000 ) ;
#3088 = ORIENTED_EDGE ( 'NONE', *, *, #4813, .F. ) ;
#3089 = DIRECTION ( 'NONE',  ( 0.000000000000000000, -0.000000000000000000, 1.000000000000000000 ) ) ;
#3090 = EDGE_CURVE ( 'NONE', #128, #5282, #3343, .T. ) ;
#3091 = CARTESIAN_POINT ( 'NONE',  ( 0.7000000000000007327, 0.2000000000000000111, 1.200000000000000622 ) ) ;
#3092 = VECTOR ( 'NONE', #5407, 1000.000000000000000 ) ;
#3093 = CARTESIAN_POINT ( 'NONE',  ( 1.199999999999999289, 0.000000000000000000, 0.5000000000000000000 ) ) ;
#3094 = CARTESIAN_POINT ( 'NONE',  ( -1.199999999999999289, 0.1999999999999999833, -0.8999999999999998002 ) ) ;
#3095 = FACE_OUTER_BOUND ( 'NONE', #764, .T. ) ;
#3096 = VECTOR ( 'NONE', #58, 1000.000000000000000 ) ;
#3097 = LINE ( 'NONE', #1051, #240 ) ;
#3098 = ORIENTED_EDGE ( 'NONE', *, *, #2867, .F. ) ;
#3099 = EDGE_CURVE ( 'NONE', #6143, #2405, #5137, .T. ) ;
#3100 = PLANE ( 'NONE',  #2897 ) ;
#3101 = MECHANICAL_DESIGN_GEOMETRIC_PRESENTATION_REPRESENTATION (  '', ( #5127 ), #2108 ) ;
#3102 = CARTESIAN_POINT ( 'NONE',  ( 0.000000000000000000, 0.05000000000000000278, 0.3000000000000003775 ) ) ;
#3103 = VECTOR ( 'NONE', #354, 1000.000000000000000 ) ;
#3104 = CARTESIAN_POINT ( 'NONE',  ( 0.000000000000000000, 0.000000000000000000, 0.000000000000000000 ) ) ;
#3105 = ORIENTED_EDGE ( 'NONE', *, *, #4751, .T. ) ;
#3106 = CARTESIAN_POINT ( 'NONE',  ( 1.199999999999999289, 0.05000000000000000278, 0.000000000000000000 ) ) ;
#3108 = VECTOR ( 'NONE', #6055, 1000.000000000000000 ) ;
#3107 = CARTESIAN_POINT ( 'NONE',  ( -1.199999999999999289, 0.1999999999999999833, -0.3000000000000000999 ) ) ;
#3109 = VECTOR ( 'NONE', #1011, 1000.000000000000000 ) ;
#3110 = EDGE_CURVE ( 'NONE', #6227, #982, #1166, .T. ) ;
#3111 = VERTEX_POINT ( 'NONE', #25 ) ;
#3112 = ADVANCED_FACE ( 'NONE', ( #224 ), #3952, .T. ) ;
#3113 = PLANE ( 'NONE',  #533 ) ;
#3114 = PRESENTATION_LAYER_ASSIGNMENT (  '', '', ( #1129 ) ) ;
#3115 = CARTESIAN_POINT ( 'NONE',  ( 0.09999999999999993616, 0.5605551275463992456, -1.199999999999999956 ) ) ;
#3116 = SURFACE_STYLE_USAGE ( .BOTH. , #2147 ) ;
#3117 = FILL_AREA_STYLE_COLOUR ( '', #2271 ) ;
#3118 = LINE ( 'NONE', #313, #640 ) ;
#3119 = CARTESIAN_POINT ( 'NONE',  ( -1.199999999999999289, 0.1999999999999999833, 0.9000000000000000222 ) ) ;
#3120 = ORIENTED_EDGE ( 'NONE', *, *, #5578, .T. ) ;
#3121 = CARTESIAN_POINT ( 'NONE',  ( -1.499999999999998668, 0.8999999999999998002, 1.499999999999999556 ) ) ;
#3122 =( NAMED_UNIT ( * ) SI_UNIT ( $, .STERADIAN. ) SOLID_ANGLE_UNIT ( ) );
#3123 = VECTOR ( 'NONE', #4395, 1000.000000000000000 ) ;
#3124 = AXIS2_PLACEMENT_3D ( 'NONE', #1444, #2836, #2318 ) ;
#3125 = VERTEX_POINT ( 'NONE', #4911 ) ;
#3126 = DIRECTION ( 'NONE',  ( 1.000000000000000000, 0.000000000000000000, 0.000000000000000000 ) ) ;
#3127 = DIRECTION ( 'NONE',  ( 1.000000000000000000, 0.000000000000000000, -3.252606517456519218E-15 ) ) ;
#3128 = DIRECTION ( 'NONE',  ( -1.000000000000000000, 0.000000000000000000, -0.000000000000000000 ) ) ;
#3129 = DIRECTION ( 'NONE',  ( -1.000000000000000000, 0.000000000000000000, 0.000000000000000000 ) ) ;
#3130 = CARTESIAN_POINT ( 'NONE',  ( -1.199999999999999289, 0.5605551275463986904, 0.5000000000000000000 ) ) ;
#3131 = VECTOR ( 'NONE', #1780, 1000.000000000000000 ) ;
#3132 =( LENGTH_UNIT ( ) NAMED_UNIT ( * ) SI_UNIT ( .MILLI., .METRE. ) );
#3133 = ORIENTED_EDGE ( 'NONE', *, *, #4340, .F. ) ;
#3134 = EDGE_CURVE ( 'NONE', #242, #5867, #929, .T. ) ;
#3135 = EDGE_CURVE ( 'NONE', #3580, #2125, #2724, .T. ) ;
#3136 = DIRECTION ( 'NONE',  ( 0.000000000000000000, -1.000000000000000000, 0.000000000000000000 ) ) ;
#3137 = CARTESIAN_POINT ( 'NONE',  ( 1.199999999999999289, 0.05000000000000002359, -0.3000000000000000999 ) ) ;
#3138 = ORIENTED_EDGE ( 'NONE', *, *, #4016, .F. ) ;
#3139 = DIRECTION ( 'NONE',  ( -0.000000000000000000, -1.000000000000000000, -0.000000000000000000 ) ) ;
#3140 = ADVANCED_FACE ( 'NONE', ( #4757 ), #2431, .F. ) ;
#3141 = CARTESIAN_POINT ( 'NONE',  ( 0.5000000000000000000, 0.2000000000000000111, -1.199999999999999956 ) ) ;
#3142 = CARTESIAN_POINT ( 'NONE',  ( -1.499999999999999112, 0.5605551275463986904, 0.09999999999999993616 ) ) ;
#3143 = PLANE ( 'NONE',  #5412 ) ;
#3144 = CARTESIAN_POINT ( 'NONE',  ( -0.8999999999999993561, 0.1999999999999999833, 1.500000000000000444 ) ) ;
#3145 = ORIENTED_EDGE ( 'NONE', *, *, #104, .T. ) ;
#3146 = VERTEX_POINT ( 'NONE', #5949 ) ;
#3147 = ORIENTED_EDGE ( 'NONE', *, *, #393, .F. ) ;
#3148 = DIRECTION ( 'NONE',  ( 0.000000000000000000, 0.000000000000000000, 1.000000000000000000 ) ) ;
#3149 = ADVANCED_FACE ( 'NONE', ( #5365 ), #4431, .T. ) ;
#3150 = VERTEX_POINT ( 'NONE', #3462 ) ;
#3151 = ORIENTED_EDGE ( 'NONE', *, *, #1307, .T. ) ;
#3152 = DIRECTION ( 'NONE',  ( 0.000000000000000000, 0.000000000000000000, -1.000000000000000000 ) ) ;
#3153 = DIRECTION ( 'NONE',  ( 0.000000000000000000, 0.000000000000000000, 1.000000000000000000 ) ) ;
#3154 = ORIENTED_EDGE ( 'NONE', *, *, #5544, .F. ) ;
#3155 = CARTESIAN_POINT ( 'NONE',  ( 1.500000000000000444, 0.05000000000000000278, 1.500000000000000000 ) ) ;
#3156 = DIRECTION ( 'NONE',  ( -0.000000000000000000, -0.000000000000000000, 1.000000000000000000 ) ) ;
#3157 = EDGE_CURVE ( 'NONE', #2070, #497, #3014, .T. ) ;
#3158 = DIRECTION ( 'NONE',  ( -0.000000000000000000, -1.000000000000000000, -0.000000000000000000 ) ) ;
#3159 = ORIENTED_EDGE ( 'NONE', *, *, #5850, .T. ) ;
#3160 = ORIENTED_EDGE ( 'NONE', *, *, #1733, .T. ) ;
#3161 = LINE ( 'NONE', #2646, #2387 ) ;
#3162 = ORIENTED_EDGE ( 'NONE', *, *, #3588, .T. ) ;
#3163 = PLANE ( 'NONE',  #5810 ) ;
#3164 = ORIENTED_EDGE ( 'NONE', *, *, #1389, .F. ) ;
#3165 = PLANE ( 'NONE',  #5729 ) ;
#3166 = CARTESIAN_POINT ( 'NONE',  ( -1.199999999999999289, 0.1999999999999999833, -0.8999999999999998002 ) ) ;
#3167 = EDGE_CURVE ( 'NONE', #5700, #537, #3828, .T. ) ;
#3168 = CARTESIAN_POINT ( 'NONE',  ( 1.199999999999999289, 0.1999999999999999833, 0.7000000000000002887 ) ) ;
#3169 = DIRECTION ( 'NONE',  ( 0.000000000000000000, -1.000000000000000000, 0.000000000000000000 ) ) ;
#3170 = CARTESIAN_POINT ( 'NONE',  ( -1.499999999999999112, 0.5605551275463986904, -0.4999999999999997780 ) ) ;
#3171 = STYLED_ITEM ( 'NONE', ( #2558 ), #5397 ) ;
#3172 = VECTOR ( 'NONE', #248, 1000.000000000000000 ) ;
#3173 = ORIENTED_EDGE ( 'NONE', *, *, #5429, .T. ) ;
#3174 = CARTESIAN_POINT ( 'NONE',  ( -1.499999999999999112, 0.5605551275463986904, -0.8999999999999998002 ) ) ;
#3175 = VECTOR ( 'NONE', #3592, 1000.000000000000000 ) ;
#3176 = CARTESIAN_POINT ( 'NONE',  ( -1.499999999999998890, 0.1999999999999996503, 0.9000000000000000222 ) ) ;
#3177 = ORIENTED_EDGE ( 'NONE', *, *, #3839, .T. ) ;
#3179 = DIRECTION ( 'NONE',  ( -1.000000000000000000, 0.000000000000000000, -1.084202172485506406E-15 ) ) ;
#3178 = CARTESIAN_POINT ( 'NONE',  ( 0.5000000000000000000, 0.2000000000000000111, -1.199999999999999956 ) ) ;
#3180 = ADVANCED_FACE ( 'NONE', ( #2009 ), #479, .T. ) ;
#3181 = DIRECTION ( 'NONE',  ( 0.000000000000000000, 0.000000000000000000, 1.000000000000000000 ) ) ;
#3182 =( GEOMETRIC_REPRESENTATION_CONTEXT ( 3 ) GLOBAL_UNCERTAINTY_ASSIGNED_CONTEXT ( ( #593 ) ) GLOBAL_UNIT_ASSIGNED_CONTEXT ( ( #1241, #230, #142 ) ) REPRESENTATION_CONTEXT ( 'NONE', 'WORKASPACE' ) );
#3183 = FACE_OUTER_BOUND ( 'NONE', #3397, .T. ) ;
#3184 = EDGE_CURVE ( 'NONE', #982, #2290, #391, .T. ) ;
#3185 = LINE ( 'NONE', #551, #1009 ) ;
#3186 = APPLICATION_PROTOCOL_DEFINITION ( 'draft international standard', 'automotive_design', 1998, #1649 ) ;
#3187 = LINE ( 'NONE', #816, #232 ) ;
#3188 = VERTEX_POINT ( 'NONE', #2094 ) ;
#3189 = ADVANCED_FACE ( 'NONE', ( #3573 ), #4547, .T. ) ;
#3190 = FILL_AREA_STYLE_COLOUR ( '', #1872 ) ;
#3191 = VECTOR ( 'NONE', #638, 1000.000000000000000 ) ;
#3192 = CARTESIAN_POINT ( 'NONE',  ( 1.199999999999999289, 0.1999999999999999833, -0.4999999999999997780 ) ) ;
#3193 = DIRECTION ( 'NONE',  ( 0.000000000000000000, -0.000000000000000000, 1.000000000000000000 ) ) ;
#3194 = SURFACE_STYLE_FILL_AREA ( #811 ) ;
#3195 = VECTOR ( 'NONE', #2353, 1000.000000000000000 ) ;
#3196 = CARTESIAN_POINT ( 'NONE',  ( 0.3000000000000003775, 0.000000000000000000, -1.500000000000000000 ) ) ;
#3197 = VECTOR ( 'NONE', #1361, 1000.000000000000000 ) ;
#3198 = CARTESIAN_POINT ( 'NONE',  ( 0.3000000000000007661, 0.04999999999999969746, 1.500000000000000444 ) ) ;
#3199 = EDGE_LOOP ( 'NONE', ( #1651, #6373, #6362, #2942 ) ) ;
#3200 = CARTESIAN_POINT ( 'NONE',  ( 0.7000000000000007327, 0.000000000000000000, 1.200000000000000622 ) ) ;
#3201 = CARTESIAN_POINT ( 'NONE',  ( 1.499999999999999112, 0.04999999999999969746, 0.9000000000000000222 ) ) ;
#3202 = DIRECTION ( 'NONE',  ( -0.000000000000000000, -1.000000000000000000, -0.000000000000000000 ) ) ;
#3203 = VECTOR ( 'NONE', #2625, 1000.000000000000000 ) ;
#3204 = LINE ( 'NONE', #1372, #625 ) ;
#3205 = ORIENTED_EDGE ( 'NONE', *, *, #4259, .T. ) ;
#3206 = EDGE_CURVE ( 'NONE', #3074, #2148, #1406, .T. ) ;
#3207 = CARTESIAN_POINT ( 'NONE',  ( 0.000000000000000000, 0.2000000000000000111, 0.000000000000000000 ) ) ;
#3208 = PLANE ( 'NONE',  #3331 ) ;
#3209 =( GEOMETRIC_REPRESENTATION_CONTEXT ( 3 ) GLOBAL_UNCERTAINTY_ASSIGNED_CONTEXT ( ( #2590 ) ) GLOBAL_UNIT_ASSIGNED_CONTEXT ( ( #2274, #2660, #6148 ) ) REPRESENTATION_CONTEXT ( 'NONE', 'WORKASPACE' ) );
#3210 = DIRECTION ( 'NONE',  ( 0.000000000000000000, -1.000000000000000000, 0.000000000000000000 ) ) ;
#3211 = LINE ( 'NONE', #5001, #2277 ) ;
#3212 = ORIENTED_EDGE ( 'NONE', *, *, #586, .T. ) ;
#3213 = CARTESIAN_POINT ( 'NONE',  ( 1.199999999999999289, 0.5605551275463986904, -0.09999999999999971412 ) ) ;
#3214 = EDGE_CURVE ( 'NONE', #4601, #3806, #2251, .T. ) ;
#3215 = VECTOR ( 'NONE', #1115, 1000.000000000000000 ) ;
#3216 = CARTESIAN_POINT ( 'NONE',  ( -1.499999999999999112, 0.1999999999999999833, -0.8999999999999998002 ) ) ;
#3217 = SURFACE_SIDE_STYLE ('',( #6247 ) ) ;
#3218 = ORIENTED_EDGE ( 'NONE', *, *, #5024, .T. ) ;
#3219 = AXIS2_PLACEMENT_3D ( 'NONE', #2302, #2321, #2818 ) ;
#3220 = CARTESIAN_POINT ( 'NONE',  ( -0.6999999999999996225, 0.000000000000000000, 1.199999999999999956 ) ) ;
#3221 = CARTESIAN_POINT ( 'NONE',  ( 1.499999999999999112, 0.04999999999999969746, 0.3000000000000003775 ) ) ;
#3222 = DIRECTION ( 'NONE',  ( 0.000000000000000000, 0.000000000000000000, -1.000000000000000000 ) ) ;
#3223 = ADVANCED_FACE ( 'NONE', ( #4132 ), #4094, .F. ) ;
#3224 = CARTESIAN_POINT ( 'NONE',  ( -1.499999999999999112, 0.8999999999999998002, -1.499999999999999556 ) ) ;
#3225 = DIRECTION ( 'NONE',  ( -1.000000000000000000, 0.000000000000000000, -0.000000000000000000 ) ) ;
#3226 = LINE ( 'NONE', #2364, #4715 ) ;
#3227 = CARTESIAN_POINT ( 'NONE',  ( 0.9500000000000000666, 2.887005768508881243, -0.9499999999999998446 ) ) ;
#3228 = ORIENTED_EDGE ( 'NONE', *, *, #3135, .F. ) ;
#3229 = DIRECTION ( 'NONE',  ( 1.000000000000000000, 0.000000000000000000, -0.000000000000000000 ) ) ;
#3230 = AXIS2_PLACEMENT_3D ( 'NONE', #4840, #428, #4357 ) ;
#3231 = ADVANCED_FACE ( 'NONE', ( #3903 ), #1109, .F. ) ;
#3232 = FACE_OUTER_BOUND ( 'NONE', #1359, .T. ) ;
#3233 = DIRECTION ( 'NONE',  ( -2.168404344971012812E-15, 0.000000000000000000, -1.000000000000000000 ) ) ;
#3234 = ORIENTED_EDGE ( 'NONE', *, *, #905, .T. ) ;
#3235 = UNCERTAINTY_MEASURE_WITH_UNIT (LENGTH_MEASURE( 1.000000000000000082E-05 ), #4121, 'distance_accuracy_value', 'NONE');
#3236 = EDGE_CURVE ( 'NONE', #5893, #4892, #4363, .T. ) ;
#3237 = EDGE_LOOP ( 'NONE', ( #3823, #1543, #6119, #5751 ) ) ;
#3238 = EDGE_LOOP ( 'NONE', ( #1319, #2044, #2382, #2725 ) ) ;
#3239 = EDGE_CURVE ( 'NONE', #1584, #439, #1006, .T. ) ;
#3240 = ORIENTED_EDGE ( 'NONE', *, *, #2714, .F. ) ;
#3241 = ORIENTED_EDGE ( 'NONE', *, *, #3815, .T. ) ;
#3242 = DIRECTION ( 'NONE',  ( 0.000000000000000000, -1.000000000000000000, 0.000000000000000000 ) ) ;
#3243 = VERTEX_POINT ( 'NONE', #3010 ) ;
#3244 = DIRECTION ( 'NONE',  ( -1.000000000000000000, 0.000000000000000000, -1.084202172485506603E-15 ) ) ;
#3245 = DIRECTION ( 'NONE',  ( 0.000000000000000000, -1.000000000000000000, 0.000000000000000000 ) ) ;
#3246 = ORIENTED_EDGE ( 'NONE', *, *, #3448, .F. ) ;
#3247 = EDGE_CURVE ( 'NONE', #2057, #1386, #2878, .T. ) ;
#3248 = CARTESIAN_POINT ( 'NONE',  ( -0.4999999999999993339, 0.2000000000000000111, 1.200000000000000622 ) ) ;
#3249 = CARTESIAN_POINT ( 'NONE',  ( 0.5000000000000004441, 0.000000000000000000, 1.500000000000000000 ) ) ;
#3250 = VERTEX_POINT ( 'NONE', #125 ) ;
#3251 = ORIENTED_EDGE ( 'NONE', *, *, #4352, .T. ) ;
#3252 = VERTEX_POINT ( 'NONE', #3567 ) ;
#3253 =( GEOMETRIC_REPRESENTATION_CONTEXT ( 3 ) GLOBAL_UNCERTAINTY_ASSIGNED_CONTEXT ( ( #2315 ) ) GLOBAL_UNIT_ASSIGNED_CONTEXT ( ( #4241, #2765, #3264 ) ) REPRESENTATION_CONTEXT ( 'NONE', 'WORKASPACE' ) );
#3254 = CARTESIAN_POINT ( 'NONE',  ( 0.5000000000000004441, 0.000000000000000000, 1.199999999999999956 ) ) ;
#3255 = ORIENTED_EDGE ( 'NONE', *, *, #4007, .T. ) ;
#3256 = DIRECTION ( 'NONE',  ( 0.000000000000000000, -1.000000000000000000, 0.000000000000000000 ) ) ;
#3257 = DIRECTION ( 'NONE',  ( -0.000000000000000000, -1.000000000000000000, -0.000000000000000000 ) ) ;
#3258 = CARTESIAN_POINT ( 'NONE',  ( 1.499999999999999112, 0.5605551275463986904, -0.3000000000000000999 ) ) ;
#3259 = LINE ( 'NONE', #2551, #4351 ) ;
#3260 = EDGE_CURVE ( 'NONE', #3661, #3995, #5683, .T. ) ;
#3261 = LINE ( 'NONE', #5188, #1931 ) ;
#3262 = ORIENTED_EDGE ( 'NONE', *, *, #3576, .T. ) ;
#3263 = MECHANICAL_DESIGN_GEOMETRIC_PRESENTATION_REPRESENTATION (  '', ( #6042 ), #3590 ) ;
#3264 =( NAMED_UNIT ( * ) SI_UNIT ( $, .STERADIAN. ) SOLID_ANGLE_UNIT ( ) );
#3265 = ADVANCED_FACE ( 'NONE', ( #2398 ), #580, .T. ) ;
#3266 = LINE ( 'NONE', #5395, #1002 ) ;
#3267 = VECTOR ( 'NONE', #445, 1000.000000000000000 ) ;
#3268 = ORIENTED_EDGE ( 'NONE', *, *, #5342, .F. ) ;
#3269 = PLANE ( 'NONE',  #2043 ) ;
#3270 = DIRECTION ( 'NONE',  ( 0.000000000000000000, 0.000000000000000000, -1.000000000000000000 ) ) ;
#3271 = CARTESIAN_POINT ( 'NONE',  ( -1.499999999999999112, 0.5605551275463986904, 0.9000000000000000222 ) ) ;
#3272 = VECTOR ( 'NONE', #197, 1000.000000000000000 ) ;
#3273 = CARTESIAN_POINT ( 'NONE',  ( -0.9500000000000000666, 0.05000000000000012768, 0.9499999999999998446 ) ) ;
#3274 = DIRECTION ( 'NONE',  ( -1.000000000000000000, 0.000000000000000000, 0.000000000000000000 ) ) ;
#3275 = LINE ( 'NONE', #5359, #2947 ) ;
#3276 = COLOUR_RGB ( '',0.7921568627450980005, 0.8196078431372548767, 0.9333333333333333481 ) ;
#3277 = EDGE_LOOP ( 'NONE', ( #1139, #2874, #3761, #5355 ) ) ;
#3278 = CARTESIAN_POINT ( 'NONE',  ( 0.5000000000000004441, 0.05000000000000000278, 0.000000000000000000 ) ) ;
#3279 = FACE_OUTER_BOUND ( 'NONE', #678, .T. ) ;
#3280 = LINE ( 'NONE', #5794, #863 ) ;
#3281 = LINE ( 'NONE', #2972, #5064 ) ;
#3282 = CARTESIAN_POINT ( 'NONE',  ( 1.301042606982606899E-15, 0.05000000000000000278, -1.199999999999999067 ) ) ;
#3283 = ORIENTED_EDGE ( 'NONE', *, *, #5487, .F. ) ;
#3284 = EDGE_CURVE ( 'NONE', #475, #4414, #2812, .T. ) ;
#3285 = ORIENTED_EDGE ( 'NONE', *, *, #2830, .F. ) ;
#3286 = LINE ( 'NONE', #3155, #868 ) ;
#3287 = LINE ( 'NONE', #5730, #870 ) ;
#3288 = ORIENTED_EDGE ( 'NONE', *, *, #28, .F. ) ;
#3289 = EDGE_CURVE ( 'NONE', #2607, #629, #4514, .T. ) ;
#3290 = CARTESIAN_POINT ( 'NONE',  ( 0.9500000000000000666, 0.000000000000000000, -0.9499999999999998446 ) ) ;
#3291 = CARTESIAN_POINT ( 'NONE',  ( 0.5000000000000000000, 0.000000000000000000, -1.199999999999999956 ) ) ;
#3292 = DIRECTION ( 'NONE',  ( 0.000000000000000000, -1.000000000000000000, 0.000000000000000000 ) ) ;
#3293 = LINE ( 'NONE', #5018, #5074 ) ;
#3294 = ORIENTED_EDGE ( 'NONE', *, *, #1039, .T. ) ;
#3295 = DIRECTION ( 'NONE',  ( 1.000000000000000000, -0.000000000000000000, 1.084202172485506406E-15 ) ) ;
#3296 = DIRECTION ( 'NONE',  ( 0.000000000000000000, 0.000000000000000000, -1.000000000000000000 ) ) ;
#3297 = VECTOR ( 'NONE', #5826, 1000.000000000000000 ) ;
#3298 = EDGE_CURVE ( 'NONE', #6442, #5900, #3660, .T. ) ;
#3299 = ADVANCED_FACE ( 'NONE', ( #3977 ), #5088, .F. ) ;
#3300 = DIRECTION ( 'NONE',  ( -0.000000000000000000, -1.000000000000000000, -0.000000000000000000 ) ) ;
#3301 = VERTEX_POINT ( 'NONE', #2513 ) ;
#3302 = CARTESIAN_POINT ( 'NONE',  ( 1.199999999999999289, 0.000000000000000000, 0.09999999999999993616 ) ) ;
#3303 = AXIS2_PLACEMENT_3D ( 'NONE', #3354, #1369, #3873 ) ;
#3304 = LINE ( 'NONE', #3858, #3859 ) ;
#3305 = ORIENTED_EDGE ( 'NONE', *, *, #1023, .T. ) ;
#3306 = EDGE_CURVE ( 'NONE', #297, #913, #1856, .T. ) ;
#3307 = VECTOR ( 'NONE', #3169, 1000.000000000000000 ) ;
#3308 = EDGE_LOOP ( 'NONE', ( #2395, #1991, #570, #2866 ) ) ;
#3309 = DIRECTION ( 'NONE',  ( 1.000000000000000000, 0.000000000000000000, 0.000000000000000000 ) ) ;
#3310 = CARTESIAN_POINT ( 'NONE',  ( 0.7000000000000007327, 0.000000000000000000, 1.200000000000000622 ) ) ;
#3311 = DIRECTION ( 'NONE',  ( -0.000000000000000000, 0.000000000000000000, 1.000000000000000000 ) ) ;
#3312 = FACE_OUTER_BOUND ( 'NONE', #2854, .T. ) ;
#3313 = ORIENTED_EDGE ( 'NONE', *, *, #1781, .T. ) ;
#3314 = AXIS2_PLACEMENT_3D ( 'NONE', #5105, #3631, #2210 ) ;
#3315 = DIRECTION ( 'NONE',  ( -0.000000000000000000, -1.000000000000000000, -0.000000000000000000 ) ) ;
#3316 = DIRECTION ( 'NONE',  ( -1.000000000000000000, 0.000000000000000000, 2.168404344971012812E-15 ) ) ;
#3317 = CARTESIAN_POINT ( 'NONE',  ( 0.1000000000000003664, 0.000000000000000000, 1.500000000000000000 ) ) ;
#3318 = VERTEX_POINT ( 'NONE', #5162 ) ;
#3319 = VERTEX_POINT ( 'NONE', #5136 ) ;
#3320 = ORIENTED_EDGE ( 'NONE', *, *, #4390, .F. ) ;
#3321 = DIRECTION ( 'NONE',  ( 0.000000000000000000, 0.000000000000000000, -1.000000000000000000 ) ) ;
#3322 = VERTEX_POINT ( 'NONE', #3166 ) ;
#3323 = ADVANCED_FACE ( 'NONE', ( #6448 ), #1713, .T. ) ;
#3324 = ORIENTED_EDGE ( 'NONE', *, *, #2255, .T. ) ;
#3325 = DIRECTION ( 'NONE',  ( -0.000000000000000000, -1.000000000000000000, -0.000000000000000000 ) ) ;
#3326 = FACE_OUTER_BOUND ( 'NONE', #4558, .T. ) ;
#3327 = ORIENTED_EDGE ( 'NONE', *, *, #2624, .F. ) ;
#3328 = EDGE_CURVE ( 'NONE', #2303, #4407, #1080, .T. ) ;
#3329 = DIRECTION ( 'NONE',  ( 1.000000000000000000, -0.000000000000000000, 1.084202172485506406E-15 ) ) ;
#3330 = VERTEX_POINT ( 'NONE', #3137 ) ;
#3331 = AXIS2_PLACEMENT_3D ( 'NONE', #3773, #1702, #4748 ) ;
#3332 = CARTESIAN_POINT ( 'NONE',  ( 0.9500000000000000666, 0.2000000000000000944, -0.9499999999999998446 ) ) ;
#3333 = ORIENTED_EDGE ( 'NONE', *, *, #2691, .T. ) ;
#3334 = CARTESIAN_POINT ( 'NONE',  ( 1.499999999999999112, 0.1999999999999999833, 0.9000000000000000222 ) ) ;
#3335 = LINE ( 'NONE', #452, #2802 ) ;
#3336 = LINE ( 'NONE', #4144, #4042 ) ;
#3337 = CARTESIAN_POINT ( 'NONE',  ( -0.6999999999999996225, 0.5605551275463992456, 1.500000000000000000 ) ) ;
#3338 = ORIENTED_EDGE ( 'NONE', *, *, #3940, .F. ) ;
#3339 = CARTESIAN_POINT ( 'NONE',  ( -1.499999999999999334, 0.1999999999999996503, -0.7000000000000000666 ) ) ;
#3340 = EDGE_CURVE ( 'NONE', #1338, #5481, #149, .T. ) ;
#3341 = LINE ( 'NONE', #3865, #5678 ) ;
#3342 = AXIS2_PLACEMENT_3D ( 'NONE', #3115, #147, #4712 ) ;
#3343 = LINE ( 'NONE', #3482, #3745 ) ;
#3344 = ORIENTED_EDGE ( 'NONE', *, *, #6226, .F. ) ;
#3345 = LINE ( 'NONE', #6094, #4138 ) ;
#3346 = DIRECTION ( 'NONE',  ( 0.000000000000000000, -1.000000000000000000, 0.000000000000000000 ) ) ;
#3347 = LINE ( 'NONE', #3720, #2012 ) ;
#3348 = DIRECTION ( 'NONE',  ( -1.000000000000000000, 0.000000000000000000, -0.000000000000000000 ) ) ;
#3349 = LINE ( 'NONE', #4136, #462 ) ;
#3350 = ORIENTED_EDGE ( 'NONE', *, *, #1927, .T. ) ;
#3351 = CARTESIAN_POINT ( 'NONE',  ( 1.199999999999999289, 0.05000000000000000278, 0.000000000000000000 ) ) ;
#3352 = AXIS2_PLACEMENT_3D ( 'NONE', #2484, #530, #18 ) ;
#3353 = LINE ( 'NONE', #2760, #1490 ) ;
#3354 = CARTESIAN_POINT ( 'NONE',  ( -1.199999999999999289, 0.5605551275463986904, 0.09999999999999993616 ) ) ;
#3355 = FACE_OUTER_BOUND ( 'NONE', #2320, .T. ) ;
#3356 = ORIENTED_EDGE ( 'NONE', *, *, #4947, .T. ) ;
#3357 = ADVANCED_FACE ( 'NONE', ( #6230 ), #2169, .F. ) ;
#3358 = VECTOR ( 'NONE', #344, 1000.000000000000000 ) ;
#3359 = EDGE_CURVE ( 'NONE', #150, #4580, #1701, .T. ) ;
#3361 = DIRECTION ( 'NONE',  ( 0.000000000000000000, 0.000000000000000000, -1.000000000000000000 ) ) ;
#3360 = DIRECTION ( 'NONE',  ( 0.000000000000000000, -1.000000000000000000, 0.000000000000000000 ) ) ;
#3362 = MANIFOLD_SOLID_BREP ( 'LPattern4[7]', #1734 ) ;
#3363 = VECTOR ( 'NONE', #2204, 1000.000000000000000 ) ;
#3364 = PLANE ( 'NONE',  #2996 ) ;
#3365 = ORIENTED_EDGE ( 'NONE', *, *, #3802, .F. ) ;
#3366 = FACE_OUTER_BOUND ( 'NONE', #5779, .T. ) ;
#3367 = LINE ( 'NONE', #3961, #557 ) ;
#3368 = DIRECTION ( 'NONE',  ( -0.000000000000000000, -1.000000000000000000, -0.000000000000000000 ) ) ;
#3369 = ORIENTED_EDGE ( 'NONE', *, *, #4399, .T. ) ;
#3370 = PRODUCT_DEFINITION_CONTEXT ( 'detailed design', #1649, 'design' ) ;
#3371 = CARTESIAN_POINT ( 'NONE',  ( 1.500000000000000444, 0.1999999999999996503, -0.4999999999999995559 ) ) ;
#3372 = AXIS2_PLACEMENT_3D ( 'NONE', #2286, #6233, #5183 ) ;
#3373 = FACE_OUTER_BOUND ( 'NONE', #2971, .T. ) ;
#3374 = ORIENTED_EDGE ( 'NONE', *, *, #662, .F. ) ;
#3375 = PLANE ( 'NONE',  #3303 ) ;
#3376 = EDGE_CURVE ( 'NONE', #6115, #3408, #4668, .T. ) ;
#3377 = CARTESIAN_POINT ( 'NONE',  ( 1.199999999999999289, 0.5605551275463986904, 0.9000000000000000222 ) ) ;
#3378 = LINE ( 'NONE', #1236, #1894 ) ;
#3379 = DIRECTION ( 'NONE',  ( 0.000000000000000000, 0.000000000000000000, 1.000000000000000000 ) ) ;
#3380 = ORIENTED_EDGE ( 'NONE', *, *, #3724, .F. ) ;
#3381 = AXIS2_PLACEMENT_3D ( 'NONE', #3591, #4093, #5008 ) ;
#3383 = DIRECTION ( 'NONE',  ( 0.000000000000000000, -1.000000000000000000, 0.000000000000000000 ) ) ;
#3382 = PLANE ( 'NONE',  #4603 ) ;
#3384 = LINE ( 'NONE', #2773, #5953 ) ;
#3385 = EDGE_CURVE ( 'NONE', #203, #2861, #3336, .T. ) ;
#3386 = VERTEX_POINT ( 'NONE', #5661 ) ;
#3387 = ADVANCED_FACE ( 'NONE', ( #4834 ), #670, .T. ) ;
#3388 = CARTESIAN_POINT ( 'NONE',  ( -1.199999999999999289, 0.5605551275463986904, 0.7000000000000002887 ) ) ;
#3389 = DIRECTION ( 'NONE',  ( -0.000000000000000000, -0.000000000000000000, 1.000000000000000000 ) ) ;
#3390 = AXIS2_PLACEMENT_3D ( 'NONE', #1945, #2397, #1418 ) ;
#3391 = FACE_OUTER_BOUND ( 'NONE', #5345, .T. ) ;
#3392 = DIRECTION ( 'NONE',  ( -0.000000000000000000, -0.000000000000000000, 1.000000000000000000 ) ) ;
#3393 = ORIENTED_EDGE ( 'NONE', *, *, #1906, .T. ) ;
#3394 = ORIENTED_EDGE ( 'NONE', *, *, #4734, .F. ) ;
#3395 = CARTESIAN_POINT ( 'NONE',  ( -0.3000000000000000999, 0.5605551275463992456, -1.500000000000000000 ) ) ;
#3396 = EDGE_LOOP ( 'NONE', ( #1529, #2231, #3084, #1949 ) ) ;
#3397 = EDGE_LOOP ( 'NONE', ( #6202, #3338, #6301, #2992 ) ) ;
#3398 = DIRECTION ( 'NONE',  ( 1.000000000000000000, 0.000000000000000000, 0.000000000000000000 ) ) ;
#3399 = ORIENTED_EDGE ( 'NONE', *, *, #3795, .F. ) ;
#3400 = VERTEX_POINT ( 'NONE', #1670 ) ;
#3401 = EDGE_CURVE ( 'NONE', #3318, #4867, #217, .T. ) ;
#3402 = ORIENTED_EDGE ( 'NONE', *, *, #885, .T. ) ;
#3403 = VERTEX_POINT ( 'NONE', #2723 ) ;
#3404 = DIRECTION ( 'NONE',  ( -0.000000000000000000, -1.000000000000000000, -0.000000000000000000 ) ) ;
#3405 = DIRECTION ( 'NONE',  ( 0.000000000000000000, -0.000000000000000000, -1.000000000000000000 ) ) ;
#3406 = ORIENTED_EDGE ( 'NONE', *, *, #1171, .F. ) ;
#3407 = DIRECTION ( 'NONE',  ( 0.000000000000000000, 0.000000000000000000, -1.000000000000000000 ) ) ;
#3408 = VERTEX_POINT ( 'NONE', #6207 ) ;
#3409 = CARTESIAN_POINT ( 'NONE',  ( -0.2999999999999996558, 0.2000000000000000111, 1.199999999999999956 ) ) ;
#3410 = FACE_OUTER_BOUND ( 'NONE', #136, .T. ) ;
#3411 = VECTOR ( 'NONE', #4987, 1000.000000000000000 ) ;
#3412 = EDGE_LOOP ( 'NONE', ( #1600, #2065, #6045, #277 ) ) ;
#3413 = DIRECTION ( 'NONE',  ( -1.000000000000000000, 0.000000000000000000, 0.000000000000000000 ) ) ;
#3414 = EDGE_CURVE ( 'NONE', #2283, #6427, #4294, .T. ) ;
#3415 = VERTEX_POINT ( 'NONE', #3221 ) ;
#3416 = VECTOR ( 'NONE', #4412, 1000.000000000000000 ) ;
#3417 = VECTOR ( 'NONE', #4642, 1000.000000000000000 ) ;
#3418 = ORIENTED_EDGE ( 'NONE', *, *, #4257, .T. ) ;
#3419 = DIRECTION ( 'NONE',  ( 0.000000000000000000, 0.000000000000000000, -1.000000000000000000 ) ) ;
#3420 = CARTESIAN_POINT ( 'NONE',  ( 1.199999999999999289, 0.5605551275463986904, 0.09999999999999993616 ) ) ;
#3421 = ADVANCED_FACE ( 'NONE', ( #2078 ), #4120, .F. ) ;
#3422 = FACE_OUTER_BOUND ( 'NONE', #2052, .T. ) ;
#3423 = VECTOR ( 'NONE', #3152, 1000.000000000000000 ) ;
#3425 = CARTESIAN_POINT ( 'NONE',  ( -0.3000000000000000999, 0.2000000000000000111, -1.500000000000000000 ) ) ;
#3424 = CARTESIAN_POINT ( 'NONE',  ( -1.199999999999999289, 0.5605551275463986904, -0.4999999999999997780 ) ) ;
#3426 = VECTOR ( 'NONE', #5889, 1000.000000000000000 ) ;
#3427 = VERTEX_POINT ( 'NONE', #1131 ) ;
#3428 = EDGE_CURVE ( 'NONE', #6220, #3727, #1695, .T. ) ;
#3429 = DIRECTION ( 'NONE',  ( 0.000000000000000000, 0.000000000000000000, 1.000000000000000000 ) ) ;
#3430 = LINE ( 'NONE', #5724, #4302 ) ;
#3431 = DIRECTION ( 'NONE',  ( 0.000000000000000000, 0.000000000000000000, -1.000000000000000000 ) ) ;
#3432 = FACE_OUTER_BOUND ( 'NONE', #6085, .T. ) ;
#3433 = VECTOR ( 'NONE', #5274, 1000.000000000000000 ) ;
#3434 = LINE ( 'NONE', #2207, #1487 ) ;
#3435 = ORIENTED_EDGE ( 'NONE', *, *, #2668, .T. ) ;
#3436 = CARTESIAN_POINT ( 'NONE',  ( 1.500000000000000444, 6.042640687119284593, 1.500000000000000000 ) ) ;
#3437 = LINE ( 'NONE', #2331, #1955 ) ;
#3438 = VECTOR ( 'NONE', #5295, 1000.000000000000000 ) ;
#3439 = ORIENTED_EDGE ( 'NONE', *, *, #5608, .T. ) ;
#3440 = VECTOR ( 'NONE', #4114, 1000.000000000000000 ) ;
#3441 = CARTESIAN_POINT ( 'NONE',  ( 1.199999999999999289, 0.5605551275463986904, -0.7000000000000000666 ) ) ;
#3442 = CARTESIAN_POINT ( 'NONE',  ( -1.199999999999999289, 0.1999999999999999833, -0.8999999999999998002 ) ) ;
#3443 = FACE_OUTER_BOUND ( 'NONE', #3603, .T. ) ;
#3444 = EDGE_LOOP ( 'NONE', ( #2527, #1696, #1283, #724 ) ) ;
#3445 = DIRECTION ( 'NONE',  ( 1.000000000000000000, -0.000000000000000000, 0.000000000000000000 ) ) ;
#3446 = VERTEX_POINT ( 'NONE', #1951 ) ;
#3447 = LINE ( 'NONE', #4080, #5080 ) ;
#3448 = EDGE_CURVE ( 'NONE', #242, #3074, #690, .T. ) ;
#3449 = CARTESIAN_POINT ( 'NONE',  ( 1.499999999999999112, 0.1999999999999999833, 0.5000000000000000000 ) ) ;
#3450 = ORIENTED_EDGE ( 'NONE', *, *, #3610, .T. ) ;
#3451 = CARTESIAN_POINT ( 'NONE',  ( 0.9000000000000003553, 0.2000000000000000111, 1.199999999999999956 ) ) ;
#3452 = ADVANCED_FACE ( 'NONE', ( #5296 ), #1539, .T. ) ;
#3453 = PLANE ( 'NONE',  #2492 ) ;
#3454 = FACE_OUTER_BOUND ( 'NONE', #2456, .T. ) ;
#3455 = EDGE_CURVE ( 'NONE', #2221, #2038, #4975, .T. ) ;
#3456 = CARTESIAN_POINT ( 'NONE',  ( 0.9500000000000000666, 0.000000000000000000, -0.9499999999999998446 ) ) ;
#3457 = VERTEX_POINT ( 'NONE', #423 ) ;
#3458 = AXIS2_PLACEMENT_3D ( 'NONE', #2987, #5523, #1524 ) ;
#3459 = LINE ( 'NONE', #1257, #1044 ) ;
#3460 = VERTEX_POINT ( 'NONE', #1593 ) ;
#3461 = PLANE ( 'NONE',  #2339 ) ;
#3462 = CARTESIAN_POINT ( 'NONE',  ( 0.3000000000000003775, 0.1999999999999999833, -1.200000000000000178 ) ) ;
#3463 = EDGE_CURVE ( 'NONE', #3427, #5431, #308, .T. ) ;
#3464 = LINE ( 'NONE', #3548, #429 ) ;
#3465 =( GEOMETRIC_REPRESENTATION_CONTEXT ( 3 ) GLOBAL_UNCERTAINTY_ASSIGNED_CONTEXT ( ( #3728 ) ) GLOBAL_UNIT_ASSIGNED_CONTEXT ( ( #1203, #649, #4191 ) ) REPRESENTATION_CONTEXT ( 'NONE', 'WORKASPACE' ) );
#3466 = DIRECTION ( 'NONE',  ( 0.000000000000000000, 0.000000000000000000, -1.000000000000000000 ) ) ;
#3467 = ORIENTED_EDGE ( 'NONE', *, *, #3298, .T. ) ;
#3468 = VERTEX_POINT ( 'NONE', #174 ) ;
#3469 = CARTESIAN_POINT ( 'NONE',  ( 0.9000000000000003553, 0.000000000000000000, 1.500000000000000000 ) ) ;
#3470 = ORIENTED_EDGE ( 'NONE', *, *, #6117, .T. ) ;
#3471 = CARTESIAN_POINT ( 'NONE',  ( 1.199999999999999289, 0.1999999999999999833, -0.3000000000000000999 ) ) ;
#3472 = EDGE_LOOP ( 'NONE', ( #4424, #5207, #5331, #44 ) ) ;
#3473 = DIRECTION ( 'NONE',  ( 1.000000000000000000, 0.000000000000000000, 0.000000000000000000 ) ) ;
#3474 = AXIS2_PLACEMENT_3D ( 'NONE', #1839, #3346, #6371 ) ;
#3475 = ORIENTED_EDGE ( 'NONE', *, *, #4548, .T. ) ;
#3476 = VERTEX_POINT ( 'NONE', #1675 ) ;
#3477 = EDGE_LOOP ( 'NONE', ( #4960, #1402, #1398, #1261 ) ) ;
#3478 = ORIENTED_EDGE ( 'NONE', *, *, #4427, .T. ) ;
#3479 = CARTESIAN_POINT ( 'NONE',  ( -1.499999999999999112, 0.1999999999999996503, -0.3000000000000001554 ) ) ;
#3480 = EDGE_CURVE ( 'NONE', #4552, #2233, #4358, .T. ) ;
#3481 =( LENGTH_UNIT ( ) NAMED_UNIT ( * ) SI_UNIT ( .MILLI., .METRE. ) );
#3482 = CARTESIAN_POINT ( 'NONE',  ( 1.500000000000000444, 0.05000000000000000278, 1.500000000000000000 ) ) ;
#3483 = VECTOR ( 'NONE', #1225, 1000.000000000000000 ) ;
#3484 = ADVANCED_FACE ( 'NONE', ( #6305 ), #5646, .F. ) ;
#3485 = EDGE_CURVE ( 'NONE', #4729, #4892, #1936, .T. ) ;
#3486 = VERTEX_POINT ( 'NONE', #635 ) ;
#3487 = CARTESIAN_POINT ( 'NONE',  ( 0.7000000000000002887, 0.2000000000000000111, -1.200000000000000178 ) ) ;
#3488 = CARTESIAN_POINT ( 'NONE',  ( 1.199999999999999289, 0.1999999999999999833, -0.09999999999999971412 ) ) ;
#3489 = ORIENTED_EDGE ( 'NONE', *, *, #2337, .F. ) ;
#3490 = DIRECTION ( 'NONE',  ( 1.000000000000000000, -0.000000000000000000, 1.084202172485506406E-15 ) ) ;
#3491 = DIRECTION ( 'NONE',  ( -0.000000000000000000, -0.000000000000000000, 1.000000000000000000 ) ) ;
#3492 = VERTEX_POINT ( 'NONE', #1192 ) ;
#3493 = CARTESIAN_POINT ( 'NONE',  ( 0.7000000000000002887, 0.04999999999999999584, -1.200000000000000178 ) ) ;
#3494 = AXIS2_PLACEMENT_3D ( 'NONE', #2289, #2822, #5788 ) ;
#3495 = VERTEX_POINT ( 'NONE', #4105 ) ;
#3496 = DIRECTION ( 'NONE',  ( -1.000000000000000000, 0.000000000000000000, 0.000000000000000000 ) ) ;
#3497 = FACE_OUTER_BOUND ( 'NONE', #2606, .T. ) ;
#3498 = PRESENTATION_STYLE_ASSIGNMENT (( #3116 ) ) ;
#3499 = ORIENTED_EDGE ( 'NONE', *, *, #2573, .T. ) ;
#3500 = EDGE_CURVE ( 'NONE', #3322, #2690, #525, .T. ) ;
#3501 = VECTOR ( 'NONE', #1877, 1000.000000000000000 ) ;
#3502 = FACE_OUTER_BOUND ( 'NONE', #1147, .T. ) ;
#3503 = DIRECTION ( 'NONE',  ( -0.000000000000000000, -1.000000000000000000, -0.000000000000000000 ) ) ;
#3504 = AXIS2_PLACEMENT_3D ( 'NONE', #4539, #4046, #2592 ) ;
#3505 = DIRECTION ( 'NONE',  ( -1.000000000000000000, 0.000000000000000000, -0.000000000000000000 ) ) ;
#3506 = DIRECTION ( 'NONE',  ( -1.000000000000000000, 0.000000000000000000, -0.000000000000000000 ) ) ;
#3507 = VECTOR ( 'NONE', #4868, 1000.000000000000000 ) ;
#3508 = ORIENTED_EDGE ( 'NONE', *, *, #1428, .T. ) ;
#3509 = DIRECTION ( 'NONE',  ( 1.000000000000000000, 0.000000000000000000, -3.252606517456519218E-15 ) ) ;
#3510 = ORIENTED_EDGE ( 'NONE', *, *, #783, .T. ) ;
#3511 = VECTOR ( 'NONE', #2807, 1000.000000000000000 ) ;
#3512 = DIRECTION ( 'NONE',  ( 0.000000000000000000, -1.000000000000000000, 0.000000000000000000 ) ) ;
#3513 = PLANE ( 'NONE',  #5495 ) ;
#3514 = PLANE ( 'NONE',  #2821 ) ;
#3515 = VECTOR ( 'NONE', #1791, 1000.000000000000000 ) ;
#3516 = EDGE_CURVE ( 'NONE', #3250, #3111, #996, .T. ) ;
#3517 = ORIENTED_EDGE ( 'NONE', *, *, #958, .F. ) ;
#3518 = UNCERTAINTY_MEASURE_WITH_UNIT (LENGTH_MEASURE( 1.000000000000000082E-05 ), #287, 'distance_accuracy_value', 'NONE');
#3519 = FACE_OUTER_BOUND ( 'NONE', #1912, .T. ) ;
#3520 = CARTESIAN_POINT ( 'NONE',  ( -1.499999999999999112, 0.5605551275463986904, -0.09999999999999971412 ) ) ;
#3521 = VECTOR ( 'NONE', #138, 1000.000000000000000 ) ;
#3522 = ADVANCED_FACE ( 'NONE', ( #1625 ), #1786, .T. ) ;
#3523 = ORIENTED_EDGE ( 'NONE', *, *, #3749, .F. ) ;
#3524 = LINE ( 'NONE', #1146, #802 ) ;
#3525 = ORIENTED_EDGE ( 'NONE', *, *, #6408, .T. ) ;
#3526 = EDGE_CURVE ( 'NONE', #4882, #840, #2319, .T. ) ;
#3527 = CARTESIAN_POINT ( 'NONE',  ( -0.8999999999999993561, 0.5605551275463992456, 1.500000000000000444 ) ) ;
#3528 = LINE ( 'NONE', #1898, #4325 ) ;
#3529 = ORIENTED_EDGE ( 'NONE', *, *, #1485, .T. ) ;
#3530 = CARTESIAN_POINT ( 'NONE',  ( -1.199999999999999289, 0.1999999999999999833, -0.7000000000000000666 ) ) ;
#3531 = DIRECTION ( 'NONE',  ( 0.000000000000000000, -1.000000000000000000, 0.000000000000000000 ) ) ;
#3532 = AXIS2_PLACEMENT_3D ( 'NONE', #103, #599, #214 ) ;
#3533 = LINE ( 'NONE', #1300, #2209 ) ;
#3534 = VERTEX_POINT ( 'NONE', #3809 ) ;
#3535 = DIRECTION ( 'NONE',  ( -0.000000000000000000, -1.000000000000000000, -0.000000000000000000 ) ) ;
#3536 = EDGE_CURVE ( 'NONE', #3806, #115, #2804, .T. ) ;
#3537 = LINE ( 'NONE', #4288, #5178 ) ;
#3538 = ORIENTED_EDGE ( 'NONE', *, *, #5484, .T. ) ;
#3539 = AXIS2_PLACEMENT_3D ( 'NONE', #5265, #2736, #775 ) ;
#3540 = DIRECTION ( 'NONE',  ( -1.000000000000000000, 0.000000000000000000, 3.252606517456519613E-15 ) ) ;
#3541 = ORIENTED_EDGE ( 'NONE', *, *, #6312, .T. ) ;
#3542 = DIRECTION ( 'NONE',  ( 0.000000000000000000, 0.000000000000000000, -1.000000000000000000 ) ) ;
#3543 = EDGE_CURVE ( 'NONE', #1833, #587, #4439, .T. ) ;
#3544 = ADVANCED_FACE ( 'NONE', ( #5842 ), #2733, .T. ) ;
#3545 = ORIENTED_EDGE ( 'NONE', *, *, #4016, .T. ) ;
#3546 = ORIENTED_EDGE ( 'NONE', *, *, #6159, .T. ) ;
#3547 = VERTEX_POINT ( 'NONE', #1285 ) ;
#3548 = CARTESIAN_POINT ( 'NONE',  ( 0.000000000000000000, 0.05000000000000000278, -0.3000000000000000999 ) ) ;
#3549 = AXIS2_PLACEMENT_3D ( 'NONE', #2677, #1133, #2218 ) ;
#3550 = CARTESIAN_POINT ( 'NONE',  ( 1.499999999999999112, 0.1999999999999999833, 0.9000000000000000222 ) ) ;
#3551 = ORIENTED_EDGE ( 'NONE', *, *, #1219, .T. ) ;
#3552 = ORIENTED_EDGE ( 'NONE', *, *, #85, .F. ) ;
#3553 = VERTEX_POINT ( 'NONE', #3788 ) ;
#3554 = ORIENTED_EDGE ( 'NONE', *, *, #559, .F. ) ;
#3555 = DIRECTION ( 'NONE',  ( 0.000000000000000000, 0.000000000000000000, 1.000000000000000000 ) ) ;
#3556 = CARTESIAN_POINT ( 'NONE',  ( 0.7000000000000007327, 0.000000000000000000, 1.500000000000000444 ) ) ;
#3557 = CARTESIAN_POINT ( 'NONE',  ( 1.199999999999999289, 0.5605551275463986904, 0.3000000000000003775 ) ) ;
#3558 = MANIFOLD_SOLID_BREP ( 'LPattern4[2]', #2170 ) ;
#3559 = EDGE_LOOP ( 'NONE', ( #4823, #4078, #4741, #5944 ) ) ;
#3560 = AXIS2_PLACEMENT_3D ( 'NONE', #1888, #4422, #1821 ) ;
#3561 = ORIENTED_EDGE ( 'NONE', *, *, #5892, .F. ) ;
#3562 = LINE ( 'NONE', #5087, #6129 ) ;
#3563 = SURFACE_STYLE_USAGE ( .BOTH. , #79 ) ;
#3564 = ORIENTED_EDGE ( 'NONE', *, *, #1747, .T. ) ;
#3565 = EDGE_CURVE ( 'NONE', #3034, #5261, #5130, .T. ) ;
#3566 = DIRECTION ( 'NONE',  ( 0.000000000000000000, 0.000000000000000000, 1.000000000000000000 ) ) ;
#3567 = CARTESIAN_POINT ( 'NONE',  ( -1.199999999999999289, 0.000000000000000000, 0.7000000000000002887 ) ) ;
#3568 = EDGE_LOOP ( 'NONE', ( #2383, #2929, #5249, #5657 ) ) ;
#3569 = EDGE_CURVE ( 'NONE', #1198, #916, #4827, .T. ) ;
#3570 = VECTOR ( 'NONE', #4415, 1000.000000000000000 ) ;
#3571 = DIRECTION ( 'NONE',  ( 3.252606517456519218E-15, -0.000000000000000000, 1.000000000000000000 ) ) ;
#3572 = SURFACE_STYLE_USAGE ( .BOTH. , #1572 ) ;
#3573 = FACE_OUTER_BOUND ( 'NONE', #4711, .T. ) ;
#3574 = ORIENTED_EDGE ( 'NONE', *, *, #538, .F. ) ;
#3575 = FACE_OUTER_BOUND ( 'NONE', #5036, .T. ) ;
#3576 = EDGE_CURVE ( 'NONE', #6270, #1312, #852, .T. ) ;
#3577 = DIRECTION ( 'NONE',  ( 0.000000000000000000, 1.000000000000000000, 0.000000000000000000 ) ) ;
#3578 = CARTESIAN_POINT ( 'NONE',  ( 0.000000000000000000, 0.2000000000000000111, 0.000000000000000000 ) ) ;
#3579 = DIRECTION ( 'NONE',  ( 0.000000000000000000, 1.000000000000000000, 0.000000000000000000 ) ) ;
#3580 = VERTEX_POINT ( 'NONE', #4248 ) ;
#3581 = AXIS2_PLACEMENT_3D ( 'NONE', #1107, #5564, #2167 ) ;
#3582 = ADVANCED_FACE ( 'NONE', ( #5917 ), #5692, .F. ) ;
#3583 = FILL_AREA_STYLE_COLOUR ( '', #4600 ) ;
#3584 = DIRECTION ( 'NONE',  ( 0.000000000000000000, 0.000000000000000000, 1.000000000000000000 ) ) ;
#3585 = VECTOR ( 'NONE', #3684, 1000.000000000000000 ) ;
#3586 = FACE_OUTER_BOUND ( 'NONE', #2447, .T. ) ;
#3587 = EDGE_LOOP ( 'NONE', ( #5626, #5907, #3063, #2449 ) ) ;
#3588 = EDGE_CURVE ( 'NONE', #5423, #6115, #3816, .T. ) ;
#3589 = CARTESIAN_POINT ( 'NONE',  ( -1.199999999999999289, 0.05000000000000002359, 0.5000000000000000000 ) ) ;
#3590 =( GEOMETRIC_REPRESENTATION_CONTEXT ( 3 ) GLOBAL_UNCERTAINTY_ASSIGNED_CONTEXT ( ( #5723 ) ) GLOBAL_UNIT_ASSIGNED_CONTEXT ( ( #738, #2146, #717 ) ) REPRESENTATION_CONTEXT ( 'NONE', 'WORKASPACE' ) );
#3591 = CARTESIAN_POINT ( 'NONE',  ( -1.199999999999999289, 0.5605551275463986904, -0.3000000000000000999 ) ) ;
#3592 = DIRECTION ( 'NONE',  ( 0.000000000000000000, 0.000000000000000000, -1.000000000000000000 ) ) ;
#3593 = LINE ( 'NONE', #1993, #5790 ) ;
#3594 = VECTOR ( 'NONE', #763, 1000.000000000000000 ) ;
#3595 = DIRECTION ( 'NONE',  ( -1.000000000000000000, 0.000000000000000000, 0.000000000000000000 ) ) ;
#3596 = VERTEX_POINT ( 'NONE', #3741 ) ;
#3597 = PLANE ( 'NONE',  #4944 ) ;
#3598 = DIRECTION ( 'NONE',  ( 0.000000000000000000, -0.000000000000000000, 1.000000000000000000 ) ) ;
#3599 = CARTESIAN_POINT ( 'NONE',  ( 1.199999999999999289, 0.1999999999999999833, -0.3000000000000000999 ) ) ;
#3600 = VECTOR ( 'NONE', #915, 1000.000000000000000 ) ;
#3601 = VECTOR ( 'NONE', #2980, 1000.000000000000000 ) ;
#3602 = DIRECTION ( 'NONE',  ( -0.000000000000000000, -0.000000000000000000, 1.000000000000000000 ) ) ;
#3603 = EDGE_LOOP ( 'NONE', ( #3228, #3399, #1233, #3850 ) ) ;
#3604 = AXIS2_PLACEMENT_3D ( 'NONE', #1439, #505, #6410 ) ;
#3605 = DIRECTION ( 'NONE',  ( 0.000000000000000000, -1.000000000000000000, 0.000000000000000000 ) ) ;
#3606 = DIRECTION ( 'NONE',  ( 1.000000000000000000, 0.000000000000000000, 2.282530889443167022E-16 ) ) ;
#3607 = PLANE ( 'NONE',  #2076 ) ;
#3608 = ORIENTED_EDGE ( 'NONE', *, *, #538, .T. ) ;
#3609 = FACE_OUTER_BOUND ( 'NONE', #17, .T. ) ;
#3610 = EDGE_CURVE ( 'NONE', #3769, #4861, #303, .T. ) ;
#3611 = SURFACE_STYLE_USAGE ( .BOTH. , #2596 ) ;
#3612 = FILL_AREA_STYLE_COLOUR ( '', #1095 ) ;
#3613 = EDGE_LOOP ( 'NONE', ( #3819, #6039, #5281, #2963 ) ) ;
#3614 = DIRECTION ( 'NONE',  ( -0.000000000000000000, 0.000000000000000000, 1.000000000000000000 ) ) ;
#3615 = CARTESIAN_POINT ( 'NONE',  ( -0.4999999999999993339, 0.2000000000000000111, 1.500000000000000444 ) ) ;
#3616 = CARTESIAN_POINT ( 'NONE',  ( -0.6999999999999996225, 0.000000000000000000, 1.500000000000000000 ) ) ;
#3617 = FACE_OUTER_BOUND ( 'NONE', #666, .T. ) ;
#3618 = DIRECTION ( 'NONE',  ( 0.000000000000000000, -1.000000000000000000, 0.000000000000000000 ) ) ;
#3619 = CARTESIAN_POINT ( 'NONE',  ( 0.5000000000000006661, 0.1999999999999996503, 1.499999999999999778 ) ) ;
#3620 = ORIENTED_EDGE ( 'NONE', *, *, #2141, .T. ) ;
#3621 = AXIS2_PLACEMENT_3D ( 'NONE', #3923, #6010, #10 ) ;
#3622 = DIRECTION ( 'NONE',  ( -1.000000000000000000, 0.000000000000000000, 0.000000000000000000 ) ) ;
#3623 = COLOUR_RGB ( '',0.7921568627450980005, 0.8196078431372548767, 0.9333333333333333481 ) ;
#3624 = VERTEX_POINT ( 'NONE', #1263 ) ;
#3625 = CARTESIAN_POINT ( 'NONE',  ( -1.199999999999999289, 0.5605551275463986904, 0.09999999999999993616 ) ) ;
#3626 = DIRECTION ( 'NONE',  ( -0.000000000000000000, -1.000000000000000000, -0.000000000000000000 ) ) ;
#3627 = EDGE_CURVE ( 'NONE', #1396, #5158, #3261, .T. ) ;
#3628 = DIRECTION ( 'NONE',  ( 0.000000000000000000, 1.000000000000000000, 0.000000000000000000 ) ) ;
#3629 = EDGE_LOOP ( 'NONE', ( #663, #5968, #4161, #641 ) ) ;
#3630 = LINE ( 'NONE', #5871, #828 ) ;
#3631 = DIRECTION ( 'NONE',  ( 0.000000000000000000, 0.000000000000000000, 1.000000000000000000 ) ) ;
#3632 = MECHANICAL_DESIGN_GEOMETRIC_PRESENTATION_REPRESENTATION (  '', ( #3972 ), #4316 ) ;
#3633 = ORIENTED_EDGE ( 'NONE', *, *, #6086, .T. ) ;
#3634 = EDGE_LOOP ( 'NONE', ( #2656, #4217, #1822, #581 ) ) ;
#3635 = EDGE_LOOP ( 'NONE', ( #5752, #4098, #3067, #6116 ) ) ;
#3636 = CARTESIAN_POINT ( 'NONE',  ( 1.499999999999999112, 0.1999999999999999833, 0.7000000000000002887 ) ) ;
#3637 = ORIENTED_EDGE ( 'NONE', *, *, #5302, .T. ) ;
#3638 = DIRECTION ( 'NONE',  ( 0.000000000000000000, -1.000000000000000000, 0.000000000000000000 ) ) ;
#3639 = CARTESIAN_POINT ( 'NONE',  ( 0.000000000000000000, 0.05000000000000000278, -0.09999999999999971412 ) ) ;
#3640 = CARTESIAN_POINT ( 'NONE',  ( -0.6999999999999996225, 0.2000000000000000111, 1.199999999999999956 ) ) ;
#3641 = ORIENTED_EDGE ( 'NONE', *, *, #2521, .T. ) ;
#3642 = EDGE_CURVE ( 'NONE', #5481, #913, #1240, .T. ) ;
#3643 = CARTESIAN_POINT ( 'NONE',  ( 1.199999999999999289, 0.000000000000000000, -0.3000000000000000999 ) ) ;
#3644 = DIRECTION ( 'NONE',  ( 1.000000000000000000, 0.000000000000000000, -0.000000000000000000 ) ) ;
#3645 = ORIENTED_EDGE ( 'NONE', *, *, #6092, .T. ) ;
#3646 = DIRECTION ( 'NONE',  ( 0.000000000000000000, 0.000000000000000000, -1.000000000000000000 ) ) ;
#3647 = VECTOR ( 'NONE', #3614, 1000.000000000000000 ) ;
#3648 = ORIENTED_EDGE ( 'NONE', *, *, #384, .T. ) ;
#3649 = CARTESIAN_POINT ( 'NONE',  ( -0.3000000000000000999, 0.1999999999999999833, -1.500000000000000000 ) ) ;
#3650 = PLANE ( 'NONE',  #380 ) ;
#3651 = DIRECTION ( 'NONE',  ( 0.000000000000000000, 0.000000000000000000, -1.000000000000000000 ) ) ;
#3652 = ADVANCED_FACE ( 'NONE', ( #6049 ), #3767, .T. ) ;
#3653 = CARTESIAN_POINT ( 'NONE',  ( 1.200000000000000178, 0.2000000000000000111, 0.000000000000000000 ) ) ;
#3654 = ORIENTED_EDGE ( 'NONE', *, *, #1851, .F. ) ;
#3655 = ORIENTED_EDGE ( 'NONE', *, *, #2583, .T. ) ;
#3656 = ADVANCED_FACE ( 'NONE', ( #4901 ), #1553, .T. ) ;
#3657 = LINE ( 'NONE', #6047, #2324 ) ;
#3658 = DIRECTION ( 'NONE',  ( -0.000000000000000000, -1.000000000000000000, -0.000000000000000000 ) ) ;
#3659 = DIRECTION ( 'NONE',  ( 0.000000000000000000, 0.000000000000000000, 1.000000000000000000 ) ) ;
#3660 = LINE ( 'NONE', #536, #4908 ) ;
#3661 = VERTEX_POINT ( 'NONE', #4553 ) ;
#3662 = DIRECTION ( 'NONE',  ( -1.000000000000000000, 0.000000000000000000, 0.000000000000000000 ) ) ;
#3663 = AXIS2_PLACEMENT_3D ( 'NONE', #4994, #5488, #5988 ) ;
#3664 = LINE ( 'NONE', #6327, #3501 ) ;
#3665 =( NAMED_UNIT ( * ) PLANE_ANGLE_UNIT ( ) SI_UNIT ( $, .RADIAN. ) );
#3666 = CARTESIAN_POINT ( 'NONE',  ( 1.199999999999999289, 0.5605551275463986904, 0.9000000000000000222 ) ) ;
#3667 = LINE ( 'NONE', #2250, #5143 ) ;
#3668 = FACE_OUTER_BOUND ( 'NONE', #1344, .T. ) ;
#3669 = EDGE_LOOP ( 'NONE', ( #3978, #432, #51, #6018 ) ) ;
#3670 = EDGE_CURVE ( 'NONE', #2038, #2298, #6372, .T. ) ;
#3671 = PLANE ( 'NONE',  #814 ) ;
#3672 = VECTOR ( 'NONE', #801, 1000.000000000000000 ) ;
#3673 = DIRECTION ( 'NONE',  ( 0.000000000000000000, -1.000000000000000000, 0.000000000000000000 ) ) ;
#3674 = VECTOR ( 'NONE', #173, 1000.000000000000000 ) ;
#3675 = PLANE ( 'NONE',  #3947 ) ;
#3676 = PRESENTATION_STYLE_ASSIGNMENT (( #1223 ) ) ;
#3677 = DIRECTION ( 'NONE',  ( 0.000000000000000000, -1.000000000000000000, 0.000000000000000000 ) ) ;
#3678 = DIRECTION ( 'NONE',  ( 0.000000000000000000, -1.000000000000000000, 0.000000000000000000 ) ) ;
#3679 = EDGE_LOOP ( 'NONE', ( #5347, #6225, #4324, #1150 ) ) ;
#3681 = LINE ( 'NONE', #5663, #1356 ) ;
#3680 = PLANE ( 'NONE',  #2508 ) ;
#3682 = LINE ( 'NONE', #754, #3849 ) ;
#3683 = EDGE_CURVE ( 'NONE', #263, #3188, #2464, .T. ) ;
#3684 = DIRECTION ( 'NONE',  ( -1.000000000000000000, 0.000000000000000000, 0.000000000000000000 ) ) ;
#3685 = VERTEX_POINT ( 'NONE', #3916 ) ;
#3686 = AXIS2_PLACEMENT_3D ( 'NONE', #4391, #5321, #3854 ) ;
#3687 = MANIFOLD_SOLID_BREP ( 'LPattern3[8]', #532 ) ;
#3688 = CARTESIAN_POINT ( 'NONE',  ( 1.499999999999999112, 0.1999999999999999833, -0.8999999999999998002 ) ) ;
#3689 = ADVANCED_FACE ( 'NONE', ( #3964 ), #1262, .T. ) ;
#3690 = VECTOR ( 'NONE', #71, 1000.000000000000000 ) ;
#3691 = DIRECTION ( 'NONE',  ( -1.000000000000000000, 0.000000000000000000, -0.000000000000000000 ) ) ;
#3692 = VERTEX_POINT ( 'NONE', #1994 ) ;
#3693 = DIRECTION ( 'NONE',  ( 0.000000000000000000, -0.000000000000000000, -1.000000000000000000 ) ) ;
#3694 = CARTESIAN_POINT ( 'NONE',  ( -0.8999999999999998002, 0.04999999999999999584, -1.500000000000000000 ) ) ;
#3695 = LINE ( 'NONE', #2392, #2433 ) ;
#3696 = AXIS2_PLACEMENT_3D ( 'NONE', #1643, #608, #2080 ) ;
#3697 = ADVANCED_FACE ( 'NONE', ( #1071 ), #1431, .T. ) ;
#3698 = ORIENTED_EDGE ( 'NONE', *, *, #3236, .F. ) ;
#3699 = DIRECTION ( 'NONE',  ( 0.000000000000000000, 0.000000000000000000, 1.000000000000000000 ) ) ;
#3700 = CARTESIAN_POINT ( 'NONE',  ( -0.9500000000000000666, 0.05000000000000000278, -0.9500000000000002887 ) ) ;
#3701 = CARTESIAN_POINT ( 'NONE',  ( -1.499999999999998890, 0.1999999999999996503, 0.5000000000000002220 ) ) ;
#3702 = FACE_OUTER_BOUND ( 'NONE', #5899, .T. ) ;
#3703 = CARTESIAN_POINT ( 'NONE',  ( -0.7000000000000000666, 0.5605551275463992456, -1.199999999999999956 ) ) ;
#3704 = ORIENTED_EDGE ( 'NONE', *, *, #4050, .F. ) ;
#3705 = EDGE_CURVE ( 'NONE', #4728, #3330, #1154, .T. ) ;
#3706 = DIRECTION ( 'NONE',  ( 0.000000000000000000, -0.000000000000000000, 1.000000000000000000 ) ) ;
#3707 = LINE ( 'NONE', #4326, #6024 ) ;
#3708 = FILL_AREA_STYLE ('',( #4687 ) ) ;
#3709 = CARTESIAN_POINT ( 'NONE',  ( 0.000000000000000000, 0.2000000000000000111, 0.000000000000000000 ) ) ;
#3710 = VERTEX_POINT ( 'NONE', #3973 ) ;
#3711 = DIRECTION ( 'NONE',  ( 0.000000000000000000, 1.000000000000000000, 0.000000000000000000 ) ) ;
#3712 = CARTESIAN_POINT ( 'NONE',  ( 0.09999999999999993616, 0.1999999999999999833, -1.500000000000000000 ) ) ;
#3713 = DIRECTION ( 'NONE',  ( 0.000000000000000000, -1.000000000000000000, 0.000000000000000000 ) ) ;
#3714 = CARTESIAN_POINT ( 'NONE',  ( -0.09999999999999928391, 0.1999999999999999833, 1.200000000000000622 ) ) ;
#3715 = FACE_OUTER_BOUND ( 'NONE', #3477, .T. ) ;
#3716 = DIRECTION ( 'NONE',  ( 1.000000000000000000, 0.000000000000000000, 0.000000000000000000 ) ) ;
#3717 = ORIENTED_EDGE ( 'NONE', *, *, #1278, .T. ) ;
#3718 = ORIENTED_EDGE ( 'NONE', *, *, #5748, .F. ) ;
#3719 = EDGE_LOOP ( 'NONE', ( #2227, #2260, #4149, #2781 ) ) ;
#3720 = CARTESIAN_POINT ( 'NONE',  ( 0.3000000000000007661, 0.000000000000000000, 1.200000000000000622 ) ) ;
#3721 = CARTESIAN_POINT ( 'NONE',  ( -0.8999999999999993561, 0.000000000000000000, 1.200000000000000622 ) ) ;
#3722 = EDGE_LOOP ( 'NONE', ( #131, #2574, #731, #4683 ) ) ;
#3723 = DIRECTION ( 'NONE',  ( 0.000000000000000000, -1.000000000000000000, 0.000000000000000000 ) ) ;
#3724 = EDGE_CURVE ( 'NONE', #1297, #5239, #2620, .T. ) ;
#3725 = EDGE_LOOP ( 'NONE', ( #3797, #2863, #3344, #1826 ) ) ;
#3726 = ORIENTED_EDGE ( 'NONE', *, *, #613, .F. ) ;
#3727 = VERTEX_POINT ( 'NONE', #1509 ) ;
#3728 = UNCERTAINTY_MEASURE_WITH_UNIT (LENGTH_MEASURE( 1.000000000000000082E-05 ), #1203, 'distance_accuracy_value', 'NONE');
#3729 = FILL_AREA_STYLE_COLOUR ( '', #215 ) ;
#3730 = AXIS2_PLACEMENT_3D ( 'NONE', #5791, #2800, #4291 ) ;
#3731 = VERTEX_POINT ( 'NONE', #2451 ) ;
#3732 = ADVANCED_FACE ( 'NONE', ( #1771 ), #1024, .F. ) ;
#3733 =( NAMED_UNIT ( * ) SI_UNIT ( $, .STERADIAN. ) SOLID_ANGLE_UNIT ( ) );
#3734 = VERTEX_POINT ( 'NONE', #2411 ) ;
#3735 = DIRECTION ( 'NONE',  ( -1.000000000000000000, 0.000000000000000000, -1.084202172485506406E-15 ) ) ;
#3736 = EDGE_CURVE ( 'NONE', #3492, #2975, #1326, .T. ) ;
#3737 = CARTESIAN_POINT ( 'NONE',  ( -0.09999999999999971412, 0.000000000000000000, -1.200000000000000178 ) ) ;
#3738 = PRESENTATION_STYLE_ASSIGNMENT (( #5131 ) ) ;
#3739 = VECTOR ( 'NONE', #560, 1000.000000000000000 ) ;
#3740 = ORIENTED_EDGE ( 'NONE', *, *, #2583, .F. ) ;
#3741 = CARTESIAN_POINT ( 'NONE',  ( -0.8999999999999998002, 0.000000000000000000, -1.500000000000000000 ) ) ;
#3742 = ORIENTED_EDGE ( 'NONE', *, *, #4616, .T. ) ;
#3743 = LINE ( 'NONE', #356, #4047 ) ;
#3744 = CARTESIAN_POINT ( 'NONE',  ( 0.5000000000000000000, 0.1999999999999999833, -1.199999999999999956 ) ) ;
#3745 = VECTOR ( 'NONE', #2990, 1000.000000000000000 ) ;
#3746 = CARTESIAN_POINT ( 'NONE',  ( 1.199999999999999289, 0.1999999999999999833, -0.8999999999999998002 ) ) ;
#3747 = ORIENTED_EDGE ( 'NONE', *, *, #1505, .T. ) ;
#3748 = CARTESIAN_POINT ( 'NONE',  ( -0.2999999999999996558, 0.05000000000000000278, 0.000000000000000000 ) ) ;
#3749 = EDGE_CURVE ( 'NONE', #4522, #2070, #2938, .T. ) ;
#3750 = VECTOR ( 'NONE', #5627, 1000.000000000000000 ) ;
#3751 = PRESENTATION_STYLE_ASSIGNMENT (( #1995 ) ) ;
#3752 = ORIENTED_EDGE ( 'NONE', *, *, #1272, .T. ) ;
#3753 = DIRECTION ( 'NONE',  ( 0.000000000000000000, -0.000000000000000000, 1.000000000000000000 ) ) ;
#3754 = FACE_OUTER_BOUND ( 'NONE', #892, .T. ) ;
#3755 = FACE_OUTER_BOUND ( 'NONE', #1691, .T. ) ;
#3756 = VECTOR ( 'NONE', #3638, 1000.000000000000000 ) ;
#3757 = CARTESIAN_POINT ( 'NONE',  ( 1.500000000000000444, 0.8999999999999998002, 1.500000000000000000 ) ) ;
#3758 = ADVANCED_FACE ( 'NONE', ( #1401 ), #942, .T. ) ;
#3759 = PRESENTATION_STYLE_ASSIGNMENT (( #161 ) ) ;
#3760 = PLANE ( 'NONE',  #1400 ) ;
#3761 = ORIENTED_EDGE ( 'NONE', *, *, #369, .F. ) ;
#3762 = AXIS2_PLACEMENT_3D ( 'NONE', #813, #1229, #4309 ) ;
#3763 = DIRECTION ( 'NONE',  ( 0.000000000000000000, 0.000000000000000000, -1.000000000000000000 ) ) ;
#3764 = CARTESIAN_POINT ( 'NONE',  ( 0.3000000000000003775, 0.1999999999999999833, -1.500000000000000000 ) ) ;
#3765 = LINE ( 'NONE', #5113, #3203 ) ;
#3766 = LINE ( 'NONE', #2711, #3363 ) ;
#3767 = PLANE ( 'NONE',  #1922 ) ;
#3768 = PRESENTATION_STYLE_ASSIGNMENT (( #3068 ) ) ;
#3769 = VERTEX_POINT ( 'NONE', #6419 ) ;
#3770 = EDGE_CURVE ( 'NONE', #1881, #435, #921, .T. ) ;
#3771 = ADVANCED_FACE ( 'NONE', ( #57 ), #3461, .T. ) ;
#3772 = DIRECTION ( 'NONE',  ( -0.000000000000000000, -1.000000000000000000, -0.000000000000000000 ) ) ;
#3773 = CARTESIAN_POINT ( 'NONE',  ( -1.199999999999999289, 0.5605551275463986904, 0.09999999999999993616 ) ) ;
#3774 = VECTOR ( 'NONE', #4635, 1000.000000000000000 ) ;
#3775 = LINE ( 'NONE', #1478, #4245 ) ;
#3776 = ORIENTED_EDGE ( 'NONE', *, *, #2368, .T. ) ;
#3777 = UNCERTAINTY_MEASURE_WITH_UNIT (LENGTH_MEASURE( 1.000000000000000082E-05 ), #5050, 'distance_accuracy_value', 'NONE');
#3778 = EDGE_CURVE ( 'NONE', #3734, #5700, #769, .T. ) ;
#3779 = VECTOR ( 'NONE', #878, 1000.000000000000000 ) ;
#3780 = DIRECTION ( 'NONE',  ( 0.000000000000000000, 1.000000000000000000, 0.000000000000000000 ) ) ;
#3781 = VERTEX_POINT ( 'NONE', #1465 ) ;
#3782 = PLANE ( 'NONE',  #2889 ) ;
#3783 = PLANE ( 'NONE',  #6031 ) ;
#3784 = VECTOR ( 'NONE', #3997, 1000.000000000000000 ) ;
#3785 = CARTESIAN_POINT ( 'NONE',  ( 0.5000000000000000000, 0.1999999999999999833, -1.500000000000000000 ) ) ;
#3786 = PLANE ( 'NONE',  #4625 ) ;
#3787 = ORIENTED_EDGE ( 'NONE', *, *, #339, .F. ) ;
#3788 = CARTESIAN_POINT ( 'NONE',  ( 1.499999999999999112, 0.1999999999999999833, -0.3000000000000000999 ) ) ;
#3789 = CARTESIAN_POINT ( 'NONE',  ( 1.500000000000000444, 0.1999999999999996503, -0.09999999999999982514 ) ) ;
#3790 = VECTOR ( 'NONE', #3713, 1000.000000000000000 ) ;
#3791 = DIRECTION ( 'NONE',  ( 0.000000000000000000, -0.000000000000000000, 1.000000000000000000 ) ) ;
#3792 = ORIENTED_EDGE ( 'NONE', *, *, #2937, .T. ) ;
#3793 = PLANE ( 'NONE',  #1284 ) ;
#3794 = ORIENTED_EDGE ( 'NONE', *, *, #4529, .F. ) ;
#3795 = EDGE_CURVE ( 'NONE', #204, #3580, #2716, .T. ) ;
#3796 = ADVANCED_FACE ( 'NONE', ( #135 ), #5068, .F. ) ;
#3797 = ORIENTED_EDGE ( 'NONE', *, *, #47, .F. ) ;
#3798 = DIRECTION ( 'NONE',  ( 1.000000000000000000, 0.000000000000000000, -3.252606517456519218E-15 ) ) ;
#3799 = ORIENTED_EDGE ( 'NONE', *, *, #4541, .T. ) ;
#3800 = PLANE ( 'NONE',  #3219 ) ;
#3801 = EDGE_LOOP ( 'NONE', ( #493, #3083, #1314, #2871 ) ) ;
#3802 = EDGE_CURVE ( 'NONE', #792, #5065, #1470, .T. ) ;
#3803 = DIRECTION ( 'NONE',  ( -1.000000000000000000, 0.000000000000000000, -1.084202172485506603E-15 ) ) ;
#3804 = CARTESIAN_POINT ( 'NONE',  ( -0.7000000000000000666, 0.2000000000000000111, -1.199999999999999956 ) ) ;
#3805 = ORIENTED_EDGE ( 'NONE', *, *, #2726, .T. ) ;
#3806 = VERTEX_POINT ( 'NONE', #2050 ) ;
#3807 = ORIENTED_EDGE ( 'NONE', *, *, #3206, .F. ) ;
#3808 = PRESENTATION_LAYER_ASSIGNMENT (  '', '', ( #5460 ) ) ;
#3809 = CARTESIAN_POINT ( 'NONE',  ( -0.3000000000000000999, 0.04999999999999969746, -1.500000000000000000 ) ) ;
#3810 = PLANE ( 'NONE',  #4037 ) ;
#3811 = ORIENTED_EDGE ( 'NONE', *, *, #1183, .T. ) ;
#3812 = CARTESIAN_POINT ( 'NONE',  ( -0.8999999999999998002, 0.2000000000000000111, -1.500000000000000000 ) ) ;
#3813 = CARTESIAN_POINT ( 'NONE',  ( 1.199999999999999289, 0.1999999999999999833, -0.4999999999999997780 ) ) ;
#3814 = FACE_OUTER_BOUND ( 'NONE', #4196, .T. ) ;
#3815 = EDGE_CURVE ( 'NONE', #2912, #6164, #1619, .T. ) ;
#3816 = LINE ( 'NONE', #4222, #5588 ) ;
#3817 = ORIENTED_EDGE ( 'NONE', *, *, #2657, .F. ) ;
#3818 = FILL_AREA_STYLE_COLOUR ( '', #4607 ) ;
#3819 = ORIENTED_EDGE ( 'NONE', *, *, #1715, .T. ) ;
#3820 =( NAMED_UNIT ( * ) SI_UNIT ( $, .STERADIAN. ) SOLID_ANGLE_UNIT ( ) );
#3821 = PLANE ( 'NONE',  #1785 ) ;
#3822 = DIRECTION ( 'NONE',  ( 1.000000000000000000, 0.000000000000000000, 0.000000000000000000 ) ) ;
#3823 = ORIENTED_EDGE ( 'NONE', *, *, #2201, .F. ) ;
#3824 = DIRECTION ( 'NONE',  ( 0.000000000000000000, -1.000000000000000000, 0.000000000000000000 ) ) ;
#3825 = PLANE ( 'NONE',  #1859 ) ;
#3826 = MECHANICAL_DESIGN_GEOMETRIC_PRESENTATION_REPRESENTATION (  '', ( #2127 ), #5561 ) ;
#3827 = DIRECTION ( 'NONE',  ( 0.000000000000000000, 1.000000000000000000, 0.000000000000000000 ) ) ;
#3828 = LINE ( 'NONE', #962, #5299 ) ;
#3829 = ORIENTED_EDGE ( 'NONE', *, *, #2212, .F. ) ;
#3830 = DIRECTION ( 'NONE',  ( 2.891205793294679312E-16, -0.000000000000000000, 1.000000000000000000 ) ) ;
#3831 = DIRECTION ( 'NONE',  ( 1.000000000000000000, 0.000000000000000000, 2.282530889443167022E-16 ) ) ;
#3832 = ADVANCED_FACE ( 'NONE', ( #4432 ), #3069, .F. ) ;
#3833 = LINE ( 'NONE', #3748, #4679 ) ;
#3834 = DIRECTION ( 'NONE',  ( 0.000000000000000000, -0.000000000000000000, -1.000000000000000000 ) ) ;
#3835 = LINE ( 'NONE', #2710, #2952 ) ;
#3836 = EDGE_CURVE ( 'NONE', #5065, #6356, #4501, .T. ) ;
#3837 = LINE ( 'NONE', #2613, #5453 ) ;
#3838 = VERTEX_POINT ( 'NONE', #4073 ) ;
#3839 = EDGE_CURVE ( 'NONE', #2138, #5555, #2240, .T. ) ;
#3840 = ORIENTED_EDGE ( 'NONE', *, *, #4830, .T. ) ;
#3841 = VECTOR ( 'NONE', #3723, 1000.000000000000000 ) ;
#3842 = SURFACE_STYLE_FILL_AREA ( #6004 ) ;
#3843 = FACE_OUTER_BOUND ( 'NONE', #166, .T. ) ;
#3844 = ORIENTED_EDGE ( 'NONE', *, *, #4320, .T. ) ;
#3845 = DIRECTION ( 'NONE',  ( 3.252606517456519218E-15, -0.000000000000000000, 1.000000000000000000 ) ) ;
#3846 = EDGE_CURVE ( 'NONE', #2148, #1684, #3562, .T. ) ;
#3847 = CARTESIAN_POINT ( 'NONE',  ( -1.199999999999999289, 0.000000000000000000, 0.09999999999999993616 ) ) ;
#3848 = DIRECTION ( 'NONE',  ( -1.000000000000000000, 0.000000000000000000, 0.000000000000000000 ) ) ;
#3849 = VECTOR ( 'NONE', #2683, 1000.000000000000000 ) ;
#3850 = ORIENTED_EDGE ( 'NONE', *, *, #1458, .F. ) ;
#3851 = PLANE ( 'NONE',  #2839 ) ;
#3852 = CARTESIAN_POINT ( 'NONE',  ( -0.3000000000000000999, 0.000000000000000000, -1.199999999999999956 ) ) ;
#3853 = EDGE_CURVE ( 'NONE', #4983, #1396, #3259, .T. ) ;
#3854 = DIRECTION ( 'NONE',  ( 0.000000000000000000, 0.000000000000000000, -1.000000000000000000 ) ) ;
#3855 = ORIENTED_EDGE ( 'NONE', *, *, #3032, .T. ) ;
#3856 = DIRECTION ( 'NONE',  ( -2.168404344971012812E-15, 0.000000000000000000, -1.000000000000000000 ) ) ;
#3857 = AXIS2_PLACEMENT_3D ( 'NONE', #5964, #1975, #2973 ) ;
#3858 = CARTESIAN_POINT ( 'NONE',  ( -0.4999999999999997780, 0.2000000000000000111, -1.500000000000000000 ) ) ;
#3859 = VECTOR ( 'NONE', #3383, 1000.000000000000000 ) ;
#3860 = ORIENTED_EDGE ( 'NONE', *, *, #900, .T. ) ;
#3861 = EDGE_CURVE ( 'NONE', #3553, #1041, #132, .T. ) ;
#3862 = ADVANCED_FACE ( 'NONE', ( #5669 ), #102, .F. ) ;
#3863 = CARTESIAN_POINT ( 'NONE',  ( -1.499999999999999112, 0.1999999999999999833, 0.09999999999999993616 ) ) ;
#3864 = VECTOR ( 'NONE', #6110, 1000.000000000000000 ) ;
#3865 = CARTESIAN_POINT ( 'NONE',  ( 1.500000000000000444, 0.05000000000000000278, 1.500000000000000000 ) ) ;
#3866 = AXIS2_PLACEMENT_3D ( 'NONE', #6293, #3245, #4713 ) ;
#3867 = ORIENTED_EDGE ( 'NONE', *, *, #1814, .T. ) ;
#3868 = CARTESIAN_POINT ( 'NONE',  ( 1.500000000000000444, 0.8999999999999998002, 1.500000000000000000 ) ) ;
#3869 =( LENGTH_UNIT ( ) NAMED_UNIT ( * ) SI_UNIT ( .MILLI., .METRE. ) );
#3870 = CARTESIAN_POINT ( 'NONE',  ( -1.199999999999999289, 0.5605551275463986904, -0.7000000000000000666 ) ) ;
#3871 = LINE ( 'NONE', #1737, #1589 ) ;
#3872 = ORIENTED_EDGE ( 'NONE', *, *, #4165, .F. ) ;
#3873 = DIRECTION ( 'NONE',  ( -0.000000000000000000, 0.000000000000000000, 1.000000000000000000 ) ) ;
#3874 = PLANE ( 'NONE',  #3686 ) ;
#3875 = CARTESIAN_POINT ( 'NONE',  ( -1.199999999999999289, 0.5605551275463986904, -0.7000000000000000666 ) ) ;
#3876 = EDGE_CURVE ( 'NONE', #4522, #4418, #677, .T. ) ;
#3877 = PLANE ( 'NONE',  #1122 ) ;
#3878 = ORIENTED_EDGE ( 'NONE', *, *, #2788, .T. ) ;
#3880 = CARTESIAN_POINT ( 'NONE',  ( -0.6999999999999996225, 0.05000000000000000278, 0.000000000000000000 ) ) ;
#3879 = CARTESIAN_POINT ( 'NONE',  ( 0.000000000000000000, 0.2000000000000000111, 0.000000000000000000 ) ) ;
#3881 = ORIENTED_EDGE ( 'NONE', *, *, #966, .F. ) ;
#3882 = ORIENTED_EDGE ( 'NONE', *, *, #144, .T. ) ;
#3883 = ORIENTED_EDGE ( 'NONE', *, *, #2845, .T. ) ;
#3884 = EDGE_LOOP ( 'NONE', ( #1533, #1136, #970, #1614 ) ) ;
#3885 = CARTESIAN_POINT ( 'NONE',  ( -0.3000000000000000999, 0.000000000000000000, -1.199999999999999956 ) ) ;
#3886 = EDGE_LOOP ( 'NONE', ( #5576, #2506, #2425, #1495 ) ) ;
#3887 = DIRECTION ( 'NONE',  ( 1.000000000000000000, -0.000000000000000000, 2.282530889443167022E-16 ) ) ;
#3888 = DIRECTION ( 'NONE',  ( 0.000000000000000000, -1.000000000000000000, 0.000000000000000000 ) ) ;
#3889 = ORIENTED_EDGE ( 'NONE', *, *, #6345, .F. ) ;
#3890 = ORIENTED_EDGE ( 'NONE', *, *, #4643, .T. ) ;
#3891 = FILL_AREA_STYLE_COLOUR ( '', #1650 ) ;
#3892 = ORIENTED_EDGE ( 'NONE', *, *, #2092, .F. ) ;
#3893 = EDGE_CURVE ( 'NONE', #2742, #3427, #1928, .T. ) ;
#3894 = DIRECTION ( 'NONE',  ( 0.000000000000000000, 1.000000000000000000, 0.000000000000000000 ) ) ;
#3895 = EDGE_LOOP ( 'NONE', ( #295, #1506, #2516, #6149 ) ) ;
#3896 = AXIS2_PLACEMENT_3D ( 'NONE', #6325, #365, #862 ) ;
#3897 = ADVANCED_FACE ( 'NONE', ( #2795 ), #4119, .T. ) ;
#3898 = EDGE_LOOP ( 'NONE', ( #1220, #2769, #737, #2806 ) ) ;
#3899 = CARTESIAN_POINT ( 'NONE',  ( 1.199999999999999289, 0.1999999999999999833, -0.09999999999999971412 ) ) ;
#3900 = EDGE_CURVE ( 'NONE', #2060, #6356, #1843, .T. ) ;
#3901 = VERTEX_POINT ( 'NONE', #623 ) ;
#3902 = COLOUR_RGB ( '',0.7921568627450980005, 0.8196078431372548767, 0.9333333333333333481 ) ;
#3903 = FACE_OUTER_BOUND ( 'NONE', #5094, .T. ) ;
#3904 = ORIENTED_EDGE ( 'NONE', *, *, #4267, .T. ) ;
#3905 = DIRECTION ( 'NONE',  ( 0.000000000000000000, 0.000000000000000000, 1.000000000000000000 ) ) ;
#3906 = LINE ( 'NONE', #2665, #3016 ) ;
#3907 = CARTESIAN_POINT ( 'NONE',  ( 1.199999999999999289, 0.000000000000000000, 0.3000000000000003775 ) ) ;
#3908 = FACE_OUTER_BOUND ( 'NONE', #3277, .T. ) ;
#3909 = DIRECTION ( 'NONE',  ( -0.000000000000000000, -0.000000000000000000, -1.000000000000000000 ) ) ;
#3910 = FACE_OUTER_BOUND ( 'NONE', #2083, .T. ) ;
#3911 = ORIENTED_EDGE ( 'NONE', *, *, #912, .F. ) ;
#3912 = DIRECTION ( 'NONE',  ( -1.000000000000000000, 0.000000000000000000, 1.445602896647339163E-16 ) ) ;
#3913 = AXIS2_PLACEMENT_3D ( 'NONE', #850, #4338, #6347 ) ;
#3914 = VECTOR ( 'NONE', #4954, 1000.000000000000000 ) ;
#3915 = FACE_OUTER_BOUND ( 'NONE', #5352, .T. ) ;
#3916 = CARTESIAN_POINT ( 'NONE',  ( 0.9000000000000003553, 0.2000000000000000111, 1.199999999999999956 ) ) ;
#3917 = DIRECTION ( 'NONE',  ( -0.000000000000000000, 0.000000000000000000, 1.000000000000000000 ) ) ;
#3918 = LINE ( 'NONE', #3986, #6075 ) ;
#3919 = ORIENTED_EDGE ( 'NONE', *, *, #1468, .T. ) ;
#3920 = VECTOR ( 'NONE', #4264, 1000.000000000000000 ) ;
#3921 = EDGE_CURVE ( 'NONE', #3460, #1833, #520, .T. ) ;
#3923 = CARTESIAN_POINT ( 'NONE',  ( 0.4000000000000000222, 0.2000000000000000111, 0.000000000000000000 ) ) ;
#3922 = CARTESIAN_POINT ( 'NONE',  ( -0.8999999999999993561, 0.2000000000000000111, 1.200000000000000622 ) ) ;
#3924 = VECTOR ( 'NONE', #5246, 1000.000000000000000 ) ;
#3925 = VECTOR ( 'NONE', #496, 1000.000000000000000 ) ;
#3926 = EDGE_LOOP ( 'NONE', ( #4638, #3324, #5501, #682 ) ) ;
#3927 = EDGE_CURVE ( 'NONE', #1838, #1061, #2067, .T. ) ;
#3928 = CARTESIAN_POINT ( 'NONE',  ( 1.199999999999999289, 0.000000000000000000, 0.7000000000000002887 ) ) ;
#3929 = LINE ( 'NONE', #1845, #90 ) ;
#3930 = ADVANCED_FACE ( 'NONE', ( #3326 ), #3165, .F. ) ;
#3931 = VERTEX_POINT ( 'NONE', #4055 ) ;
#3932 = EDGE_CURVE ( 'NONE', #537, #1887, #4898, .T. ) ;
#3933 = CARTESIAN_POINT ( 'NONE',  ( -0.4999999999999993339, 0.2000000000000000111, 1.500000000000000444 ) ) ;
#3934 = DIRECTION ( 'NONE',  ( 1.000000000000000000, 0.000000000000000000, 0.000000000000000000 ) ) ;
#3935 = DIRECTION ( 'NONE',  ( 1.000000000000000000, -0.000000000000000000, 0.000000000000000000 ) ) ;
#3936 = AXIS2_PLACEMENT_3D ( 'NONE', #6132, #1609, #4166 ) ;
#3937 = LINE ( 'NONE', #2653, #1504 ) ;
#3938 = ORIENTED_EDGE ( 'NONE', *, *, #2876, .F. ) ;
#3939 = CARTESIAN_POINT ( 'NONE',  ( 0.5000000000000004441, 0.2000000000000000111, 1.199999999999999956 ) ) ;
#3940 = EDGE_CURVE ( 'NONE', #475, #5499, #1467, .T. ) ;
#3941 = LINE ( 'NONE', #6421, #1290 ) ;
#3942 = VERTEX_POINT ( 'NONE', #1181 ) ;
#3943 = AXIS2_PLACEMENT_3D ( 'NONE', #5009, #2577, #2016 ) ;
#3944 = LINE ( 'NONE', #5241, #5409 ) ;
#3945 = CARTESIAN_POINT ( 'NONE',  ( 1.499999999999999112, 0.000000000000000000, 0.3000000000000003775 ) ) ;
#3946 = EDGE_LOOP ( 'NONE', ( #517, #993, #5406, #5213 ) ) ;
#3947 = AXIS2_PLACEMENT_3D ( 'NONE', #2109, #2134, #4135 ) ;
#3948 = PLANE ( 'NONE',  #4102 ) ;
#3949 = SURFACE_STYLE_FILL_AREA ( #631 ) ;
#3950 = ORIENTED_EDGE ( 'NONE', *, *, #1896, .T. ) ;
#3951 = ORIENTED_EDGE ( 'NONE', *, *, #3955, .T. ) ;
#3952 = PLANE ( 'NONE',  #5635 ) ;
#3953 = ADVANCED_FACE ( 'NONE', ( #2461 ), #669, .F. ) ;
#3954 = ORIENTED_EDGE ( 'NONE', *, *, #945, .F. ) ;
#3955 = EDGE_CURVE ( 'NONE', #4386, #128, #4658, .T. ) ;
#3956 = ORIENTED_EDGE ( 'NONE', *, *, #4708, .T. ) ;
#3957 = VERTEX_POINT ( 'NONE', #3192 ) ;
#3958 = VERTEX_POINT ( 'NONE', #5708 ) ;
#3959 = CARTESIAN_POINT ( 'NONE',  ( -0.9500000000000000666, 0.2000000000000000944, -0.9500000000000002887 ) ) ;
#3960 = ORIENTED_EDGE ( 'NONE', *, *, #3576, .F. ) ;
#3961 = CARTESIAN_POINT ( 'NONE',  ( -0.6999999999999996225, 0.2000000000000000111, 1.199999999999999956 ) ) ;
#3962 = VECTOR ( 'NONE', #5205, 1000.000000000000000 ) ;
#3963 = DIRECTION ( 'NONE',  ( -0.000000000000000000, -0.000000000000000000, -1.000000000000000000 ) ) ;
#3964 = FACE_OUTER_BOUND ( 'NONE', #4300, .T. ) ;
#3965 = VERTEX_POINT ( 'NONE', #212 ) ;
#3966 = MANIFOLD_SOLID_BREP ( 'LPattern4[4]', #5180 ) ;
#3967 = EDGE_CURVE ( 'NONE', #3008, #2645, #3161, .T. ) ;
#3968 = ORIENTED_EDGE ( 'NONE', *, *, #4914, .T. ) ;
#3969 = COLOUR_RGB ( '',0.7921568627450980005, 0.8196078431372548767, 0.9333333333333333481 ) ;
#3970 = DIRECTION ( 'NONE',  ( 1.000000000000000000, -0.000000000000000000, -2.168404344971012812E-15 ) ) ;
#3971 = VERTEX_POINT ( 'NONE', #1629 ) ;
#3972 = STYLED_ITEM ( 'NONE', ( #3751 ), #3057 ) ;
#3973 = CARTESIAN_POINT ( 'NONE',  ( -0.8999999999999993561, 0.000000000000000000, 1.500000000000000444 ) ) ;
#3974 = DIRECTION ( 'NONE',  ( -0.000000000000000000, -0.000000000000000000, 1.000000000000000000 ) ) ;
#3975 = LINE ( 'NONE', #5263, #5228 ) ;
#3976 = CARTESIAN_POINT ( 'NONE',  ( 0.3000000000000007661, 0.000000000000000000, 1.500000000000000444 ) ) ;
#3977 = FACE_OUTER_BOUND ( 'NONE', #50, .T. ) ;
#3978 = ORIENTED_EDGE ( 'NONE', *, *, #4859, .T. ) ;
#3979 = EDGE_CURVE ( 'NONE', #1887, #3710, #302, .T. ) ;
#3980 = VECTOR ( 'NONE', #1897, 1000.000000000000000 ) ;
#3981 = VECTOR ( 'NONE', #4650, 1000.000000000000000 ) ;
#3982 = SURFACE_STYLE_FILL_AREA ( #4117 ) ;
#3983 = FACE_OUTER_BOUND ( 'NONE', #4379, .T. ) ;
#3984 = ORIENTED_EDGE ( 'NONE', *, *, #4947, .F. ) ;
#3985 = ADVANCED_FACE ( 'NONE', ( #3410 ), #1692, .F. ) ;
#3986 = CARTESIAN_POINT ( 'NONE',  ( 1.499999999999999112, 0.5605551275463986904, -0.4999999999999997780 ) ) ;
#3987 = FACE_OUTER_BOUND ( 'NONE', #5500, .T. ) ;
#3988 = FACE_OUTER_BOUND ( 'NONE', #3634, .T. ) ;
#3989 = FACE_OUTER_BOUND ( 'NONE', #3884, .T. ) ;
#3990 = ORIENTED_EDGE ( 'NONE', *, *, #3588, .F. ) ;
#3991 = CARTESIAN_POINT ( 'NONE',  ( -0.2999999999999996558, 0.1999999999999999833, 1.199999999999999956 ) ) ;
#3992 = VECTOR ( 'NONE', #3244, 1000.000000000000000 ) ;
#3993 = DIRECTION ( 'NONE',  ( 0.000000000000000000, -1.000000000000000000, 0.000000000000000000 ) ) ;
#3994 = LINE ( 'NONE', #610, #3521 ) ;
#3995 = VERTEX_POINT ( 'NONE', #1202 ) ;
#3996 = DIRECTION ( 'NONE',  ( -1.000000000000000000, 0.000000000000000000, 0.000000000000000000 ) ) ;
#3997 = DIRECTION ( 'NONE',  ( 0.000000000000000000, -1.000000000000000000, 0.000000000000000000 ) ) ;
#3998 = VECTOR ( 'NONE', #4717, 1000.000000000000000 ) ;
#3999 = AXIS2_PLACEMENT_3D ( 'NONE', #6167, #3618, #6096 ) ;
#4000 = PLANE ( 'NONE',  #5596 ) ;
#4001 = ORIENTED_EDGE ( 'NONE', *, *, #2438, .F. ) ;
#4002 = UNCERTAINTY_MEASURE_WITH_UNIT (LENGTH_MEASURE( 1.000000000000000082E-05 ), #1800, 'distance_accuracy_value', 'NONE');
#4003 = DIRECTION ( 'NONE',  ( 0.000000000000000000, 0.000000000000000000, 1.000000000000000000 ) ) ;
#4004 = CARTESIAN_POINT ( 'NONE',  ( -1.199999999999999289, 0.05000000000000000278, 0.000000000000000000 ) ) ;
#4005 =( NAMED_UNIT ( * ) PLANE_ANGLE_UNIT ( ) SI_UNIT ( $, .RADIAN. ) );
#4006 = VECTOR ( 'NONE', #567, 1000.000000000000000 ) ;
#4007 = EDGE_CURVE ( 'NONE', #4580, #1794, #767, .T. ) ;
#4008 = FILL_AREA_STYLE ('',( #512 ) ) ;
#4009 = ORIENTED_EDGE ( 'NONE', *, *, #2186, .F. ) ;
#4010 = AXIS2_PLACEMENT_3D ( 'NONE', #3337, #3856, #3316 ) ;
#4011 = CARTESIAN_POINT ( 'NONE',  ( 1.499999999999999112, 0.1999999999999999833, -0.7000000000000000666 ) ) ;
#4012 = FACE_OUTER_BOUND ( 'NONE', #2745, .T. ) ;
#4013 = CARTESIAN_POINT ( 'NONE',  ( -0.09999999999999928391, 0.04999999999999999584, 1.200000000000000622 ) ) ;
#4014 = EDGE_LOOP ( 'NONE', ( #5595, #983, #2455, #6104 ) ) ;
#4015 = CARTESIAN_POINT ( 'NONE',  ( 0.4000000000000000222, 0.000000000000000000, 0.000000000000000000 ) ) ;
#4016 = EDGE_CURVE ( 'NONE', #5253, #5510, #1323, .T. ) ;
#4017 = ADVANCED_FACE ( 'NONE', ( #1618 ), #696, .F. ) ;
#4018 = CARTESIAN_POINT ( 'NONE',  ( 0.1000000000000003664, 0.000000000000000000, 1.199999999999999956 ) ) ;
#4019 = CARTESIAN_POINT ( 'NONE',  ( 1.500000000000000444, 0.05000000000000000278, -1.500000000000000000 ) ) ;
#4020 = ORIENTED_EDGE ( 'NONE', *, *, #2443, .F. ) ;
#4021 = VERTEX_POINT ( 'NONE', #4143 ) ;
#4022 = CARTESIAN_POINT ( 'NONE',  ( 0.000000000000000000, 0.2000000000000000111, 0.000000000000000000 ) ) ;
#4023 = DIRECTION ( 'NONE',  ( 2.282530889443167022E-16, 0.000000000000000000, -1.000000000000000000 ) ) ;
#4024 = ORIENTED_EDGE ( 'NONE', *, *, #1118, .F. ) ;
#4025 =( LENGTH_UNIT ( ) NAMED_UNIT ( * ) SI_UNIT ( .MILLI., .METRE. ) );
#4026 = AXIS2_PLACEMENT_3D ( 'NONE', #708, #5650, #5219 ) ;
#4027 = ORIENTED_EDGE ( 'NONE', *, *, #1374, .F. ) ;
#4028 = VERTEX_POINT ( 'NONE', #5612 ) ;
#4029 = ORIENTED_EDGE ( 'NONE', *, *, #4239, .T. ) ;
#4030 = VERTEX_POINT ( 'NONE', #186 ) ;
#4031 = ORIENTED_EDGE ( 'NONE', *, *, #384, .F. ) ;
#4032 = EDGE_LOOP ( 'NONE', ( #1327, #2032, #1661, #5590 ) ) ;
#4033 = DIRECTION ( 'NONE',  ( -0.000000000000000000, -1.000000000000000000, -0.000000000000000000 ) ) ;
#4034 = EDGE_CURVE ( 'NONE', #5116, #2103, #2618, .T. ) ;
#4035 = DIRECTION ( 'NONE',  ( 0.000000000000000000, -1.000000000000000000, 0.000000000000000000 ) ) ;
#4036 = ORIENTED_EDGE ( 'NONE', *, *, #5999, .T. ) ;
#4037 = AXIS2_PLACEMENT_3D ( 'NONE', #3377, #345, #6278 ) ;
#4038 = VERTEX_POINT ( 'NONE', #808 ) ;
#4039 = CARTESIAN_POINT ( 'NONE',  ( -0.8999999999999993561, 0.2000000000000000111, 1.500000000000000444 ) ) ;
#4040 = EDGE_LOOP ( 'NONE', ( #1522, #3892, #3883, #1235 ) ) ;
#4041 = LINE ( 'NONE', #1986, #6223 ) ;
#4042 = VECTOR ( 'NONE', #718, 1000.000000000000000 ) ;
#4043 = ORIENTED_EDGE ( 'NONE', *, *, #3090, .T. ) ;
#4044 = AXIS2_PLACEMENT_3D ( 'NONE', #5427, #3445, #3361 ) ;
#4045 = ADVANCED_FACE ( 'NONE', ( #4968 ), #2837, .F. ) ;
#4046 = DIRECTION ( 'NONE',  ( -1.000000000000000000, 0.000000000000000000, 0.000000000000000000 ) ) ;
#4047 = VECTOR ( 'NONE', #5901, 1000.000000000000000 ) ;
#4048 = FACE_OUTER_BOUND ( 'NONE', #4101, .T. ) ;
#4049 = EDGE_LOOP ( 'NONE', ( #3478, #2190, #3860, #5455 ) ) ;
#4050 = EDGE_CURVE ( 'NONE', #587, #2381, #2155, .T. ) ;
#4051 = VECTOR ( 'NONE', #3491, 1000.000000000000000 ) ;
#4052 = VECTOR ( 'NONE', #2658, 1000.000000000000000 ) ;
#4053 = CARTESIAN_POINT ( 'NONE',  ( -0.3000000000000000999, 0.000000000000000000, -1.500000000000000000 ) ) ;
#4054 = MECHANICAL_DESIGN_GEOMETRIC_PRESENTATION_REPRESENTATION (  '', ( #1129 ), #5818 ) ;
#4055 = CARTESIAN_POINT ( 'NONE',  ( 1.500000000000000444, 0.1999999999999996503, -0.8999999999999998002 ) ) ;
#4056 = EDGE_LOOP ( 'NONE', ( #6058, #106, #4790, #2272 ) ) ;
#4057 = CARTESIAN_POINT ( 'NONE',  ( -1.499999999999999112, 0.1999999999999999833, -0.4999999999999997780 ) ) ;
#4058 = FACE_OUTER_BOUND ( 'NONE', #4976, .T. ) ;
#4059 = DIRECTION ( 'NONE',  ( -1.000000000000000000, 0.000000000000000000, 1.445602896647339163E-16 ) ) ;
#4060 = FACE_OUTER_BOUND ( 'NONE', #1058, .T. ) ;
#4061 = FACE_OUTER_BOUND ( 'NONE', #911, .T. ) ;
#4062 = EDGE_CURVE ( 'NONE', #513, #4580, #5977, .T. ) ;
#4063 = VECTOR ( 'NONE', #2027, 1000.000000000000000 ) ;
#4064 = ORIENTED_EDGE ( 'NONE', *, *, #1411, .F. ) ;
#4065 = CARTESIAN_POINT ( 'NONE',  ( 0.000000000000000000, 0.2000000000000000111, 0.000000000000000000 ) ) ;
#4066 = VECTOR ( 'NONE', #3139, 1000.000000000000000 ) ;
#4067 = VECTOR ( 'NONE', #3127, 1000.000000000000000 ) ;
#4068 = ORIENTED_EDGE ( 'NONE', *, *, #2406, .F. ) ;
#4069 = LINE ( 'NONE', #4557, #2750 ) ;
#4070 = CLOSED_SHELL ( 'NONE', ( #4593, #3231, #6331, #5570, #910, #2928, #6204, #3323, #5151, #5746, #1169, #86, #4745, #3357, #4782, #3689, #5712, #333, #848, #1441, #5190, #1746, #4186, #2981, #4156, #3953, #5909, #5477, #4837, #2591, #1001, #3544, #184, #2846, #1560, #1885, #3656, #5720, #4504, #4147, #449, #3112, #6131, #3011, #4260, #6302, #2872, #4662, #5047, #4559, #3652, #5254, #5851, #3758, #5880, #2369, #417, #1212, #4322, #3697, #1100, #1787, #5601, #1751, #1379, #1469, #5181, #6267, #300, #6359, #3421, #4074, #817, #6443, #213, #3149, #3897, #5079, #3732, #1134, #2036, #2671, #1818, #3039, #1850, #784, #394, #3771, #709, #3265, #2519 ) ) ;
#4071 = EDGE_CURVE ( 'NONE', #807, #5662, #4262, .T. ) ;
#4072 = CARTESIAN_POINT ( 'NONE',  ( 0.1000000000000003664, 0.2000000000000000111, 1.199999999999999956 ) ) ;
#4073 = CARTESIAN_POINT ( 'NONE',  ( -0.6999999999999996225, 0.1999999999999999833, 1.500000000000000000 ) ) ;
#4074 = ADVANCED_FACE ( 'NONE', ( #2840 ), #6389, .T. ) ;
#4075 = FACE_OUTER_BOUND ( 'NONE', #4090, .T. ) ;
#4076 = CARTESIAN_POINT ( 'NONE',  ( 1.500000000000000444, 0.05000000000000000278, 1.500000000000000000 ) ) ;
#4077 = DIRECTION ( 'NONE',  ( -0.000000000000000000, -1.000000000000000000, -0.000000000000000000 ) ) ;
#4078 = ORIENTED_EDGE ( 'NONE', *, *, #5231, .F. ) ;
#4079 = CARTESIAN_POINT ( 'NONE',  ( -1.199999999999999289, 0.05000000000000002359, 0.3000000000000003775 ) ) ;
#4080 = CARTESIAN_POINT ( 'NONE',  ( 1.500000000000000444, 0.05000000000000000278, -1.500000000000000000 ) ) ;
#4081 = AXIS2_PLACEMENT_3D ( 'NONE', #5986, #3050, #3509 ) ;
#4082 = LINE ( 'NONE', #3737, #4870 ) ;
#4083 = DIRECTION ( 'NONE',  ( 0.000000000000000000, -0.000000000000000000, 1.000000000000000000 ) ) ;
#4084 = CLOSED_SHELL ( 'NONE', ( #3796, #5647, #6021, #4735, #4775, #644 ) ) ;
#4085 = DIRECTION ( 'NONE',  ( -1.000000000000000000, 0.000000000000000000, 0.000000000000000000 ) ) ;
#4086 = CARTESIAN_POINT ( 'NONE',  ( -1.199999999999999289, 0.000000000000000000, -0.7000000000000000666 ) ) ;
#4087 = FILL_AREA_STYLE ('',( #3583 ) ) ;
#4088 = EDGE_CURVE ( 'NONE', #1460, #1957, #4321, .T. ) ;
#4089 = LINE ( 'NONE', #4218, #2439 ) ;
#4090 = EDGE_LOOP ( 'NONE', ( #2956, #5534, #2557, #4567 ) ) ;
#4091 = CARTESIAN_POINT ( 'NONE',  ( -0.09999999999999928391, 0.5605551275463992456, 1.200000000000000622 ) ) ;
#4092 = VECTOR ( 'NONE', #2174, 1000.000000000000000 ) ;
#4093 = DIRECTION ( 'NONE',  ( -0.000000000000000000, 0.000000000000000000, -1.000000000000000000 ) ) ;
#4094 = PLANE ( 'NONE',  #4773 ) ;
#4095 = EDGE_CURVE ( 'NONE', #1287, #475, #2423, .T. ) ;
#4096 = EDGE_LOOP ( 'NONE', ( #4825, #3633, #2988, #4393 ) ) ;
#4097 = CARTESIAN_POINT ( 'NONE',  ( -1.499999999999999112, 0.5605551275463986904, -0.7000000000000000666 ) ) ;
#4098 = ORIENTED_EDGE ( 'NONE', *, *, #5999, .F. ) ;
#4099 = ORIENTED_EDGE ( 'NONE', *, *, #4734, .T. ) ;
#4100 = DIRECTION ( 'NONE',  ( 0.000000000000000000, 1.000000000000000000, 0.000000000000000000 ) ) ;
#4101 = EDGE_LOOP ( 'NONE', ( #1038, #2419, #3418, #121 ) ) ;
#4102 = AXIS2_PLACEMENT_3D ( 'NONE', #4863, #5498, #2664 ) ;
#4103 = CARTESIAN_POINT ( 'NONE',  ( -0.8999999999999998002, 0.2000000000000000111, -1.200000000000000178 ) ) ;
#4104 = LINE ( 'NONE', #1849, #660 ) ;
#4105 = CARTESIAN_POINT ( 'NONE',  ( -0.09999999999999928391, 0.04999999999999969746, 1.500000000000000444 ) ) ;
#4106 = ORIENTED_EDGE ( 'NONE', *, *, #5919, .T. ) ;
#4107 = ORIENTED_EDGE ( 'NONE', *, *, #1836, .F. ) ;
#4108 = VERTEX_POINT ( 'NONE', #5447 ) ;
#4109 = CARTESIAN_POINT ( 'NONE',  ( -0.6999999999999996225, 0.5605551275463992456, 1.500000000000000000 ) ) ;
#4110 = ORIENTED_EDGE ( 'NONE', *, *, #444, .F. ) ;
#4111 = DIRECTION ( 'NONE',  ( 0.000000000000000000, 0.000000000000000000, -1.000000000000000000 ) ) ;
#4112 = CARTESIAN_POINT ( 'NONE',  ( 1.199999999999999289, 0.000000000000000000, -0.8999999999999998002 ) ) ;
#4113 = PRODUCT_DEFINITION_FORMATION_WITH_SPECIFIED_SOURCE ( 'ANY', '', #2502, .NOT_KNOWN. ) ;
#4114 = DIRECTION ( 'NONE',  ( 0.000000000000000000, 0.000000000000000000, -1.000000000000000000 ) ) ;
#4115 = ORIENTED_EDGE ( 'NONE', *, *, #5027, .T. ) ;
#4116 = VECTOR ( 'NONE', #1669, 1000.000000000000000 ) ;
#4117 = FILL_AREA_STYLE ('',( #3612 ) ) ;
#4118 = VERTEX_POINT ( 'NONE', #5935 ) ;
#4119 = PLANE ( 'NONE',  #3381 ) ;
#4120 = PLANE ( 'NONE',  #9 ) ;
#4121 =( LENGTH_UNIT ( ) NAMED_UNIT ( * ) SI_UNIT ( .MILLI., .METRE. ) );
#4122 = EDGE_CURVE ( 'NONE', #5195, #6216, #941, .T. ) ;
#4123 = LINE ( 'NONE', #3456, #4666 ) ;
#4124 = CARTESIAN_POINT ( 'NONE',  ( -0.8999999999999993561, 0.1999999999999999833, 1.200000000000000622 ) ) ;
#4125 = DIRECTION ( 'NONE',  ( 0.000000000000000000, 0.000000000000000000, -1.000000000000000000 ) ) ;
#4126 = VECTOR ( 'NONE', #1116, 1000.000000000000000 ) ;
#4127 = ORIENTED_EDGE ( 'NONE', *, *, #823, .T. ) ;
#4128 = EDGE_CURVE ( 'NONE', #2379, #5656, #4920, .T. ) ;
#4129 = FACE_OUTER_BOUND ( 'NONE', #1535, .T. ) ;
#4130 = CARTESIAN_POINT ( 'NONE',  ( -1.199999999999999289, 0.5605551275463986904, -0.7000000000000000666 ) ) ;
#4131 = DIRECTION ( 'NONE',  ( 1.000000000000000000, -0.000000000000000000, 0.000000000000000000 ) ) ;
#4132 = FACE_OUTER_BOUND ( 'NONE', #6397, .T. ) ;
#4133 = ORIENTED_EDGE ( 'NONE', *, *, #1219, .F. ) ;
#4134 = STYLED_ITEM ( 'NONE', ( #3676 ), #2507 ) ;
#4135 = DIRECTION ( 'NONE',  ( 0.000000000000000000, -0.000000000000000000, 1.000000000000000000 ) ) ;
#4136 = CARTESIAN_POINT ( 'NONE',  ( 0.000000000000000000, 0.05000000000000000278, 0.7000000000000002887 ) ) ;
#4137 = DIRECTION ( 'NONE',  ( -1.000000000000000000, 0.000000000000000000, 0.000000000000000000 ) ) ;
#4138 = VECTOR ( 'NONE', #4077, 1000.000000000000000 ) ;
#4139 = LINE ( 'NONE', #5095, #5451 ) ;
#4140 = ORIENTED_EDGE ( 'NONE', *, *, #2498, .F. ) ;
#4141 = EDGE_CURVE ( 'NONE', #4872, #1749, #4216, .T. ) ;
#4142 = LINE ( 'NONE', #1745, #3672 ) ;
#4143 = CARTESIAN_POINT ( 'NONE',  ( 0.3000000000000003775, 0.000000000000000000, -1.200000000000000178 ) ) ;
#4144 = CARTESIAN_POINT ( 'NONE',  ( 1.499999999999999112, 0.1999999999999999833, 0.5000000000000000000 ) ) ;
#4145 = PRESENTATION_STYLE_ASSIGNMENT (( #3563 ) ) ;
#4146 =( NAMED_UNIT ( * ) PLANE_ANGLE_UNIT ( ) SI_UNIT ( $, .RADIAN. ) );
#4147 = ADVANCED_FACE ( 'NONE', ( #3814 ), #2961, .T. ) ;
#4148 = FACE_OUTER_BOUND ( 'NONE', #2778, .T. ) ;
#4149 = ORIENTED_EDGE ( 'NONE', *, *, #235, .T. ) ;
#4150 = PLANE ( 'NONE',  #6440 ) ;
#4151 = CARTESIAN_POINT ( 'NONE',  ( 0.3000000000000007661, 0.1999999999999999833, 1.200000000000000622 ) ) ;
#4152 = DIRECTION ( 'NONE',  ( 0.000000000000000000, -1.000000000000000000, 0.000000000000000000 ) ) ;
#4153 = VECTOR ( 'NONE', #3413, 1000.000000000000000 ) ;
#4154 = VECTOR ( 'NONE', #2106, 1000.000000000000000 ) ;
#4155 = ORIENTED_EDGE ( 'NONE', *, *, #441, .F. ) ;
#4156 = ADVANCED_FACE ( 'NONE', ( #2313 ), #3364, .F. ) ;
#4157 = DIRECTION ( 'NONE',  ( -0.000000000000000000, 0.000000000000000000, 1.000000000000000000 ) ) ;
#4158 = CARTESIAN_POINT ( 'NONE',  ( -0.2999999999999996558, 0.000000000000000000, 1.199999999999999956 ) ) ;
#4159 = PLANE ( 'NONE',  #5185 ) ;
#4160 =( LENGTH_UNIT ( ) NAMED_UNIT ( * ) SI_UNIT ( .MILLI., .METRE. ) );
#4161 = ORIENTED_EDGE ( 'NONE', *, *, #5732, .F. ) ;
#4162 = APPLICATION_PROTOCOL_DEFINITION ( 'draft international standard', 'automotive_design', 1998, #4212 ) ;
#4163 = EDGE_CURVE ( 'NONE', #903, #374, #5799, .T. ) ;
#4164 = LINE ( 'NONE', #3425, #3123 ) ;
#4165 = EDGE_CURVE ( 'NONE', #2861, #5195, #2647, .T. ) ;
#4166 = DIRECTION ( 'NONE',  ( 1.000000000000000000, 0.000000000000000000, -0.000000000000000000 ) ) ;
#4167 = ORIENTED_EDGE ( 'NONE', *, *, #401, .T. ) ;
#4168 = DIRECTION ( 'NONE',  ( -1.000000000000000000, 0.000000000000000000, -2.282530889443167022E-16 ) ) ;
#4169 = DIRECTION ( 'NONE',  ( -0.000000000000000000, 0.000000000000000000, -1.000000000000000000 ) ) ;
#4170 = DIRECTION ( 'NONE',  ( 1.000000000000000000, 0.000000000000000000, -3.252606517456519218E-15 ) ) ;
#4171 = VECTOR ( 'NONE', #3662, 1000.000000000000000 ) ;
#4172 = EDGE_CURVE ( 'NONE', #1957, #2601, #4996, .T. ) ;
#4173 = DIRECTION ( 'NONE',  ( 0.000000000000000000, -1.000000000000000000, 0.000000000000000000 ) ) ;
#4174 = DIRECTION ( 'NONE',  ( -1.000000000000000000, 0.000000000000000000, 0.000000000000000000 ) ) ;
#4175 = VERTEX_POINT ( 'NONE', #5388 ) ;
#4176 = DIRECTION ( 'NONE',  ( -0.000000000000000000, -1.000000000000000000, -0.000000000000000000 ) ) ;
#4177 = CARTESIAN_POINT ( 'NONE',  ( 0.3000000000000007661, 0.05000000000000000278, 0.000000000000000000 ) ) ;
#4178 = LINE ( 'NONE', #1160, #2851 ) ;
#4179 = ORIENTED_EDGE ( 'NONE', *, *, #569, .F. ) ;
#4180 = EDGE_CURVE ( 'NONE', #2267, #3476, #2122, .T. ) ;
#4181 = DIRECTION ( 'NONE',  ( 0.000000000000000000, -1.000000000000000000, 0.000000000000000000 ) ) ;
#4182 = VERTEX_POINT ( 'NONE', #1437 ) ;
#4183 = CARTESIAN_POINT ( 'NONE',  ( 1.499999999999999112, 0.1999999999999999833, 0.09999999999999993616 ) ) ;
#4184 = AXIS2_PLACEMENT_3D ( 'NONE', #1952, #4420, #4442 ) ;
#4185 = ORIENTED_EDGE ( 'NONE', *, *, #3569, .T. ) ;
#4186 = ADVANCED_FACE ( 'NONE', ( #4682 ), #1900, .F. ) ;
#4187 = EDGE_LOOP ( 'NONE', ( #3138, #4576, #3268, #5638 ) ) ;
#4188 = ORIENTED_EDGE ( 'NONE', *, *, #85, .T. ) ;
#4189 = DIRECTION ( 'NONE',  ( 0.000000000000000000, -0.000000000000000000, 1.000000000000000000 ) ) ;
#4190 = CARTESIAN_POINT ( 'NONE',  ( 0.9500000000000000666, 2.887005768508881243, -0.9499999999999998446 ) ) ;
#4191 =( NAMED_UNIT ( * ) SI_UNIT ( $, .STERADIAN. ) SOLID_ANGLE_UNIT ( ) );
#4192 = ORIENTED_EDGE ( 'NONE', *, *, #1514, .F. ) ;
#4193 = EDGE_CURVE ( 'NONE', #4965, #5065, #3079, .T. ) ;
#4194 = CARTESIAN_POINT ( 'NONE',  ( -1.499999999999999112, 0.000000000000000000, -0.8999999999999998002 ) ) ;
#4195 = PLANE ( 'NONE',  #726 ) ;
#4196 = EDGE_LOOP ( 'NONE', ( #4167, #1743, #1201, #378 ) ) ;
#4197 = CARTESIAN_POINT ( 'NONE',  ( -0.4999999999999997780, 0.04999999999999969746, -1.500000000000000000 ) ) ;
#4198 = ORIENTED_EDGE ( 'NONE', *, *, #3543, .F. ) ;
#4199 = CARTESIAN_POINT ( 'NONE',  ( -1.199999999999999289, 0.1999999999999999833, -0.09999999999999971412 ) ) ;
#4200 = MECHANICAL_DESIGN_GEOMETRIC_PRESENTATION_REPRESENTATION (  '', ( #3171 ), #6189 ) ;
#4201 = CARTESIAN_POINT ( 'NONE',  ( 0.000000000000000000, 0.2000000000000000111, 0.000000000000000000 ) ) ;
#4202 = EDGE_LOOP ( 'NONE', ( #906, #4816, #126, #4465 ) ) ;
#4203 = EDGE_LOOP ( 'NONE', ( #5577, #5191, #2195, #3499 ) ) ;
#4204 = FILL_AREA_STYLE_COLOUR ( '', #3969 ) ;
#4205 = ORIENTED_EDGE ( 'NONE', *, *, #1127, .T. ) ;
#4206 = DIRECTION ( 'NONE',  ( -0.000000000000000000, -1.000000000000000000, -0.000000000000000000 ) ) ;
#4207 = CARTESIAN_POINT ( 'NONE',  ( -1.199999999999999289, 0.1999999999999999833, -0.4999999999999997780 ) ) ;
#4208 = CARTESIAN_POINT ( 'NONE',  ( -0.9500000000000002887, 0.2000000000000000944, -0.9500000000000002887 ) ) ;
#4209 = SHAPE_DEFINITION_REPRESENTATION ( #549, #4403 ) ;
#4210 = EDGE_CURVE ( 'NONE', #4727, #2097, #2648, .T. ) ;
#4211 = VECTOR ( 'NONE', #4169, 1000.000000000000000 ) ;
#4212 = APPLICATION_CONTEXT ( 'automotive_design' ) ;
#4213 = ORIENTED_EDGE ( 'NONE', *, *, #5726, .T. ) ;
#4214 = PLANE ( 'NONE',  #111 ) ;
#4215 = DIRECTION ( 'NONE',  ( 0.000000000000000000, -1.000000000000000000, 0.000000000000000000 ) ) ;
#4216 = LINE ( 'NONE', #3959, #6441 ) ;
#4217 = ORIENTED_EDGE ( 'NONE', *, *, #3876, .T. ) ;
#4218 = CARTESIAN_POINT ( 'NONE',  ( 0.5000000000000000000, 0.000000000000000000, -1.199999999999999956 ) ) ;
#4219 = VECTOR ( 'NONE', #1264, 1000.000000000000000 ) ;
#4220 = LINE ( 'NONE', #363, #5922 ) ;
#4221 = ORIENTED_EDGE ( 'NONE', *, *, #1865, .T. ) ;
#4222 = CARTESIAN_POINT ( 'NONE',  ( 0.7000000000000007327, 0.2000000000000000111, 1.500000000000000444 ) ) ;
#4223 = EDGE_CURVE ( 'NONE', #1640, #1992, #2965, .T. ) ;
#4224 = ADVANCED_FACE ( 'NONE', ( #1104 ), #6400, .F. ) ;
#4225 = LINE ( 'NONE', #3102, #2180 ) ;
#4226 = CARTESIAN_POINT ( 'NONE',  ( 1.499999999999999112, 0.1999999999999999833, -0.4999999999999997780 ) ) ;
#4227 = DIRECTION ( 'NONE',  ( 0.000000000000000000, 0.000000000000000000, 1.000000000000000000 ) ) ;
#4228 = PLANE ( 'NONE',  #3539 ) ;
#4229 = VECTOR ( 'NONE', #2925, 1000.000000000000000 ) ;
#4230 = LINE ( 'NONE', #1484, #2891 ) ;
#4231 = PRESENTATION_LAYER_ASSIGNMENT (  '', '', ( #1870 ) ) ;
#4232 = CARTESIAN_POINT ( 'NONE',  ( -0.7000000000000000666, 0.000000000000000000, -1.500000000000000000 ) ) ;
#4233 = SURFACE_STYLE_FILL_AREA ( #4087 ) ;
#4234 = CARTESIAN_POINT ( 'NONE',  ( 0.5000000000000004441, 0.2000000000000000111, 1.500000000000000000 ) ) ;
#4235 = EDGE_LOOP ( 'NONE', ( #1620, #2164, #2594, #1416 ) ) ;
#4237 = VECTOR ( 'NONE', #3309, 1000.000000000000000 ) ;
#4236 = FILL_AREA_STYLE ('',( #3729 ) ) ;
#4238 = VECTOR ( 'NONE', #4699, 1000.000000000000000 ) ;
#4239 = EDGE_CURVE ( 'NONE', #1020, #2968, #335, .T. ) ;
#4240 = ORIENTED_EDGE ( 'NONE', *, *, #1605, .F. ) ;
#4241 =( LENGTH_UNIT ( ) NAMED_UNIT ( * ) SI_UNIT ( .MILLI., .METRE. ) );
#4242 = PLANE ( 'NONE',  #6124 ) ;
#4243 = AXIS2_PLACEMENT_3D ( 'NONE', #5654, #2085, #3584 ) ;
#4244 = DIRECTION ( 'NONE',  ( 3.252606517456520007E-15, 0.000000000000000000, 1.000000000000000000 ) ) ;
#4245 = VECTOR ( 'NONE', #1557, 1000.000000000000000 ) ;
#4246 = ORIENTED_EDGE ( 'NONE', *, *, #4575, .T. ) ;
#4247 = DIRECTION ( 'NONE',  ( 1.000000000000000000, 0.000000000000000000, -0.000000000000000000 ) ) ;
#4248 = CARTESIAN_POINT ( 'NONE',  ( -1.199999999999999289, 0.1999999999999999833, -0.8999999999999998002 ) ) ;
#4249 = FACE_OUTER_BOUND ( 'NONE', #5446, .T. ) ;
#4250 = STYLED_ITEM ( 'NONE', ( #4511 ), #6350 ) ;
#4251 = ORIENTED_EDGE ( 'NONE', *, *, #4634, .F. ) ;
#4252 = CARTESIAN_POINT ( 'NONE',  ( -1.199999999999999289, 0.1999999999999999833, -0.7000000000000000666 ) ) ;
#4253 = CARTESIAN_POINT ( 'NONE',  ( -1.199999999999999289, 0.5605551275463986904, 0.9000000000000000222 ) ) ;
#4254 = DIRECTION ( 'NONE',  ( 0.000000000000000000, -1.000000000000000000, 0.000000000000000000 ) ) ;
#4255 = LINE ( 'NONE', #1187, #1040 ) ;
#4256 = ORIENTED_EDGE ( 'NONE', *, *, #5382, .T. ) ;
#4257 = EDGE_CURVE ( 'NONE', #5499, #4657, #6404, .T. ) ;
#4258 = MANIFOLD_SOLID_BREP ( 'LPattern4[5]', #6415 ) ;
#4259 = EDGE_CURVE ( 'NONE', #1992, #487, #5545, .T. ) ;
#4260 = ADVANCED_FACE ( 'NONE', ( #1498 ), #358, .T. ) ;
#4261 = CARTESIAN_POINT ( 'NONE',  ( -0.7000000000000000666, 0.1999999999999999833, -1.199999999999999956 ) ) ;
#4262 = LINE ( 'NONE', #2437, #4544 ) ;
#4263 = EDGE_LOOP ( 'NONE', ( #4487, #3285, #118, #2306 ) ) ;
#4264 = DIRECTION ( 'NONE',  ( -1.000000000000000000, 0.000000000000000000, 2.168404344971012812E-15 ) ) ;
#4265 = CARTESIAN_POINT ( 'NONE',  ( 0.3000000000000007661, 0.2000000000000000111, 1.500000000000000444 ) ) ;
#4266 = DIRECTION ( 'NONE',  ( -0.000000000000000000, -1.000000000000000000, -0.000000000000000000 ) ) ;
#4267 = EDGE_CURVE ( 'NONE', #464, #4538, #4931, .T. ) ;
#4268 = PLANE ( 'NONE',  #3762 ) ;
#4269 = DIRECTION ( 'NONE',  ( 0.000000000000000000, -0.000000000000000000, 1.000000000000000000 ) ) ;
#4270 = LINE ( 'NONE', #5072, #6275 ) ;
#4271 = ORIENTED_EDGE ( 'NONE', *, *, #1740, .T. ) ;
#4272 = CARTESIAN_POINT ( 'NONE',  ( 1.600000000000000089, 0.2000000000000000111, 0.000000000000000000 ) ) ;
#4273 = ORIENTED_EDGE ( 'NONE', *, *, #6300, .F. ) ;
#4274 = ORIENTED_EDGE ( 'NONE', *, *, #2031, .F. ) ;
#4275 = DIRECTION ( 'NONE',  ( 1.084202172485506603E-15, 0.000000000000000000, -1.000000000000000000 ) ) ;
#4276 = ORIENTED_EDGE ( 'NONE', *, *, #5121, .F. ) ;
#4277 = EDGE_CURVE ( 'NONE', #3408, #6270, #719, .T. ) ;
#4278 = VERTEX_POINT ( 'NONE', #2346 ) ;
#4279 = ORIENTED_EDGE ( 'NONE', *, *, #2297, .F. ) ;
#4280 = EDGE_LOOP ( 'NONE', ( #6365, #6026, #1016, #5421 ) ) ;
#4281 = MECHANICAL_DESIGN_GEOMETRIC_PRESENTATION_REPRESENTATION (  '', ( #4817 ), #3465 ) ;
#4282 = ORIENTED_EDGE ( 'NONE', *, *, #1057, .F. ) ;
#4283 = VERTEX_POINT ( 'NONE', #411 ) ;
#4284 = DIRECTION ( 'NONE',  ( 1.000000000000000000, 0.000000000000000000, -0.000000000000000000 ) ) ;
#4285 = ORIENTED_EDGE ( 'NONE', *, *, #5861, .T. ) ;
#4286 = CARTESIAN_POINT ( 'NONE',  ( -0.3000000000000000999, 0.1999999999999999833, -1.199999999999999956 ) ) ;
#4287 = FILL_AREA_STYLE_COLOUR ( '', #5234 ) ;
#4288 = CARTESIAN_POINT ( 'NONE',  ( 0.09999999999999993616, 0.05000000000000000278, 0.000000000000000000 ) ) ;
#4289 = DIRECTION ( 'NONE',  ( 1.000000000000000000, -0.000000000000000000, 1.084202172485506406E-15 ) ) ;
#4290 = VERTEX_POINT ( 'NONE', #3371 ) ;
#4291 = DIRECTION ( 'NONE',  ( 0.000000000000000000, -0.000000000000000000, -1.000000000000000000 ) ) ;
#4292 = ORIENTED_EDGE ( 'NONE', *, *, #5587, .T. ) ;
#4293 = ADVANCED_FACE ( 'NONE', ( #4461 ), #5845, .F. ) ;
#4294 = LINE ( 'NONE', #624, #2002 ) ;
#4295 = DIRECTION ( 'NONE',  ( 0.000000000000000000, 0.000000000000000000, 1.000000000000000000 ) ) ;
#4296 = ORIENTED_EDGE ( 'NONE', *, *, #3328, .T. ) ;
#4297 = DIRECTION ( 'NONE',  ( 0.000000000000000000, 0.000000000000000000, -1.000000000000000000 ) ) ;
#4298 = EDGE_CURVE ( 'NONE', #497, #3053, #1959, .T. ) ;
#4299 = LINE ( 'NONE', #5878, #1084 ) ;
#4300 = EDGE_LOOP ( 'NONE', ( #110, #6215, #995, #6423 ) ) ;
#4301 = PLANE ( 'NONE',  #618 ) ;
#4302 = VECTOR ( 'NONE', #821, 1000.000000000000000 ) ;
#4303 = VECTOR ( 'NONE', #3555, 1000.000000000000000 ) ;
#4304 = LINE ( 'NONE', #3991, #5927 ) ;
#4305 = CARTESIAN_POINT ( 'NONE',  ( 1.199999999999999289, 0.1999999999999999833, 0.5000000000000000000 ) ) ;
#4306 = VECTOR ( 'NONE', #2946, 1000.000000000000000 ) ;
#4307 = CARTESIAN_POINT ( 'NONE',  ( 0.5000000000000000000, 0.04999999999999999584, -1.199999999999999956 ) ) ;
#4308 = VERTEX_POINT ( 'NONE', #3868 ) ;
#4309 = DIRECTION ( 'NONE',  ( 0.000000000000000000, 0.000000000000000000, 1.000000000000000000 ) ) ;
#4310 = FACE_OUTER_BOUND ( 'NONE', #882, .T. ) ;
#4311 = DIRECTION ( 'NONE',  ( 0.000000000000000000, 0.000000000000000000, -1.000000000000000000 ) ) ;
#4312 = VECTOR ( 'NONE', #4877, 1000.000000000000000 ) ;
#4313 = EDGE_LOOP ( 'NONE', ( #949, #6182, #5112, #611 ) ) ;
#4314 = EDGE_CURVE ( 'NONE', #5983, #2283, #633, .T. ) ;
#4315 = DIRECTION ( 'NONE',  ( -0.000000000000000000, -0.000000000000000000, 1.000000000000000000 ) ) ;
#4316 =( GEOMETRIC_REPRESENTATION_CONTEXT ( 3 ) GLOBAL_UNCERTAINTY_ASSIGNED_CONTEXT ( ( #5843 ) ) GLOBAL_UNIT_ASSIGNED_CONTEXT ( ( #4492, #4967, #5465 ) ) REPRESENTATION_CONTEXT ( 'NONE', 'WORKASPACE' ) );
#4317 = CARTESIAN_POINT ( 'NONE',  ( 0.09999999999999993616, 0.1999999999999999833, -1.199999999999999956 ) ) ;
#4318 = VECTOR ( 'NONE', #6342, 1000.000000000000000 ) ;
#4319 = ORIENTED_EDGE ( 'NONE', *, *, #2937, .F. ) ;
#4320 = EDGE_CURVE ( 'NONE', #351, #4308, #5391, .T. ) ;
#4321 = LINE ( 'NONE', #4939, #2194 ) ;
#4322 = ADVANCED_FACE ( 'NONE', ( #5315 ), #5466, .T. ) ;
#4323 = CARTESIAN_POINT ( 'NONE',  ( -1.199999999999999289, 0.000000000000000000, 0.5000000000000000000 ) ) ;
#4324 = ORIENTED_EDGE ( 'NONE', *, *, #3795, .T. ) ;
#4325 = VECTOR ( 'NONE', #4371, 1000.000000000000000 ) ;
#4326 = CARTESIAN_POINT ( 'NONE',  ( -1.199999999999999289, 0.1999999999999999833, 0.09999999999999993616 ) ) ;
#4327 = PLANE ( 'NONE',  #34 ) ;
#4328 = ORIENTED_EDGE ( 'NONE', *, *, #2380, .F. ) ;
#4329 = CARTESIAN_POINT ( 'NONE',  ( -0.8999999999999998002, 0.05000000000000000278, 0.000000000000000000 ) ) ;
#4330 = LINE ( 'NONE', #3200, #4481 ) ;
#4331 = CARTESIAN_POINT ( 'NONE',  ( 0.09999999999999993616, 0.2000000000000000111, -1.199999999999999956 ) ) ;
#4332 = ORIENTED_EDGE ( 'NONE', *, *, #3376, .F. ) ;
#4333 = DIRECTION ( 'NONE',  ( 0.000000000000000000, -1.000000000000000000, 0.000000000000000000 ) ) ;
#4334 = LINE ( 'NONE', #1549, #2775 ) ;
#4335 = ORIENTED_EDGE ( 'NONE', *, *, #5566, .F. ) ;
#4336 = DIRECTION ( 'NONE',  ( 1.000000000000000000, -0.000000000000000000, -0.000000000000000000 ) ) ;
#4337 = AXIS2_PLACEMENT_3D ( 'NONE', #5399, #1844, #6352 ) ;
#4338 = DIRECTION ( 'NONE',  ( 3.252606517456519218E-15, -0.000000000000000000, 1.000000000000000000 ) ) ;
#4339 = ORIENTED_EDGE ( 'NONE', *, *, #3236, .T. ) ;
#4340 = EDGE_CURVE ( 'NONE', #2097, #6329, #1883, .T. ) ;
#4341 = DIRECTION ( 'NONE',  ( 0.000000000000000000, 0.000000000000000000, -1.000000000000000000 ) ) ;
#4342 = ORIENTED_EDGE ( 'NONE', *, *, #1151, .T. ) ;
#4343 = ORIENTED_EDGE ( 'NONE', *, *, #117, .F. ) ;
#4344 = ORIENTED_EDGE ( 'NONE', *, *, #762, .T. ) ;
#4345 = AXIS2_PLACEMENT_3D ( 'NONE', #6197, #4275, #1288 ) ;
#4346 = SURFACE_STYLE_USAGE ( .BOTH. , #1330 ) ;
#4347 = ADVANCED_FACE ( 'NONE', ( #3366 ), #3948, .F. ) ;
#4348 = ORIENTED_EDGE ( 'NONE', *, *, #1940, .T. ) ;
#4349 = ORIENTED_EDGE ( 'NONE', *, *, #1272, .F. ) ;
#4350 = CARTESIAN_POINT ( 'NONE',  ( 1.499999999999999112, 0.5605551275463986904, -0.7000000000000000666 ) ) ;
#4351 = VECTOR ( 'NONE', #4569, 1000.000000000000000 ) ;
#4352 = EDGE_CURVE ( 'NONE', #3995, #368, #2275, .T. ) ;
#4353 = ORIENTED_EDGE ( 'NONE', *, *, #6060, .F. ) ;
#4354 = AXIS2_PLACEMENT_3D ( 'NONE', #264, #5920, #377 ) ;
#4355 = LINE ( 'NONE', #3107, #2715 ) ;
#4356 = PLANE ( 'NONE',  #842 ) ;
#4357 = DIRECTION ( 'NONE',  ( -1.000000000000000000, 0.000000000000000000, -0.000000000000000000 ) ) ;
#4358 = LINE ( 'NONE', #5120, #5439 ) ;
#4359 = VERTEX_POINT ( 'NONE', #6102 ) ;
#4360 = DIRECTION ( 'NONE',  ( -0.000000000000000000, -1.000000000000000000, -0.000000000000000000 ) ) ;
#4361 = AXIS2_PLACEMENT_3D ( 'NONE', #137, #1332, #4003 ) ;
#4362 = PLANE ( 'NONE',  #1301 ) ;
#4363 = LINE ( 'NONE', #4570, #698 ) ;
#4364 = ORIENTED_EDGE ( 'NONE', *, *, #5361, .F. ) ;
#4365 = CARTESIAN_POINT ( 'NONE',  ( 0.9500000000000000666, 2.887005768508881243, -0.9499999999999998446 ) ) ;
#4366 = COLOUR_RGB ( '',0.7921568627450980005, 0.8196078431372548767, 0.9333333333333333481 ) ;
#4367 = DIRECTION ( 'NONE',  ( 0.000000000000000000, 1.000000000000000000, 0.000000000000000000 ) ) ;
#4368 = SURFACE_STYLE_FILL_AREA ( #1766 ) ;
#4369 = EDGE_CURVE ( 'NONE', #2529, #5116, #1802, .T. ) ;
#4371 = DIRECTION ( 'NONE',  ( -0.000000000000000000, -1.000000000000000000, -0.000000000000000000 ) ) ;
#4370 = CARTESIAN_POINT ( 'NONE',  ( -1.499999999999999112, 0.5605551275463986904, -0.3000000000000000999 ) ) ;
#4372 = ORIENTED_EDGE ( 'NONE', *, *, #6130, .T. ) ;
#4373 = DIRECTION ( 'NONE',  ( 0.000000000000000000, -1.000000000000000000, 0.000000000000000000 ) ) ;
#4374 = STYLED_ITEM ( 'NONE', ( #2783 ), #83 ) ;
#4375 = LINE ( 'NONE', #3282, #707 ) ;
#4376 = VECTOR ( 'NONE', #1804, 1000.000000000000000 ) ;
#4377 = VECTOR ( 'NONE', #2549, 1000.000000000000000 ) ;
#4378 = LINE ( 'NONE', #2214, #4609 ) ;
#4379 = EDGE_LOOP ( 'NONE', ( #4733, #183, #3133, #5204 ) ) ;
#4380 = ADVANCED_FACE ( 'NONE', ( #2829 ), #6126, .F. ) ;
#4381 = DIRECTION ( 'NONE',  ( -0.000000000000000000, -1.000000000000000000, -0.000000000000000000 ) ) ;
#4382 = PLANE ( 'NONE',  #3560 ) ;
#4383 = FACE_OUTER_BOUND ( 'NONE', #974, .T. ) ;
#4384 = CARTESIAN_POINT ( 'NONE',  ( 0.5000000000000004441, 0.2000000000000000111, 1.199999999999999956 ) ) ;
#4385 = LINE ( 'NONE', #1121, #4154 ) ;
#4386 = VERTEX_POINT ( 'NONE', #5632 ) ;
#4387 = SURFACE_STYLE_USAGE ( .BOTH. , #855 ) ;
#4388 = DIRECTION ( 'NONE',  ( 0.000000000000000000, -0.000000000000000000, 1.000000000000000000 ) ) ;
#4389 = VECTOR ( 'NONE', #2589, 1000.000000000000000 ) ;
#4390 = EDGE_CURVE ( 'NONE', #4546, #5960, #5622, .T. ) ;
#4391 = CARTESIAN_POINT ( 'NONE',  ( 1.199999999999999289, 0.5605551275463986904, 0.5000000000000000000 ) ) ;
#4392 = DIRECTION ( 'NONE',  ( 0.000000000000000000, 0.000000000000000000, 1.000000000000000000 ) ) ;
#4393 = ORIENTED_EDGE ( 'NONE', *, *, #1358, .F. ) ;
#4395 = DIRECTION ( 'NONE',  ( 0.000000000000000000, -1.000000000000000000, 0.000000000000000000 ) ) ;
#4394 = CARTESIAN_POINT ( 'NONE',  ( 1.199999999999999289, 0.05000000000000002359, 0.09999999999999993616 ) ) ;
#4396 = DIRECTION ( 'NONE',  ( 1.000000000000000000, 0.000000000000000000, 0.000000000000000000 ) ) ;
#4397 = CARTESIAN_POINT ( 'NONE',  ( 1.500000000000000444, 0.05000000000000000278, 1.500000000000000000 ) ) ;
#4398 = VERTEX_POINT ( 'NONE', #1664 ) ;
#4399 = EDGE_CURVE ( 'NONE', #6138, #5048, #6087, .T. ) ;
#4400 = CARTESIAN_POINT ( 'NONE',  ( 1.199999999999999289, 0.5605551275463986904, -0.7000000000000000666 ) ) ;
#4401 = VECTOR ( 'NONE', #5686, 1000.000000000000000 ) ;
#4402 = AXIS2_PLACEMENT_3D ( 'NONE', #774, #4698, #1195 ) ;
#4403 = ADVANCED_BREP_SHAPE_REPRESENTATION ( 'SI52202-A01AGMR', ( #2107, #562, #5884, #296, #2813, #1924, #2198, #83, #4726, #2393, #5397, #2885, #3687, #1260, #3558, #4521, #3966, #4258, #3057, #2507, #3362, #6350, #3314 ), #3182 ) ;
#4404 = ORIENTED_EDGE ( 'NONE', *, *, #4963, .T. ) ;
#4405 = CARTESIAN_POINT ( 'NONE',  ( 0.000000000000000000, 0.000000000000000000, 0.000000000000000000 ) ) ;
#4406 = LINE ( 'NONE', #4881, #5562 ) ;
#4407 = VERTEX_POINT ( 'NONE', #5102 ) ;
#4408 = CARTESIAN_POINT ( 'NONE',  ( 0.5000000000000000000, 0.2000000000000000111, -1.199999999999999956 ) ) ;
#4409 = ADVANCED_FACE ( 'NONE', ( #253 ), #96, .F. ) ;
#4410 = EDGE_CURVE ( 'NONE', #782, #1680, #3031, .T. ) ;
#4411 = DIRECTION ( 'NONE',  ( 0.000000000000000000, -1.000000000000000000, 0.000000000000000000 ) ) ;
#4412 = DIRECTION ( 'NONE',  ( 0.000000000000000000, -1.000000000000000000, 0.000000000000000000 ) ) ;
#4413 = LINE ( 'NONE', #3051, #279 ) ;
#4414 = VERTEX_POINT ( 'NONE', #614 ) ;
#4415 = DIRECTION ( 'NONE',  ( -0.000000000000000000, 0.000000000000000000, 1.000000000000000000 ) ) ;
#4416 = ORIENTED_EDGE ( 'NONE', *, *, #4643, .F. ) ;
#4417 = ORIENTED_EDGE ( 'NONE', *, *, #107, .T. ) ;
#4418 = VERTEX_POINT ( 'NONE', #4656 ) ;
#4419 = PRESENTATION_LAYER_ASSIGNMENT (  '', '', ( #4374 ) ) ;
#4420 = DIRECTION ( 'NONE',  ( 0.000000000000000000, -1.000000000000000000, 0.000000000000000000 ) ) ;
#4421 = ORIENTED_EDGE ( 'NONE', *, *, #3023, .F. ) ;
#4422 = DIRECTION ( 'NONE',  ( 1.000000000000000000, 0.000000000000000000, 0.000000000000000000 ) ) ;
#4423 = ORIENTED_EDGE ( 'NONE', *, *, #4062, .T. ) ;
#4424 = ORIENTED_EDGE ( 'NONE', *, *, #846, .T. ) ;
#4425 = CARTESIAN_POINT ( 'NONE',  ( 0.5000000000000000000, 0.5605551275463992456, -1.199999999999999956 ) ) ;
#4426 = VERTEX_POINT ( 'NONE', #1172 ) ;
#4427 = EDGE_CURVE ( 'NONE', #3330, #4386, #4785, .T. ) ;
#4428 = VERTEX_POINT ( 'NONE', #591 ) ;
#4429 = VERTEX_POINT ( 'NONE', #141 ) ;
#4430 = CARTESIAN_POINT ( 'NONE',  ( -0.4999999999999993339, 0.2000000000000000111, 1.200000000000000622 ) ) ;
#4431 = PLANE ( 'NONE',  #756 ) ;
#4432 = FACE_OUTER_BOUND ( 'NONE', #5202, .T. ) ;
#4433 = VERTEX_POINT ( 'NONE', #4581 ) ;
#4434 = CARTESIAN_POINT ( 'NONE',  ( 0.000000000000000000, 0.2000000000000000111, 0.000000000000000000 ) ) ;
#4435 = DIRECTION ( 'NONE',  ( 1.000000000000000000, -0.000000000000000000, 0.000000000000000000 ) ) ;
#4436 = EDGE_CURVE ( 'NONE', #4765, #97, #2571, .T. ) ;
#4437 = VECTOR ( 'NONE', #5226, 1000.000000000000000 ) ;
#4438 = CARTESIAN_POINT ( 'NONE',  ( 0.3000000000000003775, 0.1999999999999996503, -1.499999999999999778 ) ) ;
#4439 = LINE ( 'NONE', #5764, #3172 ) ;
#4440 = ORIENTED_EDGE ( 'NONE', *, *, #4088, .T. ) ;
#4441 = ADVANCED_FACE ( 'NONE', ( #2101 ), #3607, .F. ) ;
#4442 = DIRECTION ( 'NONE',  ( 0.000000000000000000, -0.000000000000000000, -1.000000000000000000 ) ) ;
#4443 = ORIENTED_EDGE ( 'NONE', *, *, #3134, .F. ) ;
#4444 = LINE ( 'NONE', #1328, #3087 ) ;
#4445 = UNCERTAINTY_MEASURE_WITH_UNIT (LENGTH_MEASURE( 1.000000000000000082E-05 ), #4488, 'distance_accuracy_value', 'NONE');
#4446 = ORIENTED_EDGE ( 'NONE', *, *, #4163, .T. ) ;
#4447 = FACE_OUTER_BOUND ( 'NONE', #5785, .T. ) ;
#4448 = LINE ( 'NONE', #3174, #4680 ) ;
#4449 = FACE_OUTER_BOUND ( 'NONE', #4203, .T. ) ;
#4450 = CARTESIAN_POINT ( 'NONE',  ( -1.499999999999999112, 0.5605551275463986904, 0.7000000000000002887 ) ) ;
#4451 = DIRECTION ( 'NONE',  ( -1.000000000000000000, 0.000000000000000000, -0.000000000000000000 ) ) ;
#4452 = CARTESIAN_POINT ( 'NONE',  ( 0.8000000000000000444, 0.2000000000000000111, 0.000000000000000000 ) ) ;
#4453 = FACE_OUTER_BOUND ( 'NONE', #2546, .T. ) ;
#4454 = ORIENTED_EDGE ( 'NONE', *, *, #5268, .F. ) ;
#4455 = LINE ( 'NONE', #2712, #3191 ) ;
#4456 = DIRECTION ( 'NONE',  ( -0.000000000000000000, -1.000000000000000000, -0.000000000000000000 ) ) ;
#4457 = DIRECTION ( 'NONE',  ( -1.000000000000000000, 0.000000000000000000, -1.084202172485506603E-15 ) ) ;
#4458 = ORIENTED_EDGE ( 'NONE', *, *, #1591, .F. ) ;
#4459 = EDGE_CURVE ( 'NONE', #6311, #4811, #89, .T. ) ;
#4460 = CARTESIAN_POINT ( 'NONE',  ( -0.09999999999999971412, 0.2000000000000000111, -1.200000000000000178 ) ) ;
#4461 = FACE_OUTER_BOUND ( 'NONE', #746, .T. ) ;
#4462 = DIRECTION ( 'NONE',  ( 1.000000000000000000, 0.000000000000000000, -3.252606517456520007E-15 ) ) ;
#4463 = VECTOR ( 'NONE', #488, 1000.000000000000000 ) ;
#4464 = DIRECTION ( 'NONE',  ( 1.000000000000000000, 0.000000000000000000, -0.000000000000000000 ) ) ;
#4465 = ORIENTED_EDGE ( 'NONE', *, *, #1985, .F. ) ;
#4466 = EDGE_CURVE ( 'NONE', #6108, #5555, #5247, .T. ) ;
#4467 = CARTESIAN_POINT ( 'NONE',  ( -0.7000000000000000666, 0.04999999999999999584, -1.199999999999999956 ) ) ;
#4468 = CARTESIAN_POINT ( 'NONE',  ( 0.9000000000000000222, 0.2000000000000000111, -1.199999999999999956 ) ) ;
#4469 = AXIS2_PLACEMENT_3D ( 'NONE', #476, #4388, #6379 ) ;
#4470 = LINE ( 'NONE', #3804, #1810 ) ;
#4471 = EDGE_LOOP ( 'NONE', ( #5490, #4282, #2666, #3162 ) ) ;
#4472 =( NAMED_UNIT ( * ) PLANE_ANGLE_UNIT ( ) SI_UNIT ( $, .RADIAN. ) );
#4473 = DIRECTION ( 'NONE',  ( -0.000000000000000000, 0.000000000000000000, 1.000000000000000000 ) ) ;
#4474 = DIRECTION ( 'NONE',  ( -0.000000000000000000, -1.000000000000000000, -0.000000000000000000 ) ) ;
#4475 = EDGE_CURVE ( 'NONE', #5048, #2529, #2422, .T. ) ;
#4476 = ADVANCED_FACE ( 'NONE', ( #4383 ), #3874, .F. ) ;
#4477 = VECTOR ( 'NONE', #3077, 1000.000000000000000 ) ;
#4478 = CARTESIAN_POINT ( 'NONE',  ( -0.9500000000000000666, -0.000000000000000000, -0.9500000000000002887 ) ) ;
#4479 = ORIENTED_EDGE ( 'NONE', *, *, #5040, .F. ) ;
#4480 = CARTESIAN_POINT ( 'NONE',  ( 1.499999999999999112, 0.1999999999999999833, 0.9000000000000000222 ) ) ;
#4481 = VECTOR ( 'NONE', #743, 1000.000000000000000 ) ;
#4482 = ORIENTED_EDGE ( 'NONE', *, *, #4833, .T. ) ;
#4483 = DIRECTION ( 'NONE',  ( 0.000000000000000000, 0.000000000000000000, 1.000000000000000000 ) ) ;
#4484 = PLANE ( 'NONE',  #318 ) ;
#4485 = AXIS2_PLACEMENT_3D ( 'NONE', #15, #5957, #1050 ) ;
#4486 = VECTOR ( 'NONE', #2123, 1000.000000000000000 ) ;
#4487 = ORIENTED_EDGE ( 'NONE', *, *, #6284, .T. ) ;
#4488 =( LENGTH_UNIT ( ) NAMED_UNIT ( * ) SI_UNIT ( .MILLI., .METRE. ) );
#4489 = ORIENTED_EDGE ( 'NONE', *, *, #1108, .F. ) ;
#4490 = EDGE_CURVE ( 'NONE', #5510, #1536, #795, .T. ) ;
#4491 = DIRECTION ( 'NONE',  ( 0.000000000000000000, -1.000000000000000000, 0.000000000000000000 ) ) ;
#4492 =( LENGTH_UNIT ( ) NAMED_UNIT ( * ) SI_UNIT ( .MILLI., .METRE. ) );
#4493 = ORIENTED_EDGE ( 'NONE', *, *, #2510, .T. ) ;
#4494 = EDGE_CURVE ( 'NONE', #4418, #1052, #5932, .T. ) ;
#4495 = ORIENTED_EDGE ( 'NONE', *, *, #6363, .F. ) ;
#4496 = ORIENTED_EDGE ( 'NONE', *, *, #2435, .T. ) ;
#4497 = ORIENTED_EDGE ( 'NONE', *, *, #1315, .F. ) ;
#4498 = ORIENTED_EDGE ( 'NONE', *, *, #2355, .F. ) ;
#4499 = EDGE_CURVE ( 'NONE', #2307, #177, #5865, .T. ) ;
#4500 = ORIENTED_EDGE ( 'NONE', *, *, #4459, .F. ) ;
#4501 = LINE ( 'NONE', #5045, #990 ) ;
#4502 = ORIENTED_EDGE ( 'NONE', *, *, #4972, .T. ) ;
#4503 = AXIS2_PLACEMENT_3D ( 'NONE', #4434, #884, #902 ) ;
#4504 = ADVANCED_FACE ( 'NONE', ( #1273 ), #127, .F. ) ;
#4505 = EDGE_LOOP ( 'NONE', ( #4423, #301, #3510, #3173 ) ) ;
#4506 = EDGE_CURVE ( 'NONE', #2923, #4028, #5243, .T. ) ;
#4507 = SURFACE_STYLE_FILL_AREA ( #5740 ) ;
#4508 = ORIENTED_EDGE ( 'NONE', *, *, #5311, .T. ) ;
#4509 = AXIS2_PLACEMENT_3D ( 'NONE', #6062, #822, #2825 ) ;
#4510 = CARTESIAN_POINT ( 'NONE',  ( 0.5000000000000000000, 0.5605551275463992456, -1.500000000000000000 ) ) ;
#4511 = PRESENTATION_STYLE_ASSIGNMENT (( #1930 ) ) ;
#4512 = CARTESIAN_POINT ( 'NONE',  ( -0.8999999999999998002, 0.04999999999999999584, -1.200000000000000178 ) ) ;
#4513 = DIRECTION ( 'NONE',  ( -0.000000000000000000, -1.000000000000000000, -0.000000000000000000 ) ) ;
#4514 = LINE ( 'NONE', #1587, #6378 ) ;
#4515 = ORIENTED_EDGE ( 'NONE', *, *, #3900, .T. ) ;
#4516 = EDGE_CURVE ( 'NONE', #3710, #3400, #874, .T. ) ;
#4517 = VECTOR ( 'NONE', #4333, 1000.000000000000000 ) ;
#4518 = LINE ( 'NONE', #3036, #4598 ) ;
#4519 = DIRECTION ( 'NONE',  ( 1.000000000000000000, -0.000000000000000000, 0.000000000000000000 ) ) ;
#4520 = LINE ( 'NONE', #4850, #5058 ) ;
#4521 = MANIFOLD_SOLID_BREP ( 'LPattern4[3]', #1422 ) ;
#4522 = VERTEX_POINT ( 'NONE', #170 ) ;
#4523 = DIRECTION ( 'NONE',  ( 0.000000000000000000, -1.000000000000000000, 0.000000000000000000 ) ) ;
#4524 = VECTOR ( 'NONE', #6222, 1000.000000000000000 ) ;
#4525 = VECTOR ( 'NONE', #5238, 1000.000000000000000 ) ;
#4526 = LINE ( 'NONE', #1852, #3195 ) ;
#4527 = FACE_OUTER_BOUND ( 'NONE', #2700, .T. ) ;
#4528 = VERTEX_POINT ( 'NONE', #3196 ) ;
#4529 = EDGE_CURVE ( 'NONE', #914, #2923, #6399, .T. ) ;
#4530 =( NAMED_UNIT ( * ) SI_UNIT ( $, .STERADIAN. ) SOLID_ANGLE_UNIT ( ) );
#4531 = CARTESIAN_POINT ( 'NONE',  ( 0.1000000000000003664, 0.1999999999999999833, 1.500000000000000000 ) ) ;
#4532 = ADVANCED_FACE ( 'NONE', ( #4778 ), #5163, .F. ) ;
#4533 = ORIENTED_EDGE ( 'NONE', *, *, #1118, .T. ) ;
#4534 = DIRECTION ( 'NONE',  ( -1.000000000000000000, 0.000000000000000000, -1.084202172485506603E-15 ) ) ;
#4535 = VECTOR ( 'NONE', #3158, 1000.000000000000000 ) ;
#4536 = VECTOR ( 'NONE', #4462, 1000.000000000000000 ) ;
#4537 = AXIS2_PLACEMENT_3D ( 'NONE', #652, #6113, #3598 ) ;
#4538 = VERTEX_POINT ( 'NONE', #3643 ) ;
#4539 = CARTESIAN_POINT ( 'NONE',  ( 0.5000000000000004441, 0.5605551275463992456, 1.199999999999999956 ) ) ;
#4540 = VECTOR ( 'NONE', #3148, 1000.000000000000000 ) ;
#4541 = EDGE_CURVE ( 'NONE', #2233, #2687, #3765, .T. ) ;
#4542 = ORIENTED_EDGE ( 'NONE', *, *, #5004, .T. ) ;
#4543 = MECHANICAL_DESIGN_GEOMETRIC_PRESENTATION_REPRESENTATION (  '', ( #994 ), #3253 ) ;
#4544 = VECTOR ( 'NONE', #405, 1000.000000000000000 ) ;
#4545 = DIRECTION ( 'NONE',  ( 0.000000000000000000, 0.000000000000000000, 1.000000000000000000 ) ) ;
#4546 = VERTEX_POINT ( 'NONE', #3688 ) ;
#4547 = PLANE ( 'NONE',  #1430 ) ;
#4548 = EDGE_CURVE ( 'NONE', #4965, #4983, #2414, .T. ) ;
#4549 = LINE ( 'NONE', #3248, #1125 ) ;
#4550 = PRESENTATION_LAYER_ASSIGNMENT (  '', '', ( #5556 ) ) ;
#4551 = FILL_AREA_STYLE ('',( #3052 ) ) ;
#4552 = VERTEX_POINT ( 'NONE', #4194 ) ;
#4553 = CARTESIAN_POINT ( 'NONE',  ( 0.1000000000000003664, 0.1999999999999999833, 1.500000000000000000 ) ) ;
#4554 = PLANE ( 'NONE',  #2605 ) ;
#4555 = CARTESIAN_POINT ( 'NONE',  ( 1.301042606982607293E-15, 0.05000000000000000278, -1.199999999999999512 ) ) ;
#4556 = LINE ( 'NONE', #4018, #1668 ) ;
#4557 = CARTESIAN_POINT ( 'NONE',  ( 1.199999999999999289, 0.1999999999999999833, -0.7000000000000000666 ) ) ;
#4558 = EDGE_LOOP ( 'NONE', ( #750, #636, #2237, #1598 ) ) ;
#4559 = ADVANCED_FACE ( 'NONE', ( #5384 ), #5711, .T. ) ;
#4560 = DIRECTION ( 'NONE',  ( -1.000000000000000000, 0.000000000000000000, 0.000000000000000000 ) ) ;
#4561 = ORIENTED_EDGE ( 'NONE', *, *, #2757, .F. ) ;
#4562 = ORIENTED_EDGE ( 'NONE', *, *, #783, .F. ) ;
#4563 = VERTEX_POINT ( 'NONE', #4305 ) ;
#4564 = CLOSED_SHELL ( 'NONE', ( #2901, #1950, #2697, #2554, #5820, #1501 ) ) ;
#4565 = ORIENTED_EDGE ( 'NONE', *, *, #1686, .F. ) ;
#4566 = ORIENTED_EDGE ( 'NONE', *, *, #2380, .T. ) ;
#4567 = ORIENTED_EDGE ( 'NONE', *, *, #2960, .F. ) ;
#4568 = EDGE_CURVE ( 'NONE', #4937, #1640, #3681, .T. ) ;
#4569 = DIRECTION ( 'NONE',  ( 0.000000000000000000, -1.000000000000000000, 0.000000000000000000 ) ) ;
#4570 = CARTESIAN_POINT ( 'NONE',  ( -0.7000000000000000666, 0.000000000000000000, -1.199999999999999956 ) ) ;
#4571 = ORIENTED_EDGE ( 'NONE', *, *, #5420, .T. ) ;
#4572 = DIRECTION ( 'NONE',  ( 0.000000000000000000, 0.000000000000000000, -1.000000000000000000 ) ) ;
#4573 = EDGE_CURVE ( 'NONE', #3415, #2488, #4926, .T. ) ;
#4574 = ORIENTED_EDGE ( 'NONE', *, *, #2186, .T. ) ;
#4575 = EDGE_CURVE ( 'NONE', #2103, #513, #1098, .T. ) ;
#4576 = ORIENTED_EDGE ( 'NONE', *, *, #1795, .F. ) ;
#4577 = CARTESIAN_POINT ( 'NONE',  ( -0.8999999999999993561, 0.2000000000000000111, 1.200000000000000622 ) ) ;
#4578 = DIRECTION ( 'NONE',  ( -0.000000000000000000, -1.000000000000000000, -0.000000000000000000 ) ) ;
#4579 = DIRECTION ( 'NONE',  ( 0.000000000000000000, 1.000000000000000000, 0.000000000000000000 ) ) ;
#4580 = VERTEX_POINT ( 'NONE', #1321 ) ;
#4581 = CARTESIAN_POINT ( 'NONE',  ( 0.5000000000000000000, 0.2000000000000000111, -1.199999999999999956 ) ) ;
#4582 = VECTOR ( 'NONE', #4435, 1000.000000000000000 ) ;
#4583 = VECTOR ( 'NONE', #3490, 1000.000000000000000 ) ;
#4584 = VERTEX_POINT ( 'NONE', #1342 ) ;
#4585 = EDGE_CURVE ( 'NONE', #1052, #2764, #6326, .T. ) ;
#4586 = LINE ( 'NONE', #251, #544 ) ;
#4587 = CARTESIAN_POINT ( 'NONE',  ( -0.7000000000000000666, 0.1999999999999999833, -1.500000000000000000 ) ) ;
#4588 = DIRECTION ( 'NONE',  ( 0.000000000000000000, -1.000000000000000000, 0.000000000000000000 ) ) ;
#4589 = VECTOR ( 'NONE', #5284, 1000.000000000000000 ) ;
#4590 = DIRECTION ( 'NONE',  ( -1.000000000000000000, 0.000000000000000000, 1.445602896647339163E-16 ) ) ;
#4591 = DIRECTION ( 'NONE',  ( 0.000000000000000000, 0.000000000000000000, 1.000000000000000000 ) ) ;
#4592 = ORIENTED_EDGE ( 'NONE', *, *, #5578, .F. ) ;
#4593 = ADVANCED_FACE ( 'NONE', ( #6245, #3519 ), #3782, .F. ) ;
#4594 = CARTESIAN_POINT ( 'NONE',  ( 0.3000000000000003775, 0.000000000000000000, -1.200000000000000178 ) ) ;
#4595 = VECTOR ( 'NONE', #2228, 1000.000000000000000 ) ;
#4596 = CARTESIAN_POINT ( 'NONE',  ( 0.09999999999999993616, 0.04999999999999969746, -1.500000000000000000 ) ) ;
#4597 = CARTESIAN_POINT ( 'NONE',  ( 0.000000000000000000, 0.000000000000000000, 1.600000000000000089 ) ) ;
#4598 = VECTOR ( 'NONE', #4085, 1000.000000000000000 ) ;
#4599 = VECTOR ( 'NONE', #4659, 1000.000000000000000 ) ;
#4600 = COLOUR_RGB ( '',0.7921568627450980005, 0.8196078431372548767, 0.9333333333333333481 ) ;
#4601 = VERTEX_POINT ( 'NONE', #2793 ) ;
#4602 = DIRECTION ( 'NONE',  ( -0.000000000000000000, -1.000000000000000000, -0.000000000000000000 ) ) ;
#4603 = AXIS2_PLACEMENT_3D ( 'NONE', #3922, #5855, #389 ) ;
#4604 = VECTOR ( 'NONE', #6109, 1000.000000000000000 ) ;
#4605 = DIRECTION ( 'NONE',  ( 1.000000000000000000, -0.000000000000000000, 1.445602896647339656E-16 ) ) ;
#4606 = CARTESIAN_POINT ( 'NONE',  ( -1.499999999999999112, 0.04999999999999969746, 0.3000000000000003775 ) ) ;
#4607 = COLOUR_RGB ( '',0.2509803921568627416, 0.2509803921568627416, 0.2509803921568627416 ) ;
#4608 = DIRECTION ( 'NONE',  ( 1.000000000000000000, -0.000000000000000000, -2.168404344971012812E-15 ) ) ;
#4609 = VECTOR ( 'NONE', #3368, 1000.000000000000000 ) ;
#4610 = CARTESIAN_POINT ( 'NONE',  ( 0.9000000000000000222, 0.2000000000000000111, -1.199999999999999956 ) ) ;
#4611 = EDGE_LOOP ( 'NONE', ( #1454, #1311, #5831, #5863 ) ) ;
#4612 = DIRECTION ( 'NONE',  ( 0.000000000000000000, -0.000000000000000000, 1.000000000000000000 ) ) ;
#4613 = PRESENTATION_STYLE_ASSIGNMENT (( #6316 ) ) ;
#4614 = VECTOR ( 'NONE', #4822, 1000.000000000000000 ) ;
#4615 = VERTEX_POINT ( 'NONE', #2284 ) ;
#4616 = EDGE_CURVE ( 'NONE', #3957, #464, #5536, .T. ) ;
#4617 = PLANE ( 'NONE',  #5584 ) ;
#4618 = FILL_AREA_STYLE ('',( #148 ) ) ;
#4619 = DIRECTION ( 'NONE',  ( 1.000000000000000000, -0.000000000000000000, -2.168404344971012812E-15 ) ) ;
#4620 = LINE ( 'NONE', #1721, #805 ) ;
#4621 = PLANE ( 'NONE',  #1657 ) ;
#4622 = ORIENTED_EDGE ( 'NONE', *, *, #2788, .F. ) ;
#4623 = CARTESIAN_POINT ( 'NONE',  ( -1.499999999999999112, 0.1999999999999999833, 0.5000000000000000000 ) ) ;
#4624 = DIRECTION ( 'NONE',  ( 1.000000000000000000, 0.000000000000000000, -0.000000000000000000 ) ) ;
#4625 = AXIS2_PLACEMENT_3D ( 'NONE', #6296, #3827, #1032 ) ;
#4626 = DIRECTION ( 'NONE',  ( 0.000000000000000000, 0.000000000000000000, 1.000000000000000000 ) ) ;
#4627 = LINE ( 'NONE', #4938, #6180 ) ;
#4628 = CARTESIAN_POINT ( 'NONE',  ( 0.7000000000000002887, 0.1999999999999999833, -1.200000000000000178 ) ) ;
#4629 = EDGE_LOOP ( 'NONE', ( #4454, #6292, #4276, #4884 ) ) ;
#4630 = DIRECTION ( 'NONE',  ( -1.000000000000000000, 0.000000000000000000, -0.000000000000000000 ) ) ;
#4631 = CARTESIAN_POINT ( 'NONE',  ( -0.2999999999999997113, 0.1999999999999996503, 1.499999999999999778 ) ) ;
#4632 = DIRECTION ( 'NONE',  ( 1.000000000000000000, -0.000000000000000000, -2.168404344971012812E-15 ) ) ;
#4633 = DIRECTION ( 'NONE',  ( 0.000000000000000000, -1.000000000000000000, 0.000000000000000000 ) ) ;
#4634 = EDGE_CURVE ( 'NONE', #3188, #1624, #1022, .T. ) ;
#4635 = DIRECTION ( 'NONE',  ( -0.000000000000000000, -1.000000000000000000, -0.000000000000000000 ) ) ;
#4636 = LINE ( 'NONE', #4076, #2761 ) ;
#4637 = PRODUCT_CONTEXT ( 'NONE', #4212, 'mechanical' ) ;
#4638 = ORIENTED_EDGE ( 'NONE', *, *, #6117, .F. ) ;
#4639 = DIRECTION ( 'NONE',  ( -0.000000000000000000, -1.000000000000000000, -0.000000000000000000 ) ) ;
#4640 = FACE_OUTER_BOUND ( 'NONE', #4263, .T. ) ;
#4641 = DIRECTION ( 'NONE',  ( 0.000000000000000000, 0.000000000000000000, 1.000000000000000000 ) ) ;
#4642 = DIRECTION ( 'NONE',  ( 1.000000000000000000, 0.000000000000000000, -3.252606517456520007E-15 ) ) ;
#4643 = EDGE_CURVE ( 'NONE', #1222, #5369, #550, .T. ) ;
#4644 = ORIENTED_EDGE ( 'NONE', *, *, #2521, .F. ) ;
#4645 = CARTESIAN_POINT ( 'NONE',  ( 1.199999999999999289, 0.5605551275463986904, -0.3000000000000000999 ) ) ;
#4646 = DIRECTION ( 'NONE',  ( 1.000000000000000000, 0.000000000000000000, 0.000000000000000000 ) ) ;
#4647 = VERTEX_POINT ( 'NONE', #2238 ) ;
#4648 = ORIENTED_EDGE ( 'NONE', *, *, #1046, .F. ) ;
#4649 = ORIENTED_EDGE ( 'NONE', *, *, #3340, .T. ) ;
#4650 = DIRECTION ( 'NONE',  ( 0.000000000000000000, 0.000000000000000000, -1.000000000000000000 ) ) ;
#4651 = DIRECTION ( 'NONE',  ( -0.000000000000000000, -0.000000000000000000, -1.000000000000000000 ) ) ;
#4652 = ORIENTED_EDGE ( 'NONE', *, *, #1706, .T. ) ;
#4653 = CARTESIAN_POINT ( 'NONE',  ( 1.199999999999999289, 0.5605551275463986904, -0.7000000000000000666 ) ) ;
#4654 =( NAMED_UNIT ( * ) PLANE_ANGLE_UNIT ( ) SI_UNIT ( $, .RADIAN. ) );
#4655 = AXIS2_PLACEMENT_3D ( 'NONE', #6446, #1953, #3473 ) ;
#4656 = CARTESIAN_POINT ( 'NONE',  ( -1.499999999999999112, 0.1999999999999999833, 0.9000000000000000222 ) ) ;
#4657 = VERTEX_POINT ( 'NONE', #3291 ) ;
#4658 = LINE ( 'NONE', #5135, #3962 ) ;
#4659 = DIRECTION ( 'NONE',  ( -0.000000000000000000, 0.000000000000000000, -1.000000000000000000 ) ) ;
#4660 = ORIENTED_EDGE ( 'NONE', *, *, #3642, .T. ) ;
#4661 = DIRECTION ( 'NONE',  ( 1.000000000000000000, 0.000000000000000000, 0.000000000000000000 ) ) ;
#4662 = ADVANCED_FACE ( 'NONE', ( #1876 ), #789, .T. ) ;
#4663 = DIRECTION ( 'NONE',  ( -1.000000000000000000, 0.000000000000000000, 0.000000000000000000 ) ) ;
#4664 = ORIENTED_EDGE ( 'NONE', *, *, #1568, .F. ) ;
#4665 = STYLED_ITEM ( 'NONE', ( #818 ), #562 ) ;
#4666 = VECTOR ( 'NONE', #973, 1000.000000000000000 ) ;
#4667 = CARTESIAN_POINT ( 'NONE',  ( 0.09999999999999993616, 0.5605551275463992456, -1.500000000000000000 ) ) ;
#4668 = LINE ( 'NONE', #2623, #4211 ) ;
#4669 = ORIENTED_EDGE ( 'NONE', *, *, #586, .F. ) ;
#4670 = EDGE_CURVE ( 'NONE', #4359, #4729, #2491, .T. ) ;
#4671 = ADVANCED_FACE ( 'NONE', ( #1190 ), #3800, .T. ) ;
#4672 = VECTOR ( 'NONE', #3496, 1000.000000000000000 ) ;
#4673 = FILL_AREA_STYLE_COLOUR ( '', #5522 ) ;
#4674 = VECTOR ( 'NONE', #6091, 1000.000000000000000 ) ;
#4675 = CARTESIAN_POINT ( 'NONE',  ( 0.1000000000000003664, 0.2000000000000000111, 1.500000000000000000 ) ) ;
#4676 = ORIENTED_EDGE ( 'NONE', *, *, #1940, .F. ) ;
#4677 = PLANE ( 'NONE',  #506 ) ;
#4678 = CARTESIAN_POINT ( 'NONE',  ( -1.499999999999999112, 0.1999999999999999833, -0.09999999999999971412 ) ) ;
#4679 = VECTOR ( 'NONE', #1289, 1000.000000000000000 ) ;
#4680 = VECTOR ( 'NONE', #178, 1000.000000000000000 ) ;
#4681 = UNCERTAINTY_MEASURE_WITH_UNIT (LENGTH_MEASURE( 1.000000000000000082E-05 ), #5718, 'distance_accuracy_value', 'NONE');
#4682 = FACE_OUTER_BOUND ( 'NONE', #5877, .T. ) ;
#4683 = ORIENTED_EDGE ( 'NONE', *, *, #5608, .F. ) ;
#4684 = EDGE_CURVE ( 'NONE', #162, #3243, #1567, .T. ) ;
#4685 = FILL_AREA_STYLE ('',( #3190 ) ) ;
#4686 = AXIS2_PLACEMENT_3D ( 'NONE', #2119, #6161, #648 ) ;
#4687 = FILL_AREA_STYLE_COLOUR ( '', #1068 ) ;
#4688 = VECTOR ( 'NONE', #1244, 1000.000000000000000 ) ;
#4689 = LINE ( 'NONE', #1399, #1185 ) ;
#4690 = DIRECTION ( 'NONE',  ( 0.000000000000000000, -1.000000000000000000, 0.000000000000000000 ) ) ;
#4691 = ORIENTED_EDGE ( 'NONE', *, *, #3455, .T. ) ;
#4692 = CARTESIAN_POINT ( 'NONE',  ( 1.199999999999999289, 0.5605551275463986904, 0.09999999999999993616 ) ) ;
#4693 = PLANE ( 'NONE',  #3999 ) ;
#4694 = CARTESIAN_POINT ( 'NONE',  ( -0.4999999999999993339, 0.5605551275463992456, 1.500000000000000444 ) ) ;
#4695 = VECTOR ( 'NONE', #1672, 1000.000000000000000 ) ;
#4696 = LINE ( 'NONE', #6122, #4067 ) ;
#4697 = ORIENTED_EDGE ( 'NONE', *, *, #1667, .T. ) ;
#4698 = DIRECTION ( 'NONE',  ( -1.000000000000000000, 0.000000000000000000, 0.000000000000000000 ) ) ;
#4699 = DIRECTION ( 'NONE',  ( -1.000000000000000000, -0.000000000000000000, -0.000000000000000000 ) ) ;
#4700 = VECTOR ( 'NONE', #809, 1000.000000000000000 ) ;
#4701 = PLANE ( 'NONE',  #1594 ) ;
#4702 = ADVANCED_FACE ( 'NONE', ( #14 ), #1755, .F. ) ;
#4703 = CARTESIAN_POINT ( 'NONE',  ( 1.499999999999999112, 0.1999999999999999833, 0.3000000000000003775 ) ) ;
#4704 = VECTOR ( 'NONE', #989, 1000.000000000000000 ) ;
#4705 = ORIENTED_EDGE ( 'NONE', *, *, #823, .F. ) ;
#4706 = EDGE_CURVE ( 'NONE', #4308, #3146, #5702, .T. ) ;
#4707 = VECTOR ( 'NONE', #4856, 1000.000000000000000 ) ;
#4708 = EDGE_CURVE ( 'NONE', #1806, #5288, #1425, .T. ) ;
#4709 = ADVANCED_FACE ( 'NONE', ( #1954 ), #1546, .F. ) ;
#4710 = CARTESIAN_POINT ( 'NONE',  ( -0.8999999999999993561, 0.05000000000000000278, 0.000000000000000000 ) ) ;
#4711 = EDGE_LOOP ( 'NONE', ( #4256, #4542, #575, #3294 ) ) ;
#4712 = DIRECTION ( 'NONE',  ( -1.000000000000000000, 0.000000000000000000, -1.084202172485506406E-15 ) ) ;
#4713 = DIRECTION ( 'NONE',  ( 0.000000000000000000, -0.000000000000000000, -1.000000000000000000 ) ) ;
#4714 = CARTESIAN_POINT ( 'NONE',  ( -1.199999999999999289, 0.5605551275463986904, -0.09999999999999971412 ) ) ;
#4715 = VECTOR ( 'NONE', #918, 1000.000000000000000 ) ;
#4716 = CARTESIAN_POINT ( 'NONE',  ( -1.199999999999999289, 0.1999999999999999833, -0.09999999999999971412 ) ) ;
#4717 = DIRECTION ( 'NONE',  ( -0.000000000000000000, -1.000000000000000000, -0.000000000000000000 ) ) ;
#4718 = ORIENTED_EDGE ( 'NONE', *, *, #4427, .F. ) ;
#4719 = STYLED_ITEM ( 'NONE', ( #5473 ), #1260 ) ;
#4720 = CARTESIAN_POINT ( 'NONE',  ( 0.000000000000000000, 0.2000000000000000111, 0.000000000000000000 ) ) ;
#4721 = CARTESIAN_POINT ( 'NONE',  ( 0.9000000000000003553, 0.5605551275463992456, 1.500000000000000000 ) ) ;
#4722 = SURFACE_SIDE_STYLE ('',( #6168 ) ) ;
#4723 = ORIENTED_EDGE ( 'NONE', *, *, #5706, .F. ) ;
#4724 = DIRECTION ( 'NONE',  ( 0.000000000000000000, -0.000000000000000000, -1.000000000000000000 ) ) ;
#4725 = EDGE_CURVE ( 'NONE', #4418, #497, #5859, .T. ) ;
#4726 = MANIFOLD_SOLID_BREP ( 'LPattern3[4]', #2692 ) ;
#4727 = VERTEX_POINT ( 'NONE', #6255 ) ;
#4728 = VERTEX_POINT ( 'NONE', #5800 ) ;
#4729 = VERTEX_POINT ( 'NONE', #4587 ) ;
#4730 = ORIENTED_EDGE ( 'NONE', *, *, #5115, .F. ) ;
#4731 = ORIENTED_EDGE ( 'NONE', *, *, #1623, .F. ) ;
#4732 = PLANE ( 'NONE',  #2448 ) ;
#4733 = ORIENTED_EDGE ( 'NONE', *, *, #1450, .F. ) ;
#4734 = EDGE_CURVE ( 'NONE', #4426, #3015, #2338, .T. ) ;
#4735 = ADVANCED_FACE ( 'NONE', ( #5694 ), #6032, .F. ) ;
#4736 = PLANE ( 'NONE',  #3866 ) ;
#4737 = CARTESIAN_POINT ( 'NONE',  ( 3.903127820947819907E-15, 0.05000000000000000278, 1.199999999999998845 ) ) ;
#4738 = ORIENTED_EDGE ( 'NONE', *, *, #4193, .T. ) ;
#4739 = DIRECTION ( 'NONE',  ( -1.000000000000000000, 0.000000000000000000, -0.000000000000000000 ) ) ;
#4740 = DIRECTION ( 'NONE',  ( 0.000000000000000000, -1.000000000000000000, 0.000000000000000000 ) ) ;
#4741 = ORIENTED_EDGE ( 'NONE', *, *, #4935, .T. ) ;
#4742 = ORIENTED_EDGE ( 'NONE', *, *, #1879, .F. ) ;
#4743 = ORIENTED_EDGE ( 'NONE', *, *, #5502, .T. ) ;
#4744 =( NAMED_UNIT ( * ) SI_UNIT ( $, .STERADIAN. ) SOLID_ANGLE_UNIT ( ) );
#4745 = ADVANCED_FACE ( 'NONE', ( #3987 ), #4836, .T. ) ;
#4746 = DIRECTION ( 'NONE',  ( 0.000000000000000000, -1.000000000000000000, 0.000000000000000000 ) ) ;
#4747 = EDGE_LOOP ( 'NONE', ( #1566, #21, #2028, #1707 ) ) ;
#4748 = DIRECTION ( 'NONE',  ( -1.000000000000000000, 0.000000000000000000, 0.000000000000000000 ) ) ;
#4749 = CARTESIAN_POINT ( 'NONE',  ( 0.1000000000000003664, 0.2000000000000000111, 1.199999999999999956 ) ) ;
#4750 = VECTOR ( 'NONE', #1130, 1000.000000000000000 ) ;
#4751 = EDGE_CURVE ( 'NONE', #4615, #2465, #4455, .T. ) ;
#4752 = VECTOR ( 'NONE', #2989, 1000.000000000000000 ) ;
#4753 = ORIENTED_EDGE ( 'NONE', *, *, #4839, .F. ) ;
#4754 = ORIENTED_EDGE ( 'NONE', *, *, #4914, .F. ) ;
#4755 = LINE ( 'NONE', #410, #1248 ) ;
#4756 = DIRECTION ( 'NONE',  ( 1.000000000000000000, -0.000000000000000000, 0.000000000000000000 ) ) ;
#4757 = FACE_OUTER_BOUND ( 'NONE', #3199, .T. ) ;
#4758 = ORIENTED_EDGE ( 'NONE', *, *, #3428, .F. ) ;
#4759 = DIRECTION ( 'NONE',  ( 0.000000000000000000, -1.000000000000000000, 0.000000000000000000 ) ) ;
#4760 = DIRECTION ( 'NONE',  ( -1.000000000000000000, 0.000000000000000000, 0.000000000000000000 ) ) ;
#4761 = LINE ( 'NONE', #5974, #4229 ) ;
#4762 = CARTESIAN_POINT ( 'NONE',  ( 1.199999999999999289, 0.5605551275463986904, 0.09999999999999993616 ) ) ;
#4763 = EDGE_LOOP ( 'NONE', ( #1617, #4844, #2650, #3881 ) ) ;
#4764 = VECTOR ( 'NONE', #1280, 1000.000000000000000 ) ;
#4765 = VERTEX_POINT ( 'NONE', #353 ) ;
#4766 = DIRECTION ( 'NONE',  ( 0.000000000000000000, -0.000000000000000000, 1.000000000000000000 ) ) ;
#4767 = EDGE_CURVE ( 'NONE', #2968, #257, #5789, .T. ) ;
#4768 = CARTESIAN_POINT ( 'NONE',  ( 0.3000000000000007661, 0.5605551275463992456, 1.200000000000000622 ) ) ;
#4769 = LINE ( 'NONE', #5224, #5604 ) ;
#4770 = FILL_AREA_STYLE ('',( #198 ) ) ;
#4771 = VECTOR ( 'NONE', #2659, 1000.000000000000000 ) ;
#4772 = LINE ( 'NONE', #716, #3433 ) ;
#4773 = AXIS2_PLACEMENT_3D ( 'NONE', #5046, #5593, #561 ) ;
#4774 = CARTESIAN_POINT ( 'NONE',  ( -0.09999999999999971412, 0.2000000000000000111, -1.200000000000000178 ) ) ;
#4775 = ADVANCED_FACE ( 'NONE', ( #474 ), #3675, .F. ) ;
#4776 = ORIENTED_EDGE ( 'NONE', *, *, #5252, .F. ) ;
#4777 = ORIENTED_EDGE ( 'NONE', *, *, #5468, .F. ) ;
#4778 = FACE_OUTER_BOUND ( 'NONE', #909, .T. ) ;
#4779 = EDGE_CURVE ( 'NONE', #5721, #5239, #5528, .T. ) ;
#4780 = VECTOR ( 'NONE', #5349, 1000.000000000000000 ) ;
#4781 = ORIENTED_EDGE ( 'NONE', *, *, #945, .T. ) ;
#4782 = ADVANCED_FACE ( 'NONE', ( #4848 ), #6150, .T. ) ;
#4783 = CARTESIAN_POINT ( 'NONE',  ( 1.499999999999999112, 0.5605551275463986904, 0.5000000000000000000 ) ) ;
#4784 =( GEOMETRIC_REPRESENTATION_CONTEXT ( 3 ) GLOBAL_UNCERTAINTY_ASSIGNED_CONTEXT ( ( #1563 ) ) GLOBAL_UNIT_ASSIGNED_CONTEXT ( ( #6349, #430, #936 ) ) REPRESENTATION_CONTEXT ( 'NONE', 'WORKASPACE' ) );
#4785 = LINE ( 'NONE', #3106, #3440 ) ;
#4786 = DIRECTION ( 'NONE',  ( -0.000000000000000000, 0.000000000000000000, -1.000000000000000000 ) ) ;
#4787 = SURFACE_SIDE_STYLE ('',( #3194 ) ) ;
#4788 = LINE ( 'NONE', #52, #1030 ) ;
#4789 = DIRECTION ( 'NONE',  ( -1.000000000000000000, 0.000000000000000000, 2.168404344971012812E-15 ) ) ;
#4790 = ORIENTED_EDGE ( 'NONE', *, *, #2790, .F. ) ;
#4791 = CARTESIAN_POINT ( 'NONE',  ( 0.000000000000000000, 0.2000000000000000111, 0.000000000000000000 ) ) ;
#4792 = CARTESIAN_POINT ( 'NONE',  ( 0.000000000000000000, 0.2000000000000000111, 0.000000000000000000 ) ) ;
#4793 = CARTESIAN_POINT ( 'NONE',  ( 0.9000000000000000222, 0.1999999999999999833, -1.500000000000000000 ) ) ;
#4794 = ORIENTED_EDGE ( 'NONE', *, *, #4670, .F. ) ;
#4795 = CARTESIAN_POINT ( 'NONE',  ( -1.499999999999999112, 0.000000000000000000, 0.7000000000000002887 ) ) ;
#4796 = DIRECTION ( 'NONE',  ( 0.000000000000000000, 0.000000000000000000, 1.000000000000000000 ) ) ;
#4797 = LINE ( 'NONE', #1493, #2200 ) ;
#4798 = ORIENTED_EDGE ( 'NONE', *, *, #5053, .T. ) ;
#4799 = DIRECTION ( 'NONE',  ( 0.000000000000000000, 0.000000000000000000, -1.000000000000000000 ) ) ;
#4800 = EDGE_CURVE ( 'NONE', #1536, #2704, #2734, .T. ) ;
#4801 = LINE ( 'NONE', #3227, #2514 ) ;
#4802 = ORIENTED_EDGE ( 'NONE', *, *, #1046, .T. ) ;
#4803 = DIRECTION ( 'NONE',  ( -0.000000000000000000, -1.000000000000000000, -0.000000000000000000 ) ) ;
#4804 = EDGE_CURVE ( 'NONE', #907, #162, #6320, .T. ) ;
#4805 = LINE ( 'NONE', #3170, #2129 ) ;
#4806 = ORIENTED_EDGE ( 'NONE', *, *, #5931, .T. ) ;
#4807 = AXIS2_PLACEMENT_3D ( 'NONE', #1507, #4986, #2490 ) ;
#4808 = CARTESIAN_POINT ( 'NONE',  ( -1.199999999999999289, 0.05000000000000002359, -0.3000000000000000999 ) ) ;
#4809 =( LENGTH_UNIT ( ) NAMED_UNIT ( * ) SI_UNIT ( .MILLI., .METRE. ) );
#4810 = ADVANCED_FACE ( 'NONE', ( #1180 ), #4677, .F. ) ;
#4811 = VERTEX_POINT ( 'NONE', #5600 ) ;
#4812 =( LENGTH_UNIT ( ) NAMED_UNIT ( * ) SI_UNIT ( .MILLI., .METRE. ) );
#4813 = EDGE_CURVE ( 'NONE', #5844, #2520, #1642, .T. ) ;
#4814 = EDGE_LOOP ( 'NONE', ( #3177, #5007, #2454, #4115 ) ) ;
#4815 = ORIENTED_EDGE ( 'NONE', *, *, #2534, .T. ) ;
#4816 = ORIENTED_EDGE ( 'NONE', *, *, #4767, .F. ) ;
#4817 = STYLED_ITEM ( 'NONE', ( #3498 ), #3362 ) ;
#4818 = ORIENTED_EDGE ( 'NONE', *, *, #5912, .T. ) ;
#4819 = EDGE_LOOP ( 'NONE', ( #4495, #4818, #218, #804 ) ) ;
#4820 = CARTESIAN_POINT ( 'NONE',  ( 1.301042606982609068E-15, 0.05000000000000000278, -1.200000000000001066 ) ) ;
#4821 = DIRECTION ( 'NONE',  ( 2.891205793294679312E-16, -0.000000000000000000, 1.000000000000000000 ) ) ;
#4822 = DIRECTION ( 'NONE',  ( -0.000000000000000000, -0.000000000000000000, -1.000000000000000000 ) ) ;
#4823 = ORIENTED_EDGE ( 'NONE', *, *, #1411, .T. ) ;
#4824 = DIRECTION ( 'NONE',  ( 3.252606517456520007E-15, 0.000000000000000000, 1.000000000000000000 ) ) ;
#4825 = ORIENTED_EDGE ( 'NONE', *, *, #1505, .F. ) ;
#4826 = LINE ( 'NONE', #492, #1070 ) ;
#4827 = LINE ( 'NONE', #4793, #2163 ) ;
#4828 = DIRECTION ( 'NONE',  ( 0.000000000000000000, 0.000000000000000000, -1.000000000000000000 ) ) ;
#4829 = ORIENTED_EDGE ( 'NONE', *, *, #1688, .F. ) ;
#4830 = EDGE_CURVE ( 'NONE', #3931, #2381, #6160, .T. ) ;
#4831 = PLANE ( 'NONE',  #851 ) ;
#4832 = ORIENTED_EDGE ( 'NONE', *, *, #1851, .T. ) ;
#4833 = EDGE_CURVE ( 'NONE', #4811, #2405, #237, .T. ) ;
#4834 = FACE_OUTER_BOUND ( 'NONE', #2178, .T. ) ;
#4835 = ORIENTED_EDGE ( 'NONE', *, *, #2291, .F. ) ;
#4836 = PLANE ( 'NONE',  #271 ) ;
#4837 = ADVANCED_FACE ( 'NONE', ( #4058 ), #5100, .T. ) ;
#4838 = VECTOR ( 'NONE', #5390, 1000.000000000000000 ) ;
#4839 = EDGE_CURVE ( 'NONE', #1312, #903, #3286, .T. ) ;
#4840 = CARTESIAN_POINT ( 'NONE',  ( -1.199999999999999289, 0.5605551275463986904, -0.7000000000000000666 ) ) ;
#4841 = LINE ( 'NONE', #4577, #1340 ) ;
#4842 = CARTESIAN_POINT ( 'NONE',  ( 0.09999999999999993616, 0.000000000000000000, -1.500000000000000000 ) ) ;
#4843 = VECTOR ( 'NONE', #4311, 1000.000000000000000 ) ;
#4844 = ORIENTED_EDGE ( 'NONE', *, *, #2471, .F. ) ;
#4845 = AXIS2_PLACEMENT_3D ( 'NONE', #5976, #5476, #4483 ) ;
#4846 = PLANE ( 'NONE',  #524 ) ;
#4847 = CARTESIAN_POINT ( 'NONE',  ( 0.5000000000000004441, 0.2000000000000000111, 1.199999999999999956 ) ) ;
#4848 = FACE_OUTER_BOUND ( 'NONE', #4747, .T. ) ;
#4849 = LINE ( 'NONE', #6041, #1645 ) ;
#4850 = CARTESIAN_POINT ( 'NONE',  ( 1.199999999999999289, 0.1999999999999999833, 0.5000000000000000000 ) ) ;
#4851 = LINE ( 'NONE', #2282, #628 ) ;
#4852 = ORIENTED_EDGE ( 'NONE', *, *, #2073, .F. ) ;
#4853 = EDGE_CURVE ( 'NONE', #4433, #5373, #5146, .T. ) ;
#4854 = DIRECTION ( 'NONE',  ( 0.000000000000000000, 0.000000000000000000, 1.000000000000000000 ) ) ;
#4856 = DIRECTION ( 'NONE',  ( 1.000000000000000000, -0.000000000000000000, 1.084202172485506406E-15 ) ) ;
#4855 = CARTESIAN_POINT ( 'NONE',  ( 1.199999999999999289, 0.1999999999999999833, 0.09999999999999993616 ) ) ;
#4857 = FACE_OUTER_BOUND ( 'NONE', #4611, .T. ) ;
#4858 = ORIENTED_EDGE ( 'NONE', *, *, #3167, .T. ) ;
#4859 = EDGE_CURVE ( 'NONE', #5776, #3415, #4225, .T. ) ;
#4860 = FACE_OUTER_BOUND ( 'NONE', #3669, .T. ) ;
#4861 = VERTEX_POINT ( 'NONE', #179 ) ;
#4862 = DIRECTION ( 'NONE',  ( 0.000000000000000000, -1.000000000000000000, 0.000000000000000000 ) ) ;
#4863 = CARTESIAN_POINT ( 'NONE',  ( 0.000000000000000000, 0.2000000000000000111, 0.000000000000000000 ) ) ;
#4864 = DIRECTION ( 'NONE',  ( 1.000000000000000000, -0.000000000000000000, -0.000000000000000000 ) ) ;
#4865 = FACE_OUTER_BOUND ( 'NONE', #1998, .T. ) ;
#4866 = DIRECTION ( 'NONE',  ( 1.000000000000000000, -0.000000000000000000, 0.000000000000000000 ) ) ;
#4867 = VERTEX_POINT ( 'NONE', #2184 ) ;
#4868 = DIRECTION ( 'NONE',  ( 0.000000000000000000, -1.000000000000000000, 0.000000000000000000 ) ) ;
#4869 = ADVANCED_FACE ( 'NONE', ( #4310 ), #4159, .F. ) ;
#4870 = VECTOR ( 'NONE', #2751, 1000.000000000000000 ) ;
#4871 = EDGE_CURVE ( 'NONE', #6332, #6108, #5610, .T. ) ;
#4872 = VERTEX_POINT ( 'NONE', #4208 ) ;
#4873 = CARTESIAN_POINT ( 'NONE',  ( -0.2999999999999996558, 0.5605551275463992456, 1.199999999999999956 ) ) ;
#4874 = DIRECTION ( 'NONE',  ( 0.000000000000000000, 0.000000000000000000, -1.000000000000000000 ) ) ;
#4875 = LINE ( 'NONE', #1366, #2292 ) ;
#4876 = ORIENTED_EDGE ( 'NONE', *, *, #1958, .T. ) ;
#4877 = DIRECTION ( 'NONE',  ( -0.000000000000000000, 0.000000000000000000, 1.000000000000000000 ) ) ;
#4878 = FACE_OUTER_BOUND ( 'NONE', #5895, .T. ) ;
#4879 = ORIENTED_EDGE ( 'NONE', *, *, #5302, .F. ) ;
#4880 = EDGE_CURVE ( 'NONE', #2221, #2870, #5376, .T. ) ;
#4881 = CARTESIAN_POINT ( 'NONE',  ( 0.1000000000000003664, 0.1999999999999999833, 1.199999999999999956 ) ) ;
#4882 = VERTEX_POINT ( 'NONE', #1770 ) ;
#4883 = ORIENTED_EDGE ( 'NONE', *, *, #2595, .F. ) ;
#4884 = ORIENTED_EDGE ( 'NONE', *, *, #3455, .F. ) ;
#4885 = MECHANICAL_DESIGN_GEOMETRIC_PRESENTATION_REPRESENTATION (  '', ( #1870 ), #3209 ) ;
#4886 = CARTESIAN_POINT ( 'NONE',  ( -1.199999999999999289, 0.000000000000000000, 0.9000000000000000222 ) ) ;
#4887 = ORIENTED_EDGE ( 'NONE', *, *, #2876, .T. ) ;
#4888 = ORIENTED_EDGE ( 'NONE', *, *, #3536, .F. ) ;
#4889 = CARTESIAN_POINT ( 'NONE',  ( 0.3000000000000007661, 0.2000000000000000111, 1.200000000000000622 ) ) ;
#4890 = ORIENTED_EDGE ( 'NONE', *, *, #5552, .F. ) ;
#4891 = DIRECTION ( 'NONE',  ( 0.000000000000000000, 0.000000000000000000, -1.000000000000000000 ) ) ;
#4892 = VERTEX_POINT ( 'NONE', #4232 ) ;
#4893 = EDGE_CURVE ( 'NONE', #930, #2687, #4142, .T. ) ;
#4894 = DIRECTION ( 'NONE',  ( -1.000000000000000000, 0.000000000000000000, -0.000000000000000000 ) ) ;
#4895 = ORIENTED_EDGE ( 'NONE', *, *, #3062, .F. ) ;
#4896 = CARTESIAN_POINT ( 'NONE',  ( 1.199999999999999289, 0.1999999999999999833, -0.09999999999999971412 ) ) ;
#4897 =( GEOMETRIC_REPRESENTATION_CONTEXT ( 3 ) GLOBAL_UNCERTAINTY_ASSIGNED_CONTEXT ( ( #3235 ) ) GLOBAL_UNIT_ASSIGNED_CONTEXT ( ( #4121, #4146, #2149 ) ) REPRESENTATION_CONTEXT ( 'NONE', 'WORKASPACE' ) );
#4898 = LINE ( 'NONE', #3220, #447 ) ;
#4899 = ADVANCED_FACE ( 'NONE', ( #2958 ), #4701, .F. ) ;
#4900 = CARTESIAN_POINT ( 'NONE',  ( -0.8999999999999998002, 0.1999999999999999833, -1.200000000000000178 ) ) ;
#4901 = FACE_OUTER_BOUND ( 'NONE', #3613, .T. ) ;
#4902 = ORIENTED_EDGE ( 'NONE', *, *, #1958, .F. ) ;
#4903 = CARTESIAN_POINT ( 'NONE',  ( 1.199999999999999289, 0.000000000000000000, -0.3000000000000000999 ) ) ;
#4904 =( NAMED_UNIT ( * ) SI_UNIT ( $, .STERADIAN. ) SOLID_ANGLE_UNIT ( ) );
#4905 = PRESENTATION_LAYER_ASSIGNMENT (  '', '', ( #4250 ) ) ;
#4906 = EDGE_LOOP ( 'NONE', ( #3574, #3435, #5071, #3882 ) ) ;
#4907 = VECTOR ( 'NONE', #5674, 1000.000000000000000 ) ;
#4908 = VECTOR ( 'NONE', #6064, 1000.000000000000000 ) ;
#4909 = ORIENTED_EDGE ( 'NONE', *, *, #401, .F. ) ;
#4910 = DIRECTION ( 'NONE',  ( 0.000000000000000000, 1.000000000000000000, 0.000000000000000000 ) ) ;
#4911 = CARTESIAN_POINT ( 'NONE',  ( 1.199999999999999289, 0.1999999999999999833, 0.3000000000000003775 ) ) ;
#4912 = LINE ( 'NONE', #4460, #4051 ) ;
#4913 = CARTESIAN_POINT ( 'NONE',  ( 1.199999999999999289, 0.000000000000000000, -0.4999999999999997780 ) ) ;
#4914 = EDGE_CURVE ( 'NONE', #368, #6417, #329, .T. ) ;
#4915 = ORIENTED_EDGE ( 'NONE', *, *, #626, .F. ) ;
#4916 = EDGE_CURVE ( 'NONE', #374, #3301, #3353, .T. ) ;
#4917 = FACE_OUTER_BOUND ( 'NONE', #751, .T. ) ;
#4918 = LINE ( 'NONE', #951, #4303 ) ;
#4919 = VECTOR ( 'NONE', #2721, 1000.000000000000000 ) ;
#4920 = LINE ( 'NONE', #1880, #469 ) ;
#4921 = ORIENTED_EDGE ( 'NONE', *, *, #6048, .T. ) ;
#4922 = PLANE ( 'NONE',  #2165 ) ;
#4923 = EDGE_CURVE ( 'NONE', #6356, #187, #4375, .T. ) ;
#4924 = PLANE ( 'NONE',  #4655 ) ;
#4925 = ORIENTED_EDGE ( 'NONE', *, *, #6300, .T. ) ;
#4926 = LINE ( 'NONE', #1298, #402 ) ;
#4927 = UNCERTAINTY_MEASURE_WITH_UNIT (LENGTH_MEASURE( 1.000000000000000082E-05 ), #5184, 'distance_accuracy_value', 'NONE');
#4928 = VECTOR ( 'NONE', #5339, 1000.000000000000000 ) ;
#4929 = FACE_OUTER_BOUND ( 'NONE', #6431, .T. ) ;
#4930 = ORIENTED_EDGE ( 'NONE', *, *, #4352, .F. ) ;
#4931 = LINE ( 'NONE', #4903, #2029 ) ;
#4932 = DIRECTION ( 'NONE',  ( -0.000000000000000000, 0.000000000000000000, -1.000000000000000000 ) ) ;
#4933 = CARTESIAN_POINT ( 'NONE',  ( -0.4999999999999997780, 0.2000000000000000111, -1.200000000000000178 ) ) ;
#4934 = LINE ( 'NONE', #1325, #6011 ) ;
#4935 = EDGE_CURVE ( 'NONE', #3476, #4584, #1711, .T. ) ;
#4936 = ADVANCED_FACE ( 'NONE', ( #2173 ), #6243, .F. ) ;
#4937 = VERTEX_POINT ( 'NONE', #4317 ) ;
#4938 = CARTESIAN_POINT ( 'NONE',  ( 0.5000000000000000000, 0.000000000000000000, -1.199999999999999956 ) ) ;
#4939 = CARTESIAN_POINT ( 'NONE',  ( -1.499999999999999112, 0.1999999999999999833, 0.9000000000000000222 ) ) ;
#4940 = LINE ( 'NONE', #3714, #563 ) ;
#4941 = VERTEX_POINT ( 'NONE', #348 ) ;
#4942 = PLANE ( 'NONE',  #2295 ) ;
#4943 = LINE ( 'NONE', #3880, #5011 ) ;
#4944 = AXIS2_PLACEMENT_3D ( 'NONE', #4022, #2869, #3706 ) ;
#4945 = ORIENTED_EDGE ( 'NONE', *, *, #5040, .T. ) ;
#4946 = ORIENTED_EDGE ( 'NONE', *, *, #4751, .F. ) ;
#4947 = EDGE_CURVE ( 'NONE', #42, #5373, #4769, .T. ) ;
#4948 = DIRECTION ( 'NONE',  ( 0.000000000000000000, 0.000000000000000000, 1.000000000000000000 ) ) ;
#4949 = LINE ( 'NONE', #3093, #1304 ) ;
#4951 = DIRECTION ( 'NONE',  ( 0.000000000000000000, 0.000000000000000000, 1.000000000000000000 ) ) ;
#4950 = CARTESIAN_POINT ( 'NONE',  ( -1.499999999999999556, 0.05000000000000000278, -1.499999999999999556 ) ) ;
#4952 = ORIENTED_EDGE ( 'NONE', *, *, #762, .F. ) ;
#4953 = ORIENTED_EDGE ( 'NONE', *, *, #4369, .F. ) ;
#4954 = DIRECTION ( 'NONE',  ( 1.000000000000000000, -0.000000000000000000, 0.000000000000000000 ) ) ;
#4955 = VECTOR ( 'NONE', #897, 1000.000000000000000 ) ;
#4956 = DIRECTION ( 'NONE',  ( -1.000000000000000000, 0.000000000000000000, 1.445602896647339410E-16 ) ) ;
#4957 = ADVANCED_FACE ( 'NONE', ( #1265 ), #325, .F. ) ;
#4958 = CARTESIAN_POINT ( 'NONE',  ( 0.9000000000000003553, 0.000000000000000000, 1.199999999999999956 ) ) ;
#4959 = EDGE_LOOP ( 'NONE', ( #1434, #3752, #3060, #2705, #3151, #446, #831, #1523, #2693, #2758, #5798, #3475, #233, #1676, #1997, #43, #2143, #4188, #2278, #1087, #1987, #3655, #4335, #1767 ) ) ;
#4960 = ORIENTED_EDGE ( 'NONE', *, *, #5004, .F. ) ;
#4961 = ORIENTED_EDGE ( 'NONE', *, *, #846, .F. ) ;
#4962 = ORIENTED_EDGE ( 'NONE', *, *, #4071, .T. ) ;
#4963 = EDGE_CURVE ( 'NONE', #6360, #6015, #3833, .T. ) ;
#4964 = ORIENTED_EDGE ( 'NONE', *, *, #503, .F. ) ;
#4965 = VERTEX_POINT ( 'NONE', #5769 ) ;
#4966 = FILL_AREA_STYLE ('',( #2472 ) ) ;
#4967 =( NAMED_UNIT ( * ) PLANE_ANGLE_UNIT ( ) SI_UNIT ( $, .RADIAN. ) );
#4968 = FACE_OUTER_BOUND ( 'NONE', #2801, .T. ) ;
#4969 = EDGE_LOOP ( 'NONE', ( #875, #3817, #2132, #6244 ) ) ;
#4970 = DIRECTION ( 'NONE',  ( 1.000000000000000000, 0.000000000000000000, 0.000000000000000000 ) ) ;
#4971 = DIRECTION ( 'NONE',  ( 0.000000000000000000, -0.000000000000000000, -1.000000000000000000 ) ) ;
#4972 = EDGE_CURVE ( 'NONE', #840, #2993, #2407, .T. ) ;
#4973 = VERTEX_POINT ( 'NONE', #2784 ) ;
#4974 = PLANE ( 'NONE',  #3604 ) ;
#4975 = LINE ( 'NONE', #1474, #4583 ) ;
#4976 = EDGE_LOOP ( 'NONE', ( #2232, #1502, #5728, #6142 ) ) ;
#4977 = PLANE ( 'NONE',  #1765 ) ;
#4978 = PLANE ( 'NONE',  #5624 ) ;
#4979 = CARTESIAN_POINT ( 'NONE',  ( -0.8999999999999993561, 0.5605551275463992456, 1.200000000000000622 ) ) ;
#4980 = DIRECTION ( 'NONE',  ( 0.000000000000000000, -1.000000000000000000, 0.000000000000000000 ) ) ;
#4981 = LINE ( 'NONE', #3847, #857 ) ;
#4982 = VECTOR ( 'NONE', #3027, 1000.000000000000000 ) ;
#4983 = VERTEX_POINT ( 'NONE', #3812 ) ;
#4984 = FACE_OUTER_BOUND ( 'NONE', #3472, .T. ) ;
#4985 = FACE_OUTER_BOUND ( 'NONE', #6040, .T. ) ;
#4986 = DIRECTION ( 'NONE',  ( 1.084202172485506406E-15, 0.000000000000000000, -1.000000000000000000 ) ) ;
#4987 = DIRECTION ( 'NONE',  ( 0.000000000000000000, -1.000000000000000000, 0.000000000000000000 ) ) ;
#4988 = DIRECTION ( 'NONE',  ( 0.000000000000000000, -1.000000000000000000, 0.000000000000000000 ) ) ;
#4989 = VECTOR ( 'NONE', #5958, 1000.000000000000000 ) ;
#4990 = ORIENTED_EDGE ( 'NONE', *, *, #5521, .F. ) ;
#4991 = ADVANCED_FACE ( 'NONE', ( #3183 ), #3793, .F. ) ;
#4992 = DIRECTION ( 'NONE',  ( 1.000000000000000000, -0.000000000000000000, 0.000000000000000000 ) ) ;
#4993 = VECTOR ( 'NONE', #5170, 1000.000000000000000 ) ;
#4994 = CARTESIAN_POINT ( 'NONE',  ( 0.000000000000000000, 0.2000000000000000111, 0.000000000000000000 ) ) ;
#4995 = CARTESIAN_POINT ( 'NONE',  ( 1.600000000000000089, 0.000000000000000000, 0.000000000000000000 ) ) ;
#4996 = LINE ( 'NONE', #5875, #6065 ) ;
#4997 = ORIENTED_EDGE ( 'NONE', *, *, #5250, .T. ) ;
#4998 = DIRECTION ( 'NONE',  ( -1.000000000000000000, 0.000000000000000000, -0.000000000000000000 ) ) ;
#4999 = CARTESIAN_POINT ( 'NONE',  ( 1.500000000000000444, 0.1999999999999996503, 0.3000000000000003775 ) ) ;
#5000 = CARTESIAN_POINT ( 'NONE',  ( -1.499999999999999112, 0.5605551275463986904, 0.9000000000000000222 ) ) ;
#5001 = CARTESIAN_POINT ( 'NONE',  ( -0.09999999999999971412, 0.05000000000000000278, 0.000000000000000000 ) ) ;
#5002 = DIRECTION ( 'NONE',  ( -0.000000000000000000, 0.000000000000000000, 1.000000000000000000 ) ) ;
#5003 = ORIENTED_EDGE ( 'NONE', *, *, #6249, .F. ) ;
#5004 = EDGE_CURVE ( 'NONE', #3034, #3065, #3430, .T. ) ;
#5005 = AXIS2_PLACEMENT_3D ( 'NONE', #5795, #5767, #3834 ) ;
#5006 = VECTOR ( 'NONE', #4651, 1000.000000000000000 ) ;
#5007 = ORIENTED_EDGE ( 'NONE', *, *, #876, .T. ) ;
#5008 = DIRECTION ( 'NONE',  ( -1.000000000000000000, 0.000000000000000000, 0.000000000000000000 ) ) ;
#5009 = CARTESIAN_POINT ( 'NONE',  ( -1.499999999999998668, 6.042640687119284593, 1.499999999999999556 ) ) ;
#5010 = EDGE_CURVE ( 'NONE', #1608, #4182, #1789, .T. ) ;
#5011 = VECTOR ( 'NONE', #2436, 1000.000000000000000 ) ;
#5012 = ORIENTED_EDGE ( 'NONE', *, *, #56, .T. ) ;
#5013 = CARTESIAN_POINT ( 'NONE',  ( 1.499999999999999112, 0.04999999999999969746, -0.4999999999999997780 ) ) ;
#5014 = DIRECTION ( 'NONE',  ( 1.000000000000000000, -0.000000000000000000, 0.000000000000000000 ) ) ;
#5015 = DIRECTION ( 'NONE',  ( -1.000000000000000000, 0.000000000000000000, 0.000000000000000000 ) ) ;
#5016 = LINE ( 'NONE', #5905, #891 ) ;
#5017 = ORIENTED_EDGE ( 'NONE', *, *, #3463, .F. ) ;
#5018 = CARTESIAN_POINT ( 'NONE',  ( -0.09999999999999928391, 0.2000000000000000111, 1.200000000000000622 ) ) ;
#5019 = ADVANCED_FACE ( 'NONE', ( #1173 ), #2739, .F. ) ;
#5020 = AXIS2_PLACEMENT_3D ( 'NONE', #3207, #223, #1237 ) ;
#5021 = LINE ( 'NONE', #893, #5090 ) ;
#5022 = VERTEX_POINT ( 'NONE', #4749 ) ;
#5023 = CARTESIAN_POINT ( 'NONE',  ( 3.903127820947825429E-15, 0.05000000000000000278, 1.200000000000000400 ) ) ;
#5024 = EDGE_CURVE ( 'NONE', #514, #3446, #1090, .T. ) ;
#5025 = DIRECTION ( 'NONE',  ( 1.000000000000000000, -0.000000000000000000, 1.084202172485506406E-15 ) ) ;
#5026 = EDGE_LOOP ( 'NONE', ( #5222, #78, #516, #3160 ) ) ;
#5027 = EDGE_CURVE ( 'NONE', #3015, #2138, #2816, .T. ) ;
#5028 = ORIENTED_EDGE ( 'NONE', *, *, #6155, .T. ) ;
#5029 = VERTEX_POINT ( 'NONE', #923 ) ;
#5030 = PLANE ( 'NONE',  #5535 ) ;
#5031 = CARTESIAN_POINT ( 'NONE',  ( -0.3000000000000000999, 0.5605551275463992456, -1.500000000000000000 ) ) ;
#5032 = ORIENTED_EDGE ( 'NONE', *, *, #441, .T. ) ;
#5033 = ORIENTED_EDGE ( 'NONE', *, *, #1996, .F. ) ;
#5034 = ORIENTED_EDGE ( 'NONE', *, *, #1376, .T. ) ;
#5035 = ORIENTED_EDGE ( 'NONE', *, *, #2510, .F. ) ;
#5036 = EDGE_LOOP ( 'NONE', ( #583, #1603, #5829, #760 ) ) ;
#5037 = AXIS2_PLACEMENT_3D ( 'NONE', #4201, #703, #4269 ) ;
#5038 = CARTESIAN_POINT ( 'NONE',  ( 0.9000000000000003553, 0.2000000000000000111, 1.500000000000000000 ) ) ;
#5039 = ORIENTED_EDGE ( 'NONE', *, *, #1291, .F. ) ;
#5040 = EDGE_CURVE ( 'NONE', #2283, #664, #466, .T. ) ;
#5041 = VECTOR ( 'NONE', #5928, 1000.000000000000000 ) ;
#5042 = CARTESIAN_POINT ( 'NONE',  ( -1.199999999999999289, 0.1999999999999999833, 0.3000000000000003775 ) ) ;
#5043 = EDGE_LOOP ( 'NONE', ( #6256, #888, #5948, #4565 ) ) ;
#5044 = AXIS2_PLACEMENT_3D ( 'NONE', #4430, #5464, #4932 ) ;
#5045 = CARTESIAN_POINT ( 'NONE',  ( -0.7000000000000000666, 0.05000000000000000278, 0.000000000000000000 ) ) ;
#5046 = CARTESIAN_POINT ( 'NONE',  ( 1.199999999999999289, 0.5605551275463986904, -0.4999999999999997780 ) ) ;
#5047 = ADVANCED_FACE ( 'NONE', ( #615 ), #1435, .T. ) ;
#5048 = VERTEX_POINT ( 'NONE', #5891 ) ;
#5049 = LINE ( 'NONE', #1516, #221 ) ;
#5050 =( LENGTH_UNIT ( ) NAMED_UNIT ( * ) SI_UNIT ( .MILLI., .METRE. ) );
#5051 = VECTOR ( 'NONE', #1961, 1000.000000000000000 ) ;
#5052 = VERTEX_POINT ( 'NONE', #4394 ) ;
#5053 = EDGE_CURVE ( 'NONE', #3319, #3931, #861, .T. ) ;
#5054 = VECTOR ( 'NONE', #6209, 1000.000000000000000 ) ;
#5055 = AXIS2_PLACEMENT_3D ( 'NONE', #4097, #4992, #5617 ) ;
#5056 = LINE ( 'NONE', #5812, #4589 ) ;
#5057 = PLANE ( 'NONE',  #4361 ) ;
#5058 = VECTOR ( 'NONE', #2899, 1000.000000000000000 ) ;
#5059 = CARTESIAN_POINT ( 'NONE',  ( -0.09999999999999928391, 0.2000000000000000111, 1.500000000000000444 ) ) ;
#5060 = ORIENTED_EDGE ( 'NONE', *, *, #3023, .T. ) ;
#5061 = DIRECTION ( 'NONE',  ( 0.000000000000000000, 0.000000000000000000, 1.000000000000000000 ) ) ;
#5062 = LINE ( 'NONE', #4397, #2330 ) ;
#5063 = FACE_OUTER_BOUND ( 'NONE', #5216, .T. ) ;
#5064 = VECTOR ( 'NONE', #4033, 1000.000000000000000 ) ;
#5065 = VERTEX_POINT ( 'NONE', #1357 ) ;
#5066 = EDGE_CURVE ( 'NONE', #4892, #3596, #154, .T. ) ;
#5067 = CARTESIAN_POINT ( 'NONE',  ( -0.4999999999999993339, 0.5605551275463992456, 1.200000000000000622 ) ) ;
#5068 = PLANE ( 'NONE',  #3025 ) ;
#5069 = DIRECTION ( 'NONE',  ( 0.000000000000000000, -1.000000000000000000, 0.000000000000000000 ) ) ;
#5070 = VECTOR ( 'NONE', #6306, 1000.000000000000000 ) ;
#5071 = ORIENTED_EDGE ( 'NONE', *, *, #3724, .T. ) ;
#5072 = CARTESIAN_POINT ( 'NONE',  ( -1.499999999999998668, 6.042640687119284593, 1.499999999999999556 ) ) ;
#5073 = VECTOR ( 'NONE', #2615, 1000.000000000000000 ) ;
#5074 = VECTOR ( 'NONE', #5494, 1000.000000000000000 ) ;
#5075 = ORIENTED_EDGE ( 'NONE', *, *, #1688, .T. ) ;
#5076 = DIRECTION ( 'NONE',  ( 0.000000000000000000, -1.000000000000000000, 0.000000000000000000 ) ) ;
#5077 = DIRECTION ( 'NONE',  ( -1.000000000000000000, 0.000000000000000000, -2.282530889443167022E-16 ) ) ;
#5078 = CARTESIAN_POINT ( 'NONE',  ( 0.9000000000000000222, 0.5605551275463992456, -1.199999999999999956 ) ) ;
#5079 = ADVANCED_FACE ( 'NONE', ( #3279 ), #4831, .T. ) ;
#5080 = VECTOR ( 'NONE', #5557, 1000.000000000000000 ) ;
#5081 = EDGE_CURVE ( 'NONE', #3965, #6227, #1944, .T. ) ;
#5082 = ORIENTED_EDGE ( 'NONE', *, *, #1278, .F. ) ;
#5083 = STYLED_ITEM ( 'NONE', ( #2741 ), #2813 ) ;
#5084 = LINE ( 'NONE', #5530, #3784 ) ;
#5085 = CARTESIAN_POINT ( 'NONE',  ( 0.000000000000000000, 0.000000000000000000, 1.200000000000000178 ) ) ;
#5086 = VERTEX_POINT ( 'NONE', #2921 ) ;
#5087 = CARTESIAN_POINT ( 'NONE',  ( -1.199999999999999289, 0.1999999999999999833, 0.3000000000000003775 ) ) ;
#5088 = PLANE ( 'NONE',  #352 ) ;
#5089 = EDGE_CURVE ( 'NONE', #4647, #3318, #2951, .T. ) ;
#5090 = VECTOR ( 'NONE', #2349, 1000.000000000000000 ) ;
#5091 =( NAMED_UNIT ( * ) SI_UNIT ( $, .STERADIAN. ) SOLID_ANGLE_UNIT ( ) );
#5092 = AXIS2_PLACEMENT_3D ( 'NONE', #5354, #2894, #3348 ) ;
#5093 = CARTESIAN_POINT ( 'NONE',  ( 0.7000000000000002887, 0.1999999999999999833, -1.500000000000000000 ) ) ;
#5094 = EDGE_LOOP ( 'NONE', ( #3241, #409, #5203, #4440, #4417, #1784, #3006, #2023, #7, #4221, #3154, #5292, #1228, #4344, #3787, #5822, #4945, #1119, #4953, #2528, #6323, #3255, #6012, #1179 ) ) ;
#5095 = CARTESIAN_POINT ( 'NONE',  ( -0.2999999999999996558, 0.1999999999999999833, 1.199999999999999956 ) ) ;
#5096 = FACE_OUTER_BOUND ( 'NONE', #4032, .T. ) ;
#5097 = PLANE ( 'NONE',  #134 ) ;
#5098 = CARTESIAN_POINT ( 'NONE',  ( -0.09999999999999928391, 0.2000000000000000111, 1.500000000000000444 ) ) ;
#5099 = VERTEX_POINT ( 'NONE', #1923 ) ;
#5100 = PLANE ( 'NONE',  #2931 ) ;
#5101 = CARTESIAN_POINT ( 'NONE',  ( -0.4999999999999993339, 0.04999999999999999584, 1.200000000000000622 ) ) ;
#5102 = CARTESIAN_POINT ( 'NONE',  ( 0.7000000000000002887, 0.1999999999999999833, -1.200000000000000178 ) ) ;
#5103 = VERTEX_POINT ( 'NONE', #4855 ) ;
#5104 = ORIENTED_EDGE ( 'NONE', *, *, #6218, .F. ) ;
#5105 = CARTESIAN_POINT ( 'NONE',  ( 0.000000000000000000, 0.000000000000000000, 0.000000000000000000 ) ) ;
#5106 = ORIENTED_EDGE ( 'NONE', *, *, #4516, .T. ) ;
#5107 = ORIENTED_EDGE ( 'NONE', *, *, #3846, .T. ) ;
#5108 = ORIENTED_EDGE ( 'NONE', *, *, #3340, .F. ) ;
#5109 = CARTESIAN_POINT ( 'NONE',  ( 0.3000000000000003775, 0.5605551275463992456, -1.200000000000000178 ) ) ;
#5110 = DIRECTION ( 'NONE',  ( 0.000000000000000000, 1.000000000000000000, 0.000000000000000000 ) ) ;
#5111 = UNCERTAINTY_MEASURE_WITH_UNIT (LENGTH_MEASURE( 1.000000000000000082E-05 ), #2747, 'distance_accuracy_value', 'NONE');
#5112 = ORIENTED_EDGE ( 'NONE', *, *, #4210, .F. ) ;
#5113 = CARTESIAN_POINT ( 'NONE',  ( -1.199999999999999289, 0.000000000000000000, -0.7000000000000000666 ) ) ;
#5114 = DIRECTION ( 'NONE',  ( 0.000000000000000000, 0.000000000000000000, 1.000000000000000000 ) ) ;
#5115 = EDGE_CURVE ( 'NONE', #1680, #39, #5449, .T. ) ;
#5116 = VERTEX_POINT ( 'NONE', #2850 ) ;
#5117 = PLANE ( 'NONE',  #1500 ) ;
#5118 = ORIENTED_EDGE ( 'NONE', *, *, #6159, .F. ) ;
#5119 = SURFACE_STYLE_FILL_AREA ( #3708 ) ;
#5120 = CARTESIAN_POINT ( 'NONE',  ( -1.499999999999999112, 0.000000000000000000, -0.7000000000000000666 ) ) ;
#5121 = EDGE_CURVE ( 'NONE', #2038, #3958, #3664, .T. ) ;
#5122 = ADVANCED_FACE ( 'NONE', ( #3754 ), #2415, .F. ) ;
#5123 = VECTOR ( 'NONE', #274, 1000.000000000000000 ) ;
#5124 = CARTESIAN_POINT ( 'NONE',  ( -0.2999999999999996558, 0.2000000000000000111, 1.199999999999999956 ) ) ;
#5125 = VERTEX_POINT ( 'NONE', #3339 ) ;
#5126 = DIRECTION ( 'NONE',  ( 0.000000000000000000, 0.000000000000000000, -1.000000000000000000 ) ) ;
#5127 = STYLED_ITEM ( 'NONE', ( #4145 ), #2198 ) ;
#5128 = CARTESIAN_POINT ( 'NONE',  ( 0.3000000000000003775, 0.05000000000000000278, 0.000000000000000000 ) ) ;
#5129 = ORIENTED_EDGE ( 'NONE', *, *, #2041, .T. ) ;
#5130 = LINE ( 'NONE', #2248, #2468 ) ;
#5131 = SURFACE_STYLE_USAGE ( .BOTH. , #5634 ) ;
#5132 = ORIENTED_EDGE ( 'NONE', *, *, #3206, .T. ) ;
#5133 = EDGE_CURVE ( 'NONE', #4584, #3301, #2641, .T. ) ;
#5134 = FACE_OUTER_BOUND ( 'NONE', #1552, .T. ) ;
#5135 = CARTESIAN_POINT ( 'NONE',  ( 0.000000000000000000, 0.05000000000000000278, -0.4999999999999997780 ) ) ;
#5136 = CARTESIAN_POINT ( 'NONE',  ( 1.499999999999999112, 0.1999999999999999833, -0.7000000000000000666 ) ) ;
#5137 = LINE ( 'NONE', #1466, #5848 ) ;
#5138 = ORIENTED_EDGE ( 'NONE', *, *, #299, .T. ) ;
#5139 = DIRECTION ( 'NONE',  ( 0.000000000000000000, -0.000000000000000000, 1.000000000000000000 ) ) ;
#5140 = CARTESIAN_POINT ( 'NONE',  ( 1.499999999999999112, 0.04999999999999969746, -0.3000000000000000999 ) ) ;
#5141 = FACE_OUTER_BOUND ( 'NONE', #2849, .T. ) ;
#5142 = CARTESIAN_POINT ( 'NONE',  ( -1.199999999999999289, 0.5605551275463986904, 0.7000000000000002887 ) ) ;
#5143 = VECTOR ( 'NONE', #3772, 1000.000000000000000 ) ;
#5144 = VECTOR ( 'NONE', #1943, 1000.000000000000000 ) ;
#5145 = ORIENTED_EDGE ( 'NONE', *, *, #5726, .F. ) ;
#5146 = LINE ( 'NONE', #3178, #2823 ) ;
#5147 = CARTESIAN_POINT ( 'NONE',  ( 1.199999999999999289, 0.5605551275463986904, -0.8999999999999998002 ) ) ;
#5148 = PLANE ( 'NONE',  #6295 ) ;
#5149 = VECTOR ( 'NONE', #5425, 1000.000000000000000 ) ;
#5150 = DIRECTION ( 'NONE',  ( 1.000000000000000000, 0.000000000000000000, 0.000000000000000000 ) ) ;
#5151 = ADVANCED_FACE ( 'NONE', ( #2086 ), #3382, .T. ) ;
#5152 = LINE ( 'NONE', #4958, #326 ) ;
#5153 = PLANE ( 'NONE',  #6308 ) ;
#5154 = ORIENTED_EDGE ( 'NONE', *, *, #8, .F. ) ;
#5155 = CARTESIAN_POINT ( 'NONE',  ( -1.199999999999999289, 0.1999999999999999833, 0.09999999999999993616 ) ) ;
#5156 = EDGE_CURVE ( 'NONE', #2619, #2814, #6239, .T. ) ;
#5157 = VECTOR ( 'NONE', #4828, 1000.000000000000000 ) ;
#5158 = VERTEX_POINT ( 'NONE', #4950 ) ;
#5159 = EDGE_CURVE ( 'NONE', #1020, #5230, #6390, .T. ) ;
#5160 = ADVANCED_FACE ( 'NONE', ( #4917 ), #281, .F. ) ;
#5161 = CARTESIAN_POINT ( 'NONE',  ( 0.5000000000000000000, 0.1999999999999999833, -1.199999999999999956 ) ) ;
#5162 = CARTESIAN_POINT ( 'NONE',  ( -0.8999999999999993561, 0.04999999999999999584, 1.200000000000000622 ) ) ;
#5163 = PLANE ( 'NONE',  #3549 ) ;
#5164 = CARTESIAN_POINT ( 'NONE',  ( 1.199999999999999289, 0.1999999999999999833, -0.8999999999999998002 ) ) ;
#5165 = ORIENTED_EDGE ( 'NONE', *, *, #2031, .T. ) ;
#5166 = CARTESIAN_POINT ( 'NONE',  ( 1.499999999999999112, 0.000000000000000000, 0.09999999999999993616 ) ) ;
#5167 = FACE_OUTER_BOUND ( 'NONE', #338, .T. ) ;
#5168 = ORIENTED_EDGE ( 'NONE', *, *, #23, .F. ) ;
#5169 = CARTESIAN_POINT ( 'NONE',  ( 1.199999999999999289, 0.1999999999999999833, -0.3000000000000000999 ) ) ;
#5170 = DIRECTION ( 'NONE',  ( -0.000000000000000000, -1.000000000000000000, -0.000000000000000000 ) ) ;
#5171 = CARTESIAN_POINT ( 'NONE',  ( 0.09999999999999993616, 0.1999999999999999833, -1.199999999999999956 ) ) ;
#5172 = EDGE_CURVE ( 'NONE', #3125, #6216, #3345, .T. ) ;
#5173 = LINE ( 'NONE', #1282, #3043 ) ;
#5174 =( NAMED_UNIT ( * ) SI_UNIT ( $, .STERADIAN. ) SOLID_ANGLE_UNIT ( ) );
#5175 = VERTEX_POINT ( 'NONE', #3091 ) ;
#5176 = PRESENTATION_LAYER_ASSIGNMENT (  '', '', ( #3972 ) ) ;
#5177 = DIRECTION ( 'NONE',  ( 0.000000000000000000, -0.000000000000000000, 1.000000000000000000 ) ) ;
#5178 = VECTOR ( 'NONE', #2701, 1000.000000000000000 ) ;
#5179 = EDGE_CURVE ( 'NONE', #1558, #5776, #2263, .T. ) ;
#5180 = CLOSED_SHELL ( 'NONE', ( #220, #3140, #3862, #2343, #3522, #1725 ) ) ;
#5181 = ADVANCED_FACE ( 'NONE', ( #4447 ), #3597, .F. ) ;
#5182 = CARTESIAN_POINT ( 'NONE',  ( -0.4999999999999997780, 0.04999999999999999584, -1.200000000000000178 ) ) ;
#5183 = DIRECTION ( 'NONE',  ( -0.000000000000000000, 0.000000000000000000, 1.000000000000000000 ) ) ;
#5184 =( LENGTH_UNIT ( ) NAMED_UNIT ( * ) SI_UNIT ( .MILLI., .METRE. ) );
#5185 = AXIS2_PLACEMENT_3D ( 'NONE', #3625, #686, #201 ) ;
#5186 = CARTESIAN_POINT ( 'NONE',  ( 1.199999999999999289, 0.5605551275463986904, 0.5000000000000000000 ) ) ;
#5187 = ORIENTED_EDGE ( 'NONE', *, *, #421, .T. ) ;
#5188 = CARTESIAN_POINT ( 'NONE',  ( 1.500000000000000444, 0.05000000000000000278, -1.500000000000000000 ) ) ;
#5189 = EDGE_LOOP ( 'NONE', ( #2156, #1457, #1762, #3406 ) ) ;
#5190 = ADVANCED_FACE ( 'NONE', ( #786 ), #4974, .T. ) ;
#5191 = ORIENTED_EDGE ( 'NONE', *, *, #6155, .F. ) ;
#5192 = VERTEX_POINT ( 'NONE', #6391 ) ;
#5193 = PLANE ( 'NONE',  #19 ) ;
#5194 = CARTESIAN_POINT ( 'NONE',  ( -1.199999999999999289, 0.1999999999999999833, 0.09999999999999993616 ) ) ;
#5195 = VERTEX_POINT ( 'NONE', #3945 ) ;
#5196 = CARTESIAN_POINT ( 'NONE',  ( 1.199999999999999289, 0.5605551275463986904, -0.3000000000000000999 ) ) ;
#5197 =( NAMED_UNIT ( * ) SI_UNIT ( $, .STERADIAN. ) SOLID_ANGLE_UNIT ( ) );
#5198 = DIRECTION ( 'NONE',  ( 1.000000000000000000, -0.000000000000000000, 0.000000000000000000 ) ) ;
#5199 = ORIENTED_EDGE ( 'NONE', *, *, #1686, .T. ) ;
#5200 = EDGE_CURVE ( 'NONE', #3901, #1020, #6070, .T. ) ;
#5201 = ORIENTED_EDGE ( 'NONE', *, *, #4499, .F. ) ;
#5202 = EDGE_LOOP ( 'NONE', ( #1963, #4574, #5138, #3205 ) ) ;
#5203 = ORIENTED_EDGE ( 'NONE', *, *, #736, .F. ) ;
#5204 = ORIENTED_EDGE ( 'NONE', *, *, #1088, .F. ) ;
#5205 = DIRECTION ( 'NONE',  ( 1.000000000000000000, -0.000000000000000000, 0.000000000000000000 ) ) ;
#5206 = CARTESIAN_POINT ( 'NONE',  ( 3.903127820947815962E-15, 0.05000000000000000278, 1.199999999999997513 ) ) ;
#5207 = ORIENTED_EDGE ( 'NONE', *, *, #1153, .F. ) ;
#5208 = AXIS2_PLACEMENT_3D ( 'NONE', #4645, #3075, #1615 ) ;
#5209 = VECTOR ( 'NONE', #1521, 1000.000000000000000 ) ;
#5210 = DIRECTION ( 'NONE',  ( 0.000000000000000000, 0.000000000000000000, -1.000000000000000000 ) ) ;
#5211 = DIRECTION ( 'NONE',  ( 0.000000000000000000, 0.000000000000000000, -1.000000000000000000 ) ) ;
#5212 = VECTOR ( 'NONE', #133, 1000.000000000000000 ) ;
#5213 = ORIENTED_EDGE ( 'NONE', *, *, #5544, .T. ) ;
#5214 = DIRECTION ( 'NONE',  ( -1.000000000000000000, 0.000000000000000000, -1.084202172485506406E-15 ) ) ;
#5215 = EDGE_CURVE ( 'NONE', #3400, #537, #701, .T. ) ;
#5216 = EDGE_LOOP ( 'NONE', ( #6432, #294, #6079, #5323 ) ) ;
#5217 = VECTOR ( 'NONE', #3963, 1000.000000000000000 ) ;
#5218 = CARTESIAN_POINT ( 'NONE',  ( -1.199999999999999289, 0.1999999999999999833, 0.09999999999999993616 ) ) ;
#5219 = DIRECTION ( 'NONE',  ( -1.000000000000000000, 0.000000000000000000, -1.445602896647339656E-16 ) ) ;
#5220 = COLOUR_RGB ( '',0.7921568627450980005, 0.8196078431372548767, 0.9333333333333333481 ) ;
#5221 = CARTESIAN_POINT ( 'NONE',  ( -1.199999999999999289, 0.000000000000000000, 0.7000000000000002887 ) ) ;
#5222 = ORIENTED_EDGE ( 'NONE', *, *, #5156, .F. ) ;
#5223 =( GEOMETRIC_REPRESENTATION_CONTEXT ( 3 ) GLOBAL_UNCERTAINTY_ASSIGNED_CONTEXT ( ( #5548 ) ) GLOBAL_UNIT_ASSIGNED_CONTEXT ( ( #4160, #4654, #5197 ) ) REPRESENTATION_CONTEXT ( 'NONE', 'WORKASPACE' ) );
#5224 = CARTESIAN_POINT ( 'NONE',  ( 0.5000000000000000000, 0.05000000000000000278, 0.000000000000000000 ) ) ;
#5225 = ADVANCED_FACE ( 'NONE', ( #2556 ), #1903, .T. ) ;
#5226 = DIRECTION ( 'NONE',  ( 0.000000000000000000, -1.000000000000000000, 0.000000000000000000 ) ) ;
#5227 = FACE_OUTER_BOUND ( 'NONE', #5493, .T. ) ;
#5228 = VECTOR ( 'NONE', #6219, 1000.000000000000000 ) ;
#5229 = VECTOR ( 'NONE', #327, 1000.000000000000000 ) ;
#5230 = VERTEX_POINT ( 'NONE', #4896 ) ;
#5231 = EDGE_CURVE ( 'NONE', #3476, #4973, #1633, .T. ) ;
#5232 = ADVANCED_FACE ( 'NONE', ( #5141 ), #4000, .F. ) ;
#5233 = DIRECTION ( 'NONE',  ( -0.000000000000000000, 0.000000000000000000, -1.000000000000000000 ) ) ;
#5234 = COLOUR_RGB ( '',0.7921568627450980005, 0.8196078431372548767, 0.9333333333333333481 ) ;
#5235 = FACE_OUTER_BOUND ( 'NONE', #4014, .T. ) ;
#5236 = FACE_OUTER_BOUND ( 'NONE', #5503, .T. ) ;
#5237 = FACE_OUTER_BOUND ( 'NONE', #3237, .T. ) ;
#5238 = DIRECTION ( 'NONE',  ( 0.000000000000000000, 0.000000000000000000, 1.000000000000000000 ) ) ;
#5239 = VERTEX_POINT ( 'NONE', #3469 ) ;
#5240 = CARTESIAN_POINT ( 'NONE',  ( -0.4999999999999997780, 0.1999999999999999833, -1.500000000000000000 ) ) ;
#5241 = CARTESIAN_POINT ( 'NONE',  ( -0.7000000000000000666, 0.2000000000000000111, -1.199999999999999956 ) ) ;
#5242 = DIRECTION ( 'NONE',  ( -0.000000000000000000, -0.000000000000000000, 1.000000000000000000 ) ) ;
#5243 = LINE ( 'NONE', #5615, #6081 ) ;
#5244 = ORIENTED_EDGE ( 'NONE', *, *, #3485, .F. ) ;
#5245 = DIRECTION ( 'NONE',  ( 0.000000000000000000, 0.000000000000000000, -1.000000000000000000 ) ) ;
#5246 = DIRECTION ( 'NONE',  ( -1.000000000000000000, 0.000000000000000000, 0.000000000000000000 ) ) ;
#5247 = LINE ( 'NONE', #2640, #3774 ) ;
#5248 = VECTOR ( 'NONE', #5077, 1000.000000000000000 ) ;
#5249 = ORIENTED_EDGE ( 'NONE', *, *, #1485, .F. ) ;
#5250 = EDGE_CURVE ( 'NONE', #115, #6115, #5062, .T. ) ;
#5251 = FACE_OUTER_BOUND ( 'NONE', #4969, .T. ) ;
#5252 = EDGE_CURVE ( 'NONE', #1362, #6030, #6153, .T. ) ;
#5253 = VERTEX_POINT ( 'NONE', #4438 ) ;
#5254 = ADVANCED_FACE ( 'NONE', ( #4984 ), #486, .T. ) ;
#5255 = DIRECTION ( 'NONE',  ( 0.000000000000000000, -1.000000000000000000, 0.000000000000000000 ) ) ;
#5256 = CARTESIAN_POINT ( 'NONE',  ( -0.7000000000000000666, 0.1999999999999999833, -1.199999999999999956 ) ) ;
#5257 = VECTOR ( 'NONE', #1384, 1000.000000000000000 ) ;
#5258 = EDGE_CURVE ( 'NONE', #3958, #5973, #4761, .T. ) ;
#5259 = PLANE ( 'NONE',  #408 ) ;
#5260 = CARTESIAN_POINT ( 'NONE',  ( 0.9000000000000003553, 0.04999999999999969746, 1.500000000000000000 ) ) ;
#5261 = VERTEX_POINT ( 'NONE', #3928 ) ;
#5262 = ADVANCED_FACE ( 'NONE', ( #4060 ), #969, .F. ) ;
#5263 = CARTESIAN_POINT ( 'NONE',  ( 1.499999999999999112, 0.1999999999999999833, -0.3000000000000000999 ) ) ;
#5264 = VECTOR ( 'NONE', #3912, 1000.000000000000000 ) ;
#5265 = CARTESIAN_POINT ( 'NONE',  ( 0.7000000000000007327, 0.5605551275463992456, 1.200000000000000622 ) ) ;
#5266 = ORIENTED_EDGE ( 'NONE', *, *, #1028, .T. ) ;
#5267 = DIRECTION ( 'NONE',  ( -1.000000000000000000, 0.000000000000000000, 0.000000000000000000 ) ) ;
#5268 = EDGE_CURVE ( 'NONE', #5973, #2221, #4912, .T. ) ;
#5269 = FACE_OUTER_BOUND ( 'NONE', #2681, .T. ) ;
#5270 = PRESENTATION_LAYER_ASSIGNMENT (  '', '', ( #1274 ) ) ;
#5271 = ORIENTED_EDGE ( 'NONE', *, *, #2489, .T. ) ;
#5272 = FILL_AREA_STYLE ('',( #3818 ) ) ;
#5273 = ORIENTED_EDGE ( 'NONE', *, *, #920, .T. ) ;
#5274 = DIRECTION ( 'NONE',  ( 1.000000000000000000, -0.000000000000000000, 0.000000000000000000 ) ) ;
#5275 = VECTOR ( 'NONE', #5338, 1000.000000000000000 ) ;
#5276 = DIRECTION ( 'NONE',  ( 0.000000000000000000, 0.000000000000000000, 1.000000000000000000 ) ) ;
#5277 = CARTESIAN_POINT ( 'NONE',  ( -0.3000000000000000999, 0.2000000000000000111, -1.199999999999999956 ) ) ;
#5278 = CARTESIAN_POINT ( 'NONE',  ( -0.09999999999999928391, 0.5605551275463992456, 1.200000000000000622 ) ) ;
#5279 = VERTEX_POINT ( 'NONE', #950 ) ;
#5280 = DIRECTION ( 'NONE',  ( 0.000000000000000000, -0.000000000000000000, 1.000000000000000000 ) ) ;
#5281 = ORIENTED_EDGE ( 'NONE', *, *, #5268, .T. ) ;
#5282 = VERTEX_POINT ( 'NONE', #5432 ) ;
#5283 = ORIENTED_EDGE ( 'NONE', *, *, #375, .T. ) ;
#5284 = DIRECTION ( 'NONE',  ( 0.000000000000000000, -1.000000000000000000, 0.000000000000000000 ) ) ;
#5285 = ORIENTED_EDGE ( 'NONE', *, *, #3385, .T. ) ;
#5286 = CARTESIAN_POINT ( 'NONE',  ( -0.4999999999999997780, 0.5605551275463992456, -1.500000000000000000 ) ) ;
#5287 = DIRECTION ( 'NONE',  ( 1.000000000000000000, -0.000000000000000000, 0.000000000000000000 ) ) ;
#5288 = VERTEX_POINT ( 'NONE', #1496 ) ;
#5289 = EDGE_CURVE ( 'NONE', #3065, #4278, #2728, .T. ) ;
#5291 = ORIENTED_EDGE ( 'NONE', *, *, #5931, .F. ) ;
#5290 = MECHANICAL_DESIGN_GEOMETRIC_PRESENTATION_REPRESENTATION (  '', ( #825 ), #1491 ) ;
#5292 = ORIENTED_EDGE ( 'NONE', *, *, #1458, .T. ) ;
#5293 = ADVANCED_FACE ( 'NONE', ( #5687 ), #2908, .F. ) ;
#5294 = FACE_OUTER_BOUND ( 'NONE', #419, .T. ) ;
#5295 = DIRECTION ( 'NONE',  ( -1.000000000000000000, 0.000000000000000000, 1.445602896647339163E-16 ) ) ;
#5296 = FACE_OUTER_BOUND ( 'NONE', #406, .T. ) ;
#5297 = ORIENTED_EDGE ( 'NONE', *, *, #4436, .F. ) ;
#5298 = DIRECTION ( 'NONE',  ( 0.000000000000000000, 0.000000000000000000, -1.000000000000000000 ) ) ;
#5299 = VECTOR ( 'NONE', #4474, 1000.000000000000000 ) ;
#5300 = ORIENTED_EDGE ( 'NONE', *, *, #494, .T. ) ;
#5301 = FILL_AREA_STYLE_COLOUR ( '', #3276 ) ;
#5302 = EDGE_CURVE ( 'NONE', #1386, #263, #3020, .T. ) ;
#5303 = CARTESIAN_POINT ( 'NONE',  ( 1.199999999999999289, 0.000000000000000000, 0.5000000000000000000 ) ) ;
#5304 = VECTOR ( 'NONE', #4891, 1000.000000000000000 ) ;
#5305 = LINE ( 'NONE', #1144, #4052 ) ;
#5306 = LINE ( 'NONE', #1583, #2418 ) ;
#5307 = DIRECTION ( 'NONE',  ( 0.000000000000000000, 0.000000000000000000, 1.000000000000000000 ) ) ;
#5308 = VECTOR ( 'NONE', #4560, 1000.000000000000000 ) ;
#5309 = ORIENTED_EDGE ( 'NONE', *, *, #3247, .F. ) ;
#5310 = VECTOR ( 'NONE', #4111, 1000.000000000000000 ) ;
#5311 = EDGE_CURVE ( 'NONE', #5103, #3901, #606, .T. ) ;
#5312 = VECTOR ( 'NONE', #1442, 1000.000000000000000 ) ;
#5313 = ORIENTED_EDGE ( 'NONE', *, *, #1374, .T. ) ;
#5314 = PLANE ( 'NONE',  #3124 ) ;
#5315 = FACE_OUTER_BOUND ( 'NONE', #5514, .T. ) ;
#5316 = CARTESIAN_POINT ( 'NONE',  ( -0.7000000000000000666, 0.1999999999999999833, -1.500000000000000000 ) ) ;
#5317 = VERTEX_POINT ( 'NONE', #4057 ) ;
#5318 = CARTESIAN_POINT ( 'NONE',  ( -0.8999999999999993561, 0.05000000000000000278, 1.499999999999999556 ) ) ;
#5319 = CARTESIAN_POINT ( 'NONE',  ( 1.499999999999999112, 0.000000000000000000, -0.09999999999999971412 ) ) ;
#5320 = SURFACE_STYLE_FILL_AREA ( #4551 ) ;
#5321 = DIRECTION ( 'NONE',  ( 1.000000000000000000, -0.000000000000000000, 0.000000000000000000 ) ) ;
#5322 = ADVANCED_FACE ( 'NONE', ( #5235 ), #6068, .F. ) ;
#5323 = ORIENTED_EDGE ( 'NONE', *, *, #529, .T. ) ;
#5324 = DIRECTION ( 'NONE',  ( 1.000000000000000000, 0.000000000000000000, -0.000000000000000000 ) ) ;
#5325 = LINE ( 'NONE', #3094, #4006 ) ;
#5326 = ORIENTED_EDGE ( 'NONE', *, *, #3485, .T. ) ;
#5327 = PRESENTATION_LAYER_ASSIGNMENT (  '', '', ( #4665 ) ) ;
#5328 = CARTESIAN_POINT ( 'NONE',  ( -1.199999999999999289, 0.1999999999999999833, 0.9000000000000000222 ) ) ;
#5329 = LINE ( 'NONE', #4252, #5642 ) ;
#5330 = PLANE ( 'NONE',  #3230 ) ;
#5331 = ORIENTED_EDGE ( 'NONE', *, *, #3967, .T. ) ;
#5332 = CARTESIAN_POINT ( 'NONE',  ( -1.199999999999999289, 0.000000000000000000, 0.9000000000000000222 ) ) ;
#5333 = EDGE_CURVE ( 'NONE', #435, #6157, #3906, .T. ) ;
#5334 = CARTESIAN_POINT ( 'NONE',  ( -0.09999999999999971412, 0.000000000000000000, -1.500000000000000000 ) ) ;
#5335 = CARTESIAN_POINT ( 'NONE',  ( 0.9000000000000000222, 0.5605551275463992456, -1.500000000000000000 ) ) ;
#5336 = VERTEX_POINT ( 'NONE', #5182 ) ;
#5337 = CARTESIAN_POINT ( 'NONE',  ( -0.2999999999999996558, 0.2000000000000000111, 1.199999999999999956 ) ) ;
#5338 = DIRECTION ( 'NONE',  ( 0.000000000000000000, 0.000000000000000000, -1.000000000000000000 ) ) ;
#5339 = DIRECTION ( 'NONE',  ( -0.000000000000000000, -1.000000000000000000, -0.000000000000000000 ) ) ;
#5340 = COLOUR_RGB ( '',0.7921568627450980005, 0.8196078431372548767, 0.9333333333333333481 ) ;
#5341 = CARTESIAN_POINT ( 'NONE',  ( -0.3000000000000000999, 0.2000000000000000111, -1.500000000000000000 ) ) ;
#5342 = EDGE_CURVE ( 'NONE', #4433, #6298, #5377, .T. ) ;
#5343 = ORIENTED_EDGE ( 'NONE', *, *, #3500, .F. ) ;
#5344 = ORIENTED_EDGE ( 'NONE', *, *, #1740, .F. ) ;
#5345 = EDGE_LOOP ( 'NONE', ( #1892, #119, #3058, #4990 ) ) ;
#5346 = MECHANICAL_DESIGN_GEOMETRIC_PRESENTATION_REPRESENTATION (  '', ( #211 ), #4784 ) ;
#5347 = ORIENTED_EDGE ( 'NONE', *, *, #101, .T. ) ;
#5348 = ADVANCED_FACE ( 'NONE', ( #3422 ), #4195, .F. ) ;
#5349 = DIRECTION ( 'NONE',  ( -1.000000000000000000, 0.000000000000000000, -1.084202172485506406E-15 ) ) ;
#5350 = ORIENTED_EDGE ( 'NONE', *, *, #107, .F. ) ;
#5351 = CARTESIAN_POINT ( 'NONE',  ( -1.499999999999999112, 0.04999999999999969746, 0.5000000000000000000 ) ) ;
#5352 = EDGE_LOOP ( 'NONE', ( #3240, #2994, #4205, #1497 ) ) ;
#5353 = EDGE_LOOP ( 'NONE', ( #4404, #4421, #5904, #834 ) ) ;
#5354 = CARTESIAN_POINT ( 'NONE',  ( 1.199999999999999289, 0.5605551275463986904, -0.7000000000000000666 ) ) ;
#5355 = ORIENTED_EDGE ( 'NONE', *, *, #3967, .F. ) ;
#5356 = ORIENTED_EDGE ( 'NONE', *, *, #4340, .T. ) ;
#5357 = CARTESIAN_POINT ( 'NONE',  ( 0.8000000000000000444, 0.000000000000000000, 0.000000000000000000 ) ) ;
#5358 = CARTESIAN_POINT ( 'NONE',  ( 0.9500000000000000666, 0.2000000000000000944, 0.9500000000000002887 ) ) ;
#5359 = CARTESIAN_POINT ( 'NONE',  ( 0.1000000000000003664, 0.5605551275463992456, 1.500000000000000000 ) ) ;
#5360 = VERTEX_POINT ( 'NONE', #2627 ) ;
#5361 = EDGE_CURVE ( 'NONE', #3319, #5282, #395, .T. ) ;
#5362 = DIRECTION ( 'NONE',  ( 1.000000000000000000, 0.000000000000000000, 0.000000000000000000 ) ) ;
#5363 = EDGE_CURVE ( 'NONE', #5282, #1833, #238, .T. ) ;
#5364 = FACE_OUTER_BOUND ( 'NONE', #4187, .T. ) ;
#5365 = FACE_OUTER_BOUND ( 'NONE', #6354, .T. ) ;
#5366 = ORIENTED_EDGE ( 'NONE', *, *, #2887, .F. ) ;
#5367 = VECTOR ( 'NONE', #5757, 1000.000000000000000 ) ;
#5368 = CARTESIAN_POINT ( 'NONE',  ( -0.8999999999999998002, 0.000000000000000000, -1.200000000000000178 ) ) ;
#5369 = VERTEX_POINT ( 'NONE', #3198 ) ;
#5370 = VECTOR ( 'NONE', #5405, 1000.000000000000000 ) ;
#5371 = DIRECTION ( 'NONE',  ( 1.000000000000000000, -0.000000000000000000, 1.445602896647339656E-16 ) ) ;
#5372 = FACE_OUTER_BOUND ( 'NONE', #5828, .T. ) ;
#5373 = VERTEX_POINT ( 'NONE', #4307 ) ;
#5374 = AXIS2_PLACEMENT_3D ( 'NONE', #3666, #5211, #5667 ) ;
#5375 = PLANE ( 'NONE',  #986 ) ;
#5376 = LINE ( 'NONE', #4774, #3511 ) ;
#5377 = LINE ( 'NONE', #3141, #2256 ) ;
#5378 = VECTOR ( 'NONE', #5463, 1000.000000000000000 ) ;
#5379 = DIRECTION ( 'NONE',  ( -2.282530889443167022E-16, 0.000000000000000000, 1.000000000000000000 ) ) ;
#5380 = LINE ( 'NONE', #113, #1420 ) ;
#5381 = EDGE_LOOP ( 'NONE', ( #6266, #4127, #1126, #5106 ) ) ;
#5382 = EDGE_CURVE ( 'NONE', #6143, #3034, #5696, .T. ) ;
#5383 = ADVANCED_FACE ( 'NONE', ( #1562 ), #4736, .T. ) ;
#5384 = FACE_OUTER_BOUND ( 'NONE', #4471, .T. ) ;
#5386 = PLANE ( 'NONE',  #3621 ) ;
#5385 = DIRECTION ( 'NONE',  ( -1.000000000000000000, 0.000000000000000000, 0.000000000000000000 ) ) ;
#5387 = LINE ( 'NONE', #6221, #1426 ) ;
#5388 = CARTESIAN_POINT ( 'NONE',  ( 0.1000000000000003664, 0.04999999999999999584, 1.199999999999999956 ) ) ;
#5389 = ORIENTED_EDGE ( 'NONE', *, *, #3239, .T. ) ;
#5390 = DIRECTION ( 'NONE',  ( 0.000000000000000000, 0.000000000000000000, -1.000000000000000000 ) ) ;
#5391 = LINE ( 'NONE', #2858, #5796 ) ;
#5392 = EDGE_CURVE ( 'NONE', #5662, #4882, #5770, .T. ) ;
#5393 = VECTOR ( 'NONE', #1367, 1000.000000000000000 ) ;
#5394 = VERTEX_POINT ( 'NONE', #3224 ) ;
#5395 = CARTESIAN_POINT ( 'NONE',  ( 0.7000000000000002887, 0.05000000000000000278, 0.000000000000000000 ) ) ;
#5396 = CARTESIAN_POINT ( 'NONE',  ( 0.09999999999999993616, 0.000000000000000000, -1.199999999999999956 ) ) ;
#5397 = MANIFOLD_SOLID_BREP ( 'LPattern3[6]', #2809 ) ;
#5398 = FACE_OUTER_BOUND ( 'NONE', #5849, .T. ) ;
#5399 = CARTESIAN_POINT ( 'NONE',  ( -1.199999999999999289, 0.5605551275463986904, 0.5000000000000000000 ) ) ;
#5400 = EDGE_LOOP ( 'NONE', ( #4274, #3159, #5903, #3950 ) ) ;
#5401 = CARTESIAN_POINT ( 'NONE',  ( 1.199999999999999289, 0.5605551275463986904, 0.5000000000000000000 ) ) ;
#5402 = DIRECTION ( 'NONE',  ( -1.000000000000000000, 0.000000000000000000, -0.000000000000000000 ) ) ;
#5403 = VECTOR ( 'NONE', #189, 1000.000000000000000 ) ;
#5404 = EDGE_CURVE ( 'NONE', #6003, #4867, #1554, .T. ) ;
#5405 = DIRECTION ( 'NONE',  ( -1.000000000000000000, -0.000000000000000000, -0.000000000000000000 ) ) ;
#5406 = ORIENTED_EDGE ( 'NONE', *, *, #3135, .T. ) ;
#5407 = DIRECTION ( 'NONE',  ( 2.891205793294679312E-16, -0.000000000000000000, 1.000000000000000000 ) ) ;
#5408 = DIRECTION ( 'NONE',  ( -1.000000000000000000, 0.000000000000000000, 0.000000000000000000 ) ) ;
#5409 = VECTOR ( 'NONE', #414, 1000.000000000000000 ) ;
#5410 = CARTESIAN_POINT ( 'NONE',  ( 0.000000000000000000, 0.2000000000000000111, 0.000000000000000000 ) ) ;
#5411 = ORIENTED_EDGE ( 'NONE', *, *, #4399, .F. ) ;
#5412 = AXIS2_PLACEMENT_3D ( 'NONE', #155, #190, #3693 ) ;
#5413 = ADVANCED_FACE ( 'NONE', ( #227 ), #3760, .F. ) ;
#5414 = DIRECTION ( 'NONE',  ( -2.168404344971012812E-15, 0.000000000000000000, -1.000000000000000000 ) ) ;
#5415 = LINE ( 'NONE', #4124, #577 ) ;
#5416 = DIRECTION ( 'NONE',  ( 0.000000000000000000, 0.000000000000000000, -1.000000000000000000 ) ) ;
#5417 = EDGE_LOOP ( 'NONE', ( #91, #758, #2939, #1388 ) ) ;
#5418 = EDGE_LOOP ( 'NONE', ( #2638, #1772, #5599, #5273 ) ) ;
#5419 = ORIENTED_EDGE ( 'NONE', *, *, #803, .F. ) ;
#5420 = EDGE_CURVE ( 'NONE', #3942, #1460, #1868, .T. ) ;
#5421 = ORIENTED_EDGE ( 'NONE', *, *, #4314, .F. ) ;
#5422 = VECTOR ( 'NONE', #2329, 1000.000000000000000 ) ;
#5423 = VERTEX_POINT ( 'NONE', #1779 ) ;
#5424 = ORIENTED_EDGE ( 'NONE', *, *, #2171, .F. ) ;
#5425 = DIRECTION ( 'NONE',  ( -1.000000000000000000, 0.000000000000000000, 0.000000000000000000 ) ) ;
#5426 = ORIENTED_EDGE ( 'NONE', *, *, #1814, .F. ) ;
#5427 = CARTESIAN_POINT ( 'NONE',  ( 1.199999999999999289, 0.5605551275463986904, -0.3000000000000000999 ) ) ;
#5428 = EDGE_LOOP ( 'NONE', ( #3951, #1685, #3717, #2926 ) ) ;
#5429 = EDGE_CURVE ( 'NONE', #6138, #513, #1410, .T. ) ;
#5430 = DIRECTION ( 'NONE',  ( 1.000000000000000000, -0.000000000000000000, 0.000000000000000000 ) ) ;
#5431 = VERTEX_POINT ( 'NONE', #2794 ) ;
#5432 = CARTESIAN_POINT ( 'NONE',  ( 1.499999999999999112, 0.04999999999999969746, -0.7000000000000000666 ) ) ;
#5433 = AXIS2_PLACEMENT_3D ( 'NONE', #4452, #3993, #1526 ) ;
#5434 = VECTOR ( 'NONE', #2512, 1000.000000000000000 ) ;
#5435 = DIRECTION ( 'NONE',  ( 0.000000000000000000, -1.000000000000000000, 0.000000000000000000 ) ) ;
#5436 = PLANE ( 'NONE',  #680 ) ;
#5437 = PRESENTATION_STYLE_ASSIGNMENT (( #5984 ) ) ;
#5438 = EDGE_LOOP ( 'NONE', ( #4676, #653, #5326, #6430 ) ) ;
#5439 = VECTOR ( 'NONE', #3602, 1000.000000000000000 ) ;
#5440 = VERTEX_POINT ( 'NONE', #1254 ) ;
#5441 = DIRECTION ( 'NONE',  ( -1.000000000000000000, 0.000000000000000000, 0.000000000000000000 ) ) ;
#5442 = ADVANCED_FACE ( 'NONE', ( #5227 ), #3269, .T. ) ;
#5443 = LINE ( 'NONE', #2239, #4764 ) ;
#5444 = DIRECTION ( 'NONE',  ( -1.000000000000000000, 0.000000000000000000, -0.000000000000000000 ) ) ;
#5445 = VECTOR ( 'NONE', #1899, 1000.000000000000000 ) ;
#5446 = EDGE_LOOP ( 'NONE', ( #4319, #1221, #3120, #3805 ) ) ;
#5447 = CARTESIAN_POINT ( 'NONE',  ( 1.199999999999999289, 0.1999999999999999833, 0.09999999999999993616 ) ) ;
#5448 = EDGE_CURVE ( 'NONE', #5099, #5369, #68, .T. ) ;
#5449 = LINE ( 'NONE', #2356, #3092 ) ;
#5450 = CARTESIAN_POINT ( 'NONE',  ( -1.199999999999999289, 0.000000000000000000, 0.09999999999999993616 ) ) ;
#5451 = VECTOR ( 'NONE', #176, 1000.000000000000000 ) ;
#5452 = VECTOR ( 'NONE', #3658, 1000.000000000000000 ) ;
#5453 = VECTOR ( 'NONE', #3129, 1000.000000000000000 ) ;
#5454 = DIRECTION ( 'NONE',  ( -1.000000000000000000, 0.000000000000000000, 3.252606517456519613E-15 ) ) ;
#5455 = ORIENTED_EDGE ( 'NONE', *, *, #3705, .T. ) ;
#5456 = CARTESIAN_POINT ( 'NONE',  ( -1.199999999999999289, 0.000000000000000000, -0.8999999999999998002 ) ) ;
#5457 = EDGE_CURVE ( 'NONE', #4038, #3457, #6383, .T. ) ;
#5458 = CARTESIAN_POINT ( 'NONE',  ( 0.5000000000000000000, 0.2000000000000000111, -1.500000000000000000 ) ) ;
#5459 = LINE ( 'NONE', #960, #2959 ) ;
#5460 = STYLED_ITEM ( 'NONE', ( #3768 ), #2393 ) ;
#5461 = LINE ( 'NONE', #284, #5862 ) ;
#5462 = ORIENTED_EDGE ( 'NONE', *, *, #1127, .F. ) ;
#5463 = DIRECTION ( 'NONE',  ( 1.000000000000000000, 0.000000000000000000, -3.252606517456520007E-15 ) ) ;
#5464 = DIRECTION ( 'NONE',  ( 1.000000000000000000, 0.000000000000000000, -0.000000000000000000 ) ) ;
#5465 =( NAMED_UNIT ( * ) SI_UNIT ( $, .STERADIAN. ) SOLID_ANGLE_UNIT ( ) );
#5466 = PLANE ( 'NONE',  #5433 ) ;
#5467 = LINE ( 'NONE', #6241, #2494 ) ;
#5468 = EDGE_CURVE ( 'NONE', #5288, #5192, #1083, .T. ) ;
#5469 = ORIENTED_EDGE ( 'NONE', *, *, #692, .F. ) ;
#5470 = FILL_AREA_STYLE ('',( #6324 ) ) ;
#5471 = AXIS2_PLACEMENT_3D ( 'NONE', #1647, #3210, #2229 ) ;
#5472 = DIRECTION ( 'NONE',  ( 1.000000000000000000, 0.000000000000000000, -0.000000000000000000 ) ) ;
#5473 = PRESENTATION_STYLE_ASSIGNMENT (( #3572 ) ) ;
#5474 = DIRECTION ( 'NONE',  ( -0.000000000000000000, -0.000000000000000000, -1.000000000000000000 ) ) ;
#5475 = EDGE_LOOP ( 'NONE', ( #29, #4140, #1464, #5815 ) ) ;
#5476 = DIRECTION ( 'NONE',  ( -1.000000000000000000, 0.000000000000000000, 0.000000000000000000 ) ) ;
#5477 = ADVANCED_FACE ( 'NONE', ( #3575 ), #5734, .T. ) ;
#5478 = DIRECTION ( 'NONE',  ( 1.000000000000000000, -0.000000000000000000, 0.000000000000000000 ) ) ;
#5479 = VECTOR ( 'NONE', #2153, 1000.000000000000000 ) ;
#5480 = AXIS2_PLACEMENT_3D ( 'NONE', #1165, #1120, #4630 ) ;
#5481 = VERTEX_POINT ( 'NONE', #1756 ) ;
#5482 = FACE_OUTER_BOUND ( 'NONE', #1186, .T. ) ;
#5483 = ORIENTED_EDGE ( 'NONE', *, *, #626, .T. ) ;
#5484 = EDGE_CURVE ( 'NONE', #5048, #2103, #4586, .T. ) ;
#5485 = CARTESIAN_POINT ( 'NONE',  ( 1.199999999999999289, 0.5605551275463986904, -0.3000000000000000999 ) ) ;
#5486 = DIRECTION ( 'NONE',  ( -0.000000000000000000, -1.000000000000000000, -0.000000000000000000 ) ) ;
#5487 = EDGE_CURVE ( 'NONE', #1794, #97, #933, .T. ) ;
#5488 = DIRECTION ( 'NONE',  ( 0.000000000000000000, 1.000000000000000000, 0.000000000000000000 ) ) ;
#5489 = CARTESIAN_POINT ( 'NONE',  ( -1.199999999999999289, 0.1999999999999999833, 0.9000000000000000222 ) ) ;
#5490 = ORIENTED_EDGE ( 'NONE', *, *, #3376, .T. ) ;
#5491 = ORIENTED_EDGE ( 'NONE', *, *, #278, .T. ) ;
#5492 = EDGE_CURVE ( 'NONE', #1227, #3553, #399, .T. ) ;
#5493 = EDGE_LOOP ( 'NONE', ( #5607, #5356, #1932, #3313 ) ) ;
#5494 = DIRECTION ( 'NONE',  ( 0.000000000000000000, 0.000000000000000000, 1.000000000000000000 ) ) ;
#5495 = AXIS2_PLACEMENT_3D ( 'NONE', #1964, #5512, #5444 ) ;
#5496 = ORIENTED_EDGE ( 'NONE', *, *, #4141, .T. ) ;
#5497 = CARTESIAN_POINT ( 'NONE',  ( 0.000000000000000000, 0.05000000000000000278, 0.7000000000000002887 ) ) ;
#5498 = DIRECTION ( 'NONE',  ( 0.000000000000000000, -1.000000000000000000, 0.000000000000000000 ) ) ;
#5499 = VERTEX_POINT ( 'NONE', #3744 ) ;
#5500 = EDGE_LOOP ( 'NONE', ( #6206, #2235, #2053, #4738 ) ) ;
#5501 = ORIENTED_EDGE ( 'NONE', *, *, #6246, .T. ) ;
#5502 = EDGE_CURVE ( 'NONE', #4283, #1881, #3835, .T. ) ;
#5503 = EDGE_LOOP ( 'NONE', ( #5716, #4946, #210, #1143 ) ) ;
#5504 = ORIENTED_EDGE ( 'NONE', *, *, #559, .T. ) ;
#5505 = CARTESIAN_POINT ( 'NONE',  ( -0.09999999999999971412, 0.000000000000000000, -1.200000000000000178 ) ) ;
#5506 = CARTESIAN_POINT ( 'NONE',  ( -0.7000000000000000666, 0.2000000000000000111, -1.199999999999999956 ) ) ;
#5507 = CARTESIAN_POINT ( 'NONE',  ( 0.7000000000000002887, 0.2000000000000000111, -1.200000000000000178 ) ) ;
#5508 = VERTEX_POINT ( 'NONE', #1768 ) ;
#5509 = ADVANCED_FACE ( 'NONE', ( #3755 ), #684, .F. ) ;
#5510 = VERTEX_POINT ( 'NONE', #2735 ) ;
#5511 = CARTESIAN_POINT ( 'NONE',  ( -1.199999999999999289, 0.1999999999999999833, -0.7000000000000000666 ) ) ;
#5512 = DIRECTION ( 'NONE',  ( 0.000000000000000000, 0.000000000000000000, -1.000000000000000000 ) ) ;
#5513 = EDGE_CURVE ( 'NONE', #913, #1096, #3347, .T. ) ;
#5514 = EDGE_LOOP ( 'NONE', ( #2481, #3654, #4664, #1909 ) ) ;
#5515 = CARTESIAN_POINT ( 'NONE',  ( 0.9000000000000000222, 0.2000000000000000111, -1.199999999999999956 ) ) ;
#5516 = AXIS2_PLACEMENT_3D ( 'NONE', #3258, #1730, #2831 ) ;
#5517 = EDGE_LOOP ( 'NONE', ( #5645, #6380, #1857, #1750 ) ) ;
#5518 = CARTESIAN_POINT ( 'NONE',  ( 0.7000000000000002887, 0.2000000000000000111, -1.500000000000000000 ) ) ;
#5519 = VECTOR ( 'NONE', #5441, 1000.000000000000000 ) ;
#5520 = ORIENTED_EDGE ( 'NONE', *, *, #2417, .F. ) ;
#5521 = EDGE_CURVE ( 'NONE', #1921, #3460, #6315, .T. ) ;
#5522 = COLOUR_RGB ( '',0.7921568627450980005, 0.8196078431372548767, 0.9333333333333333481 ) ;
#5523 = DIRECTION ( 'NONE',  ( 0.000000000000000000, 1.000000000000000000, 0.000000000000000000 ) ) ;
#5524 = CARTESIAN_POINT ( 'NONE',  ( 0.09999999999999993616, 0.5605551275463992456, -1.500000000000000000 ) ) ;
#5525 = CARTESIAN_POINT ( 'NONE',  ( -0.9500000000000000666, 2.887005768508881243, 0.9499999999999998446 ) ) ;
#5526 = FACE_OUTER_BOUND ( 'NONE', #1834, .T. ) ;
#5527 = ORIENTED_EDGE ( 'NONE', *, *, #4128, .F. ) ;
#5528 = LINE ( 'NONE', #6175, #1417 ) ;
#5529 = DIRECTION ( 'NONE',  ( 1.000000000000000000, 0.000000000000000000, -3.252606517456519218E-15 ) ) ;
#5530 = CARTESIAN_POINT ( 'NONE',  ( -0.9500000000000000666, 2.887005768508881243, -0.9500000000000002887 ) ) ;
#5531 = VECTOR ( 'NONE', #5198, 1000.000000000000000 ) ;
#5532 = LINE ( 'NONE', #209, #324 ) ;
#5533 = LINE ( 'NONE', #1561, #5308 ) ;
#5534 = ORIENTED_EDGE ( 'NONE', *, *, #1632, .T. ) ;
#5535 = AXIS2_PLACEMENT_3D ( 'NONE', #6046, #88, #4534 ) ;
#5536 = LINE ( 'NONE', #1253, #2654 ) ;
#5537 = PLANE ( 'NONE',  #2350 ) ;
#5538 = CARTESIAN_POINT ( 'NONE',  ( 0.1000000000000003664, 0.2000000000000000111, 1.199999999999999956 ) ) ;
#5539 = VECTOR ( 'NONE', #1196, 1000.000000000000000 ) ;
#5540 = DIRECTION ( 'NONE',  ( -1.000000000000000000, 0.000000000000000000, -0.000000000000000000 ) ) ;
#5541 = ADVANCED_FACE ( 'NONE', ( #4985 ), #753, .F. ) ;
#5542 = DIRECTION ( 'NONE',  ( 0.000000000000000000, -0.000000000000000000, 1.000000000000000000 ) ) ;
#5543 = EDGE_LOOP ( 'NONE', ( #2753, #304, #1758, #2695 ) ) ;
#5544 = EDGE_CURVE ( 'NONE', #2125, #1979, #4448, .T. ) ;
#5545 = LINE ( 'NONE', #4842, #4153 ) ;
#5546 = LINE ( 'NONE', #1303, #5714 ) ;
#5547 = ORIENTED_EDGE ( 'NONE', *, *, #2104, .T. ) ;
#5548 = UNCERTAINTY_MEASURE_WITH_UNIT (LENGTH_MEASURE( 1.000000000000000082E-05 ), #4160, 'distance_accuracy_value', 'NONE');
#5549 = FILL_AREA_STYLE_COLOUR ( '', #330 ) ;
#5550 = DIRECTION ( 'NONE',  ( 0.000000000000000000, -0.000000000000000000, 1.000000000000000000 ) ) ;
#5551 = CARTESIAN_POINT ( 'NONE',  ( 0.000000000000000000, 0.2000000000000000111, 0.000000000000000000 ) ) ;
#5552 = EDGE_CURVE ( 'NONE', #3957, #1227, #5853, .T. ) ;
#5553 = DIRECTION ( 'NONE',  ( 1.000000000000000000, -0.000000000000000000, 0.000000000000000000 ) ) ;
#5554 = LINE ( 'NONE', #1867, #3779 ) ;
#5555 = VERTEX_POINT ( 'NONE', #3700 ) ;
#5556 = STYLED_ITEM ( 'NONE', ( #80 ), #4521 ) ;
#5557 = DIRECTION ( 'NONE',  ( -1.000000000000000000, 0.000000000000000000, 1.445602896647339163E-16 ) ) ;
#5558 = LINE ( 'NONE', #6210, #6016 ) ;
#5559 = ORIENTED_EDGE ( 'NONE', *, *, #3463, .T. ) ;
#5560 =( LENGTH_UNIT ( ) NAMED_UNIT ( * ) SI_UNIT ( .MILLI., .METRE. ) );
#5561 =( GEOMETRIC_REPRESENTATION_CONTEXT ( 3 ) GLOBAL_UNCERTAINTY_ASSIGNED_CONTEXT ( ( #1208 ) ) GLOBAL_UNIT_ASSIGNED_CONTEXT ( ( #4812, #6238, #2309 ) ) REPRESENTATION_CONTEXT ( 'NONE', 'WORKASPACE' ) );
#5562 = VECTOR ( 'NONE', #5886, 1000.000000000000000 ) ;
#5563 = ORIENTED_EDGE ( 'NONE', *, *, #5834, .F. ) ;
#5564 = DIRECTION ( 'NONE',  ( 0.000000000000000000, -1.000000000000000000, 0.000000000000000000 ) ) ;
#5565 = FACE_OUTER_BOUND ( 'NONE', #61, .T. ) ;
#5566 = EDGE_CURVE ( 'NONE', #6298, #42, #5993, .T. ) ;
#5567 = DIRECTION ( 'NONE',  ( -0.000000000000000000, -1.000000000000000000, -0.000000000000000000 ) ) ;
#5568 = DIRECTION ( 'NONE',  ( -1.000000000000000000, 0.000000000000000000, 0.000000000000000000 ) ) ;
#5569 = ORIENTED_EDGE ( 'NONE', *, *, #2438, .T. ) ;
#5570 = ADVANCED_FACE ( 'NONE', ( #3095 ), #5743, .F. ) ;
#5571 = VERTEX_POINT ( 'NONE', #2181 ) ;
#5572 = DIRECTION ( 'NONE',  ( 0.000000000000000000, -1.000000000000000000, 0.000000000000000000 ) ) ;
#5573 = EDGE_CURVE ( 'NONE', #1386, #1624, #2478, .T. ) ;
#5574 = ORIENTED_EDGE ( 'NONE', *, *, #4708, .F. ) ;
#5575 = CARTESIAN_POINT ( 'NONE',  ( -0.8999999999999998002, 0.5605551275463992456, -1.200000000000000178 ) ) ;
#5576 = ORIENTED_EDGE ( 'NONE', *, *, #5215, .F. ) ;
#5577 = ORIENTED_EDGE ( 'NONE', *, *, #2236, .T. ) ;
#5578 = EDGE_CURVE ( 'NONE', #1061, #1096, #3667, .T. ) ;
#5579 = ORIENTED_EDGE ( 'NONE', *, *, #4923, .T. ) ;
#5580 = ORIENTED_EDGE ( 'NONE', *, *, #3853, .F. ) ;
#5581 = CARTESIAN_POINT ( 'NONE',  ( -0.6999999999999996225, 0.1999999999999999833, 1.199999999999999956 ) ) ;
#5582 = CARTESIAN_POINT ( 'NONE',  ( -0.2999999999999996558, 0.1999999999999999833, 1.500000000000000000 ) ) ;
#5583 = VERTEX_POINT ( 'NONE', #2225 ) ;
#5584 = AXIS2_PLACEMENT_3D ( 'NONE', #5109, #4756, #1710 ) ;
#5585 = ORIENTED_EDGE ( 'NONE', *, *, #793, .F. ) ;
#5586 = PRESENTATION_STYLE_ASSIGNMENT (( #1712 ) ) ;
#5587 = EDGE_CURVE ( 'NONE', #309, #368, #468, .T. ) ;
#5588 = VECTOR ( 'NONE', #298, 1000.000000000000000 ) ;
#5589 =( NAMED_UNIT ( * ) SI_UNIT ( $, .STERADIAN. ) SOLID_ANGLE_UNIT ( ) );
#5590 = ORIENTED_EDGE ( 'NONE', *, *, #2064, .F. ) ;
#5591 = AXIS2_PLACEMENT_3D ( 'NONE', #5639, #6136, #3193 ) ;
#5592 = CARTESIAN_POINT ( 'NONE',  ( -1.499999999999999112, 0.5605551275463986904, -0.3000000000000000999 ) ) ;
#5593 = DIRECTION ( 'NONE',  ( 0.000000000000000000, 0.000000000000000000, 1.000000000000000000 ) ) ;
#5594 = VECTOR ( 'NONE', #3888, 1000.000000000000000 ) ;
#5595 = ORIENTED_EDGE ( 'NONE', *, *, #3610, .F. ) ;
#5596 = AXIS2_PLACEMENT_3D ( 'NONE', #6426, #988, #1475 ) ;
#5597 = DIRECTION ( 'NONE',  ( 0.000000000000000000, 0.000000000000000000, 1.000000000000000000 ) ) ;
#5598 = PLANE ( 'NONE',  #2525 ) ;
#5599 = ORIENTED_EDGE ( 'NONE', *, *, #2790, .T. ) ;
#5600 = CARTESIAN_POINT ( 'NONE',  ( 1.499999999999999112, 0.000000000000000000, 0.9000000000000000222 ) ) ;
#5601 = ADVANCED_FACE ( 'NONE', ( #616 ), #2203, .F. ) ;
#5602 = FILL_AREA_STYLE_COLOUR ( '', #2560 ) ;
#5603 = DIRECTION ( 'NONE',  ( -1.000000000000000000, 0.000000000000000000, 0.000000000000000000 ) ) ;
#5604 = VECTOR ( 'NONE', #4796, 1000.000000000000000 ) ;
#5605 = FACE_OUTER_BOUND ( 'NONE', #2003, .T. ) ;
#5606 = LINE ( 'NONE', #6017, #1275 ) ;
#5607 = ORIENTED_EDGE ( 'NONE', *, *, #4210, .T. ) ;
#5608 = EDGE_CURVE ( 'NONE', #2814, #4038, #3280, .T. ) ;
#5609 = CARTESIAN_POINT ( 'NONE',  ( 0.09999999999999993616, 0.04999999999999999584, -1.199999999999999956 ) ) ;
#5610 = LINE ( 'NONE', #2254, #4524 ) ;
#5611 = PRESENTATION_LAYER_ASSIGNMENT (  '', '', ( #825 ) ) ;
#5612 = CARTESIAN_POINT ( 'NONE',  ( 0.9000000000000003553, 0.1999999999999999833, 1.199999999999999956 ) ) ;
#5613 = DIRECTION ( 'NONE',  ( -0.000000000000000000, -1.000000000000000000, -0.000000000000000000 ) ) ;
#5614 = FACE_OUTER_BOUND ( 'NONE', #100, .T. ) ;
#5615 = CARTESIAN_POINT ( 'NONE',  ( 0.9000000000000003553, 0.1999999999999999833, 1.199999999999999956 ) ) ;
#5616 = VECTOR ( 'NONE', #465, 1000.000000000000000 ) ;
#5617 = DIRECTION ( 'NONE',  ( 0.000000000000000000, 0.000000000000000000, -1.000000000000000000 ) ) ;
#5618 = ORIENTED_EDGE ( 'NONE', *, *, #339, .T. ) ;
#5619 = CARTESIAN_POINT ( 'NONE',  ( 0.000000000000000000, 0.2000000000000000111, 0.000000000000000000 ) ) ;
#5620 = DIRECTION ( 'NONE',  ( 0.000000000000000000, 0.000000000000000000, -1.000000000000000000 ) ) ;
#5621 = CARTESIAN_POINT ( 'NONE',  ( -0.09999999999999928391, 0.2000000000000000111, 1.200000000000000622 ) ) ;
#5622 = LINE ( 'NONE', #6152, #952 ) ;
#5623 = LINE ( 'NONE', #685, #5157 ) ;
#5624 = AXIS2_PLACEMENT_3D ( 'NONE', #5956, #2004, #2966 ) ;
#5625 = CARTESIAN_POINT ( 'NONE',  ( -0.7000000000000000666, 0.5605551275463992456, -1.500000000000000000 ) ) ;
#5626 = ORIENTED_EDGE ( 'NONE', *, *, #2243, .T. ) ;
#5627 = DIRECTION ( 'NONE',  ( 0.000000000000000000, 0.000000000000000000, -1.000000000000000000 ) ) ;
#5628 = DIRECTION ( 'NONE',  ( 0.000000000000000000, 1.000000000000000000, 0.000000000000000000 ) ) ;
#5629 = DIRECTION ( 'NONE',  ( -0.000000000000000000, 0.000000000000000000, 1.000000000000000000 ) ) ;
#5630 = LINE ( 'NONE', #4694, #95 ) ;
#5631 = EDGE_CURVE ( 'NONE', #1052, #3053, #156, .T. ) ;
#5632 = CARTESIAN_POINT ( 'NONE',  ( 1.199999999999999289, 0.05000000000000002359, -0.4999999999999997780 ) ) ;
#5633 = ORIENTED_EDGE ( 'NONE', *, *, #3071, .F. ) ;
#5634 = SURFACE_SIDE_STYLE ('',( #1331 ) ) ;
#5635 = AXIS2_PLACEMENT_3D ( 'NONE', #4408, #3506, #3917 ) ;
#5636 = VECTOR ( 'NONE', #3531, 1000.000000000000000 ) ;
#5637 = PLANE ( 'NONE',  #3581 ) ;
#5638 = ORIENTED_EDGE ( 'NONE', *, *, #413, .F. ) ;
#5639 = CARTESIAN_POINT ( 'NONE',  ( 0.000000000000000000, 0.2000000000000000111, 0.000000000000000000 ) ) ;
#5640 = EDGE_CURVE ( 'NONE', #589, #487, #3185, .T. ) ;
#5641 = ADVANCED_FACE ( 'NONE', ( #1862 ), #4977, .F. ) ;
#5642 = VECTOR ( 'NONE', #683, 1000.000000000000000 ) ;
#5643 = DIRECTION ( 'NONE',  ( -0.000000000000000000, -1.000000000000000000, -0.000000000000000000 ) ) ;
#5644 = AXIS2_PLACEMENT_3D ( 'NONE', #1293, #6158, #693 ) ;
#5645 = ORIENTED_EDGE ( 'NONE', *, *, #2489, .F. ) ;
#5646 = PLANE ( 'NONE',  #668 ) ;
#5647 = ADVANCED_FACE ( 'NONE', ( #3432 ), #1145, .F. ) ;
#5648 = DIRECTION ( 'NONE',  ( -1.000000000000000000, 0.000000000000000000, 0.000000000000000000 ) ) ;
#5649 = PRESENTATION_STYLE_ASSIGNMENT (( #1137 ) ) ;
#5650 = DIRECTION ( 'NONE',  ( 1.445602896647339656E-16, 0.000000000000000000, -1.000000000000000000 ) ) ;
#5651 = ORIENTED_EDGE ( 'NONE', *, *, #2919, .F. ) ;
#5652 = CARTESIAN_POINT ( 'NONE',  ( -0.4999999999999997780, 0.2000000000000000111, -1.200000000000000178 ) ) ;
#5653 = CARTESIAN_POINT ( 'NONE',  ( -1.199999999999999289, 0.5605551275463986904, -0.3000000000000000999 ) ) ;
#5654 = CARTESIAN_POINT ( 'NONE',  ( 1.499999999999999112, 0.5605551275463986904, -0.7000000000000000666 ) ) ;
#5655 = SURFACE_STYLE_FILL_AREA ( #5470 ) ;
#5656 = VERTEX_POINT ( 'NONE', #2635 ) ;
#5657 = ORIENTED_EDGE ( 'NONE', *, *, #421, .F. ) ;
#5658 = ORIENTED_EDGE ( 'NONE', *, *, #4684, .F. ) ;
#5659 = PLANE ( 'NONE',  #3936 ) ;
#5660 = DIRECTION ( 'NONE',  ( 1.084202172485506406E-15, 0.000000000000000000, -1.000000000000000000 ) ) ;
#5661 = CARTESIAN_POINT ( 'NONE',  ( 1.199999999999999289, 0.1999999999999999833, -0.09999999999999971412 ) ) ;
#5662 = VERTEX_POINT ( 'NONE', #3649 ) ;
#5663 = CARTESIAN_POINT ( 'NONE',  ( 0.09999999999999993616, 0.5605551275463992456, -1.199999999999999956 ) ) ;
#5664 = DIRECTION ( 'NONE',  ( 1.000000000000000000, 0.000000000000000000, -0.000000000000000000 ) ) ;
#5665 = AXIS2_PLACEMENT_3D ( 'NONE', #2515, #45, #2602 ) ;
#5666 = ORIENTED_EDGE ( 'NONE', *, *, #4833, .F. ) ;
#5667 = DIRECTION ( 'NONE',  ( -1.000000000000000000, 0.000000000000000000, -0.000000000000000000 ) ) ;
#5668 = EDGE_LOOP ( 'NONE', ( #2342, #3374, #904, #1368 ) ) ;
#5669 = FACE_OUTER_BOUND ( 'NONE', #400, .T. ) ;
#5670 = EDGE_CURVE ( 'NONE', #3838, #3400, #1267, .T. ) ;
#5671 = ORIENTED_EDGE ( 'NONE', *, *, #4062, .F. ) ;
#5672 = AXIS2_PLACEMENT_3D ( 'NONE', #5078, #2612, #3179 ) ;
#5673 = SURFACE_SIDE_STYLE ('',( #6396 ) ) ;
#5674 = DIRECTION ( 'NONE',  ( -0.000000000000000000, -1.000000000000000000, -0.000000000000000000 ) ) ;
#5675 = ORIENTED_EDGE ( 'NONE', *, *, #5912, .F. ) ;
#5676 = EDGE_CURVE ( 'NONE', #2379, #5983, #4518, .T. ) ;
#5677 = ADVANCED_FACE ( 'NONE', ( #3586 ), #2130, .F. ) ;
#5678 = VECTOR ( 'NONE', #873, 1000.000000000000000 ) ;
#5679 = DIRECTION ( 'NONE',  ( 1.000000000000000000, 0.000000000000000000, 0.000000000000000000 ) ) ;
#5680 = AXIS2_PLACEMENT_3D ( 'NONE', #3130, #659, #5061 ) ;
#5681 = DIRECTION ( 'NONE',  ( -1.000000000000000000, 0.000000000000000000, 3.252606517456519613E-15 ) ) ;
#5682 = DIRECTION ( 'NONE',  ( 3.252606517456520007E-15, 0.000000000000000000, 1.000000000000000000 ) ) ;
#5683 = LINE ( 'NONE', #4531, #4674 ) ;
#5684 = EDGE_LOOP ( 'NONE', ( #6205, #3470, #1512, #3747 ) ) ;
#5685 = CARTESIAN_POINT ( 'NONE',  ( 0.000000000000000000, 0.05000000000000000278, -0.7000000000000000666 ) ) ;
#5686 = DIRECTION ( 'NONE',  ( 0.000000000000000000, 0.000000000000000000, 1.000000000000000000 ) ) ;
#5687 = FACE_OUTER_BOUND ( 'NONE', #2902, .T. ) ;
#5688 = CARTESIAN_POINT ( 'NONE',  ( 0.9000000000000000222, 0.2000000000000000111, -1.199999999999999956 ) ) ;
#5689 = DIRECTION ( 'NONE',  ( 0.000000000000000000, 0.000000000000000000, -1.000000000000000000 ) ) ;
#5690 = FACE_OUTER_BOUND ( 'NONE', #2305, .T. ) ;
#5691 = EDGE_LOOP ( 'NONE', ( #443, #5411, #4562, #938 ) ) ;
#5692 = PLANE ( 'NONE',  #1360 ) ;
#5693 = DIRECTION ( 'NONE',  ( 0.000000000000000000, 0.000000000000000000, 1.000000000000000000 ) ) ;
#5694 = FACE_OUTER_BOUND ( 'NONE', #2616, .T. ) ;
#5695 = CARTESIAN_POINT ( 'NONE',  ( 1.199999999999999289, 0.05000000000000002359, -0.7000000000000000666 ) ) ;
#5696 = LINE ( 'NONE', #3168, #1419 ) ;
#5697 = PRESENTATION_STYLE_ASSIGNMENT (( #2261 ) ) ;
#5698 = CARTESIAN_POINT ( 'NONE',  ( -0.09999999999999982514, 0.1999999999999996503, -1.499999999999999778 ) ) ;
#5699 = DIRECTION ( 'NONE',  ( 2.891205793294679312E-16, -0.000000000000000000, 1.000000000000000000 ) ) ;
#5700 = VERTEX_POINT ( 'NONE', #5581 ) ;
#5702 = LINE ( 'NONE', #3757, #2744 ) ;
#5701 = DIRECTION ( 'NONE',  ( 0.000000000000000000, 0.000000000000000000, -1.000000000000000000 ) ) ;
#5703 = EDGE_CURVE ( 'NONE', #4584, #53, #6393, .T. ) ;
#5704 = FACE_OUTER_BOUND ( 'NONE', #4505, .T. ) ;
#5705 = ORIENTED_EDGE ( 'NONE', *, *, #5850, .F. ) ;
#5706 = EDGE_CURVE ( 'NONE', #39, #1461, #1637, .T. ) ;
#5707 =( NAMED_UNIT ( * ) PLANE_ANGLE_UNIT ( ) SI_UNIT ( $, .RADIAN. ) );
#5708 = CARTESIAN_POINT ( 'NONE',  ( 0.09999999999999993616, 0.2000000000000000111, -1.500000000000000000 ) ) ;
#5709 = DIRECTION ( 'NONE',  ( 1.000000000000000000, 0.000000000000000000, -3.252606517456520007E-15 ) ) ;
#5710 = VECTOR ( 'NONE', #4181, 1000.000000000000000 ) ;
#5711 = PLANE ( 'NONE',  #632 ) ;
#5712 = ADVANCED_FACE ( 'NONE', ( #5605 ), #5097, .T. ) ;
#5713 = DIRECTION ( 'NONE',  ( 0.000000000000000000, -0.000000000000000000, -1.000000000000000000 ) ) ;
#5714 = VECTOR ( 'NONE', #3296, 1000.000000000000000 ) ;
#5715 = DIRECTION ( 'NONE',  ( 0.000000000000000000, 0.000000000000000000, -1.000000000000000000 ) ) ;
#5716 = ORIENTED_EDGE ( 'NONE', *, *, #1927, .F. ) ;
#5717 = CARTESIAN_POINT ( 'NONE',  ( 1.499999999999999112, 0.1999999999999999833, 0.5000000000000000000 ) ) ;
#5718 =( LENGTH_UNIT ( ) NAMED_UNIT ( * ) SI_UNIT ( .MILLI., .METRE. ) );
#5719 = FACE_OUTER_BOUND ( 'NONE', #3308, .T. ) ;
#5720 = ADVANCED_FACE ( 'NONE', ( #6154 ), #5537, .T. ) ;
#5721 = VERTEX_POINT ( 'NONE', #3556 ) ;
#5722 = DIRECTION ( 'NONE',  ( 0.000000000000000000, -1.000000000000000000, 0.000000000000000000 ) ) ;
#5723 = UNCERTAINTY_MEASURE_WITH_UNIT (LENGTH_MEASURE( 1.000000000000000082E-05 ), #738, 'distance_accuracy_value', 'NONE');
#5725 = CARTESIAN_POINT ( 'NONE',  ( -1.199999999999999289, 0.05000000000000002359, -0.09999999999999971412 ) ) ;
#5724 = CARTESIAN_POINT ( 'NONE',  ( 1.199999999999999289, 0.1999999999999999833, 0.9000000000000000222 ) ) ;
#5726 = EDGE_CURVE ( 'NONE', #4647, #907, #4841, .T. ) ;
#5727 = FACE_OUTER_BOUND ( 'NONE', #565, .T. ) ;
#5728 = ORIENTED_EDGE ( 'NONE', *, *, #3110, .T. ) ;
#5729 = AXIS2_PLACEMENT_3D ( 'NONE', #2168, #5660, #3735 ) ;
#5730 = CARTESIAN_POINT ( 'NONE',  ( -0.4999999999999993339, 0.2000000000000000111, 1.200000000000000622 ) ) ;
#5731 = FACE_OUTER_BOUND ( 'NONE', #5755, .T. ) ;
#5732 = EDGE_CURVE ( 'NONE', #4182, #435, #6242, .T. ) ;
#5733 = ORIENTED_EDGE ( 'NONE', *, *, #2614, .F. ) ;
#5734 = PLANE ( 'NONE',  #3035 ) ;
#5735 = CARTESIAN_POINT ( 'NONE',  ( 0.3000000000000003775, 0.2000000000000000111, -1.200000000000000178 ) ) ;
#5736 = AXIS2_PLACEMENT_3D ( 'NONE', #4653, #5150, #226 ) ;
#5737 = CARTESIAN_POINT ( 'NONE',  ( 1.499999999999999112, 0.5605551275463986904, -0.8999999999999998002 ) ) ;
#5738 = LINE ( 'NONE', #4667, #4486 ) ;
#5739 = ORIENTED_EDGE ( 'NONE', *, *, #2757, .T. ) ;
#5740 = FILL_AREA_STYLE ('',( #4204 ) ) ;
#5741 = ORIENTED_EDGE ( 'NONE', *, *, #28, .T. ) ;
#5742 = ORIENTED_EDGE ( 'NONE', *, *, #529, .F. ) ;
#5743 = PLANE ( 'NONE',  #4026 ) ;
#5744 = ORIENTED_EDGE ( 'NONE', *, *, #5159, .F. ) ;
#5745 = CARTESIAN_POINT ( 'NONE',  ( 1.199999999999999289, 0.1999999999999999833, 0.9000000000000000222 ) ) ;
#5746 = ADVANCED_FACE ( 'NONE', ( #3502 ), #3100, .T. ) ;
#5747 = ORIENTED_EDGE ( 'NONE', *, *, #1358, .T. ) ;
#5748 = EDGE_CURVE ( 'NONE', #3692, #2912, #2408, .T. ) ;
#5749 = ORIENTED_EDGE ( 'NONE', *, *, #3736, .T. ) ;
#5750 = EDGE_LOOP ( 'NONE', ( #5504, #657, #6214, #1990 ) ) ;
#5751 = ORIENTED_EDGE ( 'NONE', *, *, #3979, .T. ) ;
#5752 = ORIENTED_EDGE ( 'NONE', *, *, #3536, .T. ) ;
#5753 = ADVANCED_FACE ( 'NONE', ( #323 ), #5057, .F. ) ;
#5754 = DIRECTION ( 'NONE',  ( 0.000000000000000000, 0.000000000000000000, 1.000000000000000000 ) ) ;
#5755 = EDGE_LOOP ( 'NONE', ( #1245, #1570, #4348, #6133 ) ) ;
#5756 = CARTESIAN_POINT ( 'NONE',  ( 0.9000000000000003553, 0.1999999999999996503, 1.500000000000000000 ) ) ;
#5757 = DIRECTION ( 'NONE',  ( 0.000000000000000000, 0.000000000000000000, -1.000000000000000000 ) ) ;
#5758 = VECTOR ( 'NONE', #60, 1000.000000000000000 ) ;
#5759 = CARTESIAN_POINT ( 'NONE',  ( -0.9500000000000000666, 0.05000000000000000278, 0.000000000000000000 ) ) ;
#5760 = AXIS2_PLACEMENT_3D ( 'NONE', #4791, #6258, #5280 ) ;
#5761 = CARTESIAN_POINT ( 'NONE',  ( 0.000000000000000000, 0.000000000000000000, 1.200000000000000178 ) ) ;
#5762 = VECTOR ( 'NONE', #1764, 1000.000000000000000 ) ;
#5763 = EDGE_LOOP ( 'NONE', ( #5563, #4777, #5574, #548 ) ) ;
#5764 = CARTESIAN_POINT ( 'NONE',  ( 1.199999999999999289, 0.05000000000000000278, 0.000000000000000000 ) ) ;
#5765 = EDGE_CURVE ( 'NONE', #97, #2294, #4918, .T. ) ;
#5766 = LINE ( 'NONE', #4350, #4907 ) ;
#5767 = DIRECTION ( 'NONE',  ( 0.000000000000000000, -1.000000000000000000, 0.000000000000000000 ) ) ;
#5768 = EDGE_LOOP ( 'NONE', ( #3938, #438, #2055, #6095 ) ) ;
#5769 = CARTESIAN_POINT ( 'NONE',  ( -0.7000000000000000666, 0.2000000000000000111, -1.500000000000000000 ) ) ;
#5770 = LINE ( 'NONE', #4286, #4525 ) ;
#5771 = PRESENTATION_STYLE_ASSIGNMENT (( #1788 ) ) ;
#5772 = VECTOR ( 'NONE', #3156, 1000.000000000000000 ) ;
#5773 = EDGE_LOOP ( 'NONE', ( #1517, #1530, #3393, #249 ) ) ;
#5774 = EDGE_CURVE ( 'NONE', #3534, #482, #787, .T. ) ;
#5775 = PLANE ( 'NONE',  #4469 ) ;
#5776 = VERTEX_POINT ( 'NONE', #2852 ) ;
#5777 = CARTESIAN_POINT ( 'NONE',  ( 1.499999999999999112, 0.04999999999999969746, 0.09999999999999993616 ) ) ;
#5778 = VECTOR ( 'NONE', #1375, 1000.000000000000000 ) ;
#5779 = EDGE_LOOP ( 'NONE', ( #5651, #5033, #4009, #5675 ) ) ;
#5780 = VECTOR ( 'NONE', #1097, 1000.000000000000000 ) ;
#5781 = LINE ( 'NONE', #646, #6394 ) ;
#5782 = DIRECTION ( 'NONE',  ( 0.000000000000000000, 0.000000000000000000, -1.000000000000000000 ) ) ;
#5783 = LINE ( 'NONE', #6125, #6 ) ;
#5784 = DIRECTION ( 'NONE',  ( -1.000000000000000000, 0.000000000000000000, 0.000000000000000000 ) ) ;
#5785 = EDGE_LOOP ( 'NONE', ( #2224, #4133, #847, #1895 ) ) ;
#5786 = CARTESIAN_POINT ( 'NONE',  ( -1.199999999999999289, 0.05000000000000002359, 0.9000000000000000222 ) ) ;
#5787 = CARTESIAN_POINT ( 'NONE',  ( 0.5000000000000000000, 0.2000000000000000111, -1.199999999999999956 ) ) ;
#5788 = DIRECTION ( 'NONE',  ( 1.000000000000000000, 0.000000000000000000, -0.000000000000000000 ) ) ;
#5789 = LINE ( 'NONE', #1076, #2888 ) ;
#5790 = VECTOR ( 'NONE', #3970, 1000.000000000000000 ) ;
#5791 = CARTESIAN_POINT ( 'NONE',  ( 0.000000000000000000, 0.000000000000000000, 0.8000000000000000444 ) ) ;
#5792 = ORIENTED_EDGE ( 'NONE', *, *, #4410, .T. ) ;
#5793 = ADVANCED_FACE ( 'NONE', ( #5063 ), #2061, .T. ) ;
#5794 = CARTESIAN_POINT ( 'NONE',  ( -0.2999999999999996558, 0.000000000000000000, 1.199999999999999956 ) ) ;
#5795 = CARTESIAN_POINT ( 'NONE',  ( 0.000000000000000000, 0.000000000000000000, 0.4000000000000000222 ) ) ;
#5796 = VECTOR ( 'NONE', #5371, 1000.000000000000000 ) ;
#5797 = LINE ( 'NONE', #4004, #1105 ) ;
#5798 = ORIENTED_EDGE ( 'NONE', *, *, #4193, .F. ) ;
#5799 = LINE ( 'NONE', #886, #879 ) ;
#5800 = CARTESIAN_POINT ( 'NONE',  ( 1.199999999999999289, 0.1999999999999999833, -0.3000000000000000999 ) ) ;
#5801 = DIRECTION ( 'NONE',  ( -0.000000000000000000, -1.000000000000000000, -0.000000000000000000 ) ) ;
#5802 = ORIENTED_EDGE ( 'NONE', *, *, #6367, .T. ) ;
#5803 = DIRECTION ( 'NONE',  ( 1.000000000000000000, 0.000000000000000000, -3.252606517456520007E-15 ) ) ;
#5804 = DIRECTION ( 'NONE',  ( 0.000000000000000000, -1.000000000000000000, 0.000000000000000000 ) ) ;
#5805 = VECTOR ( 'NONE', #1513, 1000.000000000000000 ) ;
#5806 = EDGE_CURVE ( 'NONE', #1297, #914, #2264, .T. ) ;
#5807 = CARTESIAN_POINT ( 'NONE',  ( -1.199999999999999289, 0.05000000000000002359, -0.7000000000000000666 ) ) ;
#5808 = CARTESIAN_POINT ( 'NONE',  ( 1.199999999999999289, 0.05000000000000000278, 0.000000000000000000 ) ) ;
#5809 = ORIENTED_EDGE ( 'NONE', *, *, #5089, .F. ) ;
#5810 = AXIS2_PLACEMENT_3D ( 'NONE', #4072, #6090, #167 ) ;
#5811 =( NAMED_UNIT ( * ) SI_UNIT ( $, .STERADIAN. ) SOLID_ANGLE_UNIT ( ) );
#5812 = CARTESIAN_POINT ( 'NONE',  ( 0.09999999999999993616, 0.2000000000000000111, -1.500000000000000000 ) ) ;
#5813 = FACE_OUTER_BOUND ( 'NONE', #6402, .T. ) ;
#5814 = PLANE ( 'NONE',  #1349 ) ;
#5815 = ORIENTED_EDGE ( 'NONE', *, *, #3428, .T. ) ;
#5816 = EDGE_CURVE ( 'NONE', #482, #5336, #940, .T. ) ;
#5817 = VECTOR ( 'NONE', #4059, 1000.000000000000000 ) ;
#5818 =( GEOMETRIC_REPRESENTATION_CONTEXT ( 3 ) GLOBAL_UNCERTAINTY_ASSIGNED_CONTEXT ( ( #2354 ) ) GLOBAL_UNIT_ASSIGNED_CONTEXT ( ( #3481, #5, #998 ) ) REPRESENTATION_CONTEXT ( 'NONE', 'WORKASPACE' ) );
#5819 = ORIENTED_EDGE ( 'NONE', *, *, #900, .F. ) ;
#5820 = ADVANCED_FACE ( 'NONE', ( #1094 ), #2179, .F. ) ;
#5821 = CARTESIAN_POINT ( 'NONE',  ( 1.499999999999999112, 0.04999999999999969746, 0.7000000000000002887 ) ) ;
#5822 = ORIENTED_EDGE ( 'NONE', *, *, #4314, .T. ) ;
#5823 = EDGE_LOOP ( 'NONE', ( #943, #6355, #2314, #5032 ) ) ;
#5824 = CARTESIAN_POINT ( 'NONE',  ( 0.3000000000000007661, 0.04999999999999999584, 1.200000000000000622 ) ) ;
#5825 = AXIS2_PLACEMENT_3D ( 'NONE', #386, #3379, #6409 ) ;
#5826 = DIRECTION ( 'NONE',  ( 1.000000000000000000, 0.000000000000000000, -3.252606517456519218E-15 ) ) ;
#5827 = EDGE_LOOP ( 'NONE', ( #5996, #3489, #4285, #1103 ) ) ;
#5828 = EDGE_LOOP ( 'NONE', ( #706, #1352, #2348, #1677 ) ) ;
#5829 = ORIENTED_EDGE ( 'NONE', *, *, #3184, .T. ) ;
#5830 = DIRECTION ( 'NONE',  ( 0.000000000000000000, 1.000000000000000000, 0.000000000000000000 ) ) ;
#5831 = ORIENTED_EDGE ( 'NONE', *, *, #235, .F. ) ;
#5832 = ORIENTED_EDGE ( 'NONE', *, *, #1450, .T. ) ;
#5833 = CARTESIAN_POINT ( 'NONE',  ( -0.7000000000000000666, 0.2000000000000000111, -1.199999999999999956 ) ) ;
#5834 = EDGE_CURVE ( 'NONE', #5192, #2619, #4139, .T. ) ;
#5835 = CARTESIAN_POINT ( 'NONE',  ( 0.9000000000000003553, 0.2000000000000000111, 1.199999999999999956 ) ) ;
#5836 = VECTOR ( 'NONE', #5567, 1000.000000000000000 ) ;
#5837 = ORIENTED_EDGE ( 'NONE', *, *, #1243, .F. ) ;
#5838 = EDGE_CURVE ( 'NONE', #2764, #4522, #5305, .T. ) ;
#5839 = ORIENTED_EDGE ( 'NONE', *, *, #2041, .F. ) ;
#5840 = DIRECTION ( 'NONE',  ( -0.000000000000000000, 0.000000000000000000, 1.000000000000000000 ) ) ;
#5841 = EDGE_CURVE ( 'NONE', #204, #514, #69, .T. ) ;
#5842 = FACE_OUTER_BOUND ( 'NONE', #1627, .T. ) ;
#5843 = UNCERTAINTY_MEASURE_WITH_UNIT (LENGTH_MEASURE( 1.000000000000000082E-05 ), #4492, 'distance_accuracy_value', 'NONE');
#5844 = VERTEX_POINT ( 'NONE', #1213 ) ;
#5845 = PLANE ( 'NONE',  #5092 ) ;
#5846 = AXIS2_PLACEMENT_3D ( 'NONE', #584, #2631, #6114 ) ;
#5847 = LINE ( 'NONE', #5979, #2166 ) ;
#5848 = VECTOR ( 'NONE', #5486, 1000.000000000000000 ) ;
#5849 = EDGE_LOOP ( 'NONE', ( #5107, #647, #6123, #5132 ) ) ;
#5850 = EDGE_CURVE ( 'NONE', #4407, #1198, #779, .T. ) ;
#5851 = ADVANCED_FACE ( 'NONE', ( #1412 ), #5193, .T. ) ;
#5852 = CARTESIAN_POINT ( 'NONE',  ( -1.499999999999999112, 0.04999999999999969746, -0.8999999999999998002 ) ) ;
#5853 = LINE ( 'NONE', #5169, #2 ) ;
#5854 = AXIS2_PLACEMENT_3D ( 'NONE', #3104, #3677, #2663 ) ;
#5856 = CARTESIAN_POINT ( 'NONE',  ( 0.3000000000000007661, 0.000000000000000000, 1.200000000000000622 ) ) ;
#5855 = DIRECTION ( 'NONE',  ( 1.000000000000000000, 0.000000000000000000, -0.000000000000000000 ) ) ;
#5857 = LINE ( 'NONE', #612, #2948 ) ;
#5858 = ORIENTED_EDGE ( 'NONE', *, *, #6312, .F. ) ;
#5859 = LINE ( 'NONE', #3271, #622 ) ;
#5860 = LINE ( 'NONE', #4889, #1714 ) ;
#5861 = EDGE_CURVE ( 'NONE', #761, #4765, #145, .T. ) ;
#5862 = VECTOR ( 'NONE', #6268, 1000.000000000000000 ) ;
#5863 = ORIENTED_EDGE ( 'NONE', *, *, #73, .F. ) ;
#5864 = AXIS2_PLACEMENT_3D ( 'NONE', #3409, #5938, #467 ) ;
#5865 = LINE ( 'NONE', #2696, #4066 ) ;
#5866 = VECTOR ( 'NONE', #2394, 1000.000000000000000 ) ;
#5867 = VERTEX_POINT ( 'NONE', #2708 ) ;
#5868 = SURFACE_STYLE_FILL_AREA ( #2913 ) ;
#5869 = CARTESIAN_POINT ( 'NONE',  ( 0.5000000000000004441, 0.2000000000000000111, 1.199999999999999956 ) ) ;
#5870 = FACE_OUTER_BOUND ( 'NONE', #3000, .T. ) ;
#5871 = CARTESIAN_POINT ( 'NONE',  ( -1.499999999999999112, 0.000000000000000000, 0.09999999999999993616 ) ) ;
#5872 = ORIENTED_EDGE ( 'NONE', *, *, #4239, .F. ) ;
#5873 = EDGE_CURVE ( 'NONE', #5369, #526, #3085, .T. ) ;
#5874 = DIRECTION ( 'NONE',  ( 1.000000000000000000, -0.000000000000000000, 1.084202172485506406E-15 ) ) ;
#5875 = CARTESIAN_POINT ( 'NONE',  ( -1.199999999999999289, 0.1999999999999999833, 0.9000000000000000222 ) ) ;
#5876 = LINE ( 'NONE', #64, #350 ) ;
#5877 = EDGE_LOOP ( 'NONE', ( #2523, #1452, #5389, #515 ) ) ;
#5878 = CARTESIAN_POINT ( 'NONE',  ( -1.199999999999999289, 0.000000000000000000, 0.5000000000000000000 ) ) ;
#5879 =( GEOMETRIC_REPRESENTATION_CONTEXT ( 3 ) GLOBAL_UNCERTAINTY_ASSIGNED_CONTEXT ( ( #4927 ) ) GLOBAL_UNIT_ASSIGNED_CONTEXT ( ( #5184, #3665, #5091 ) ) REPRESENTATION_CONTEXT ( 'NONE', 'WORKASPACE' ) );
#5880 = ADVANCED_FACE ( 'NONE', ( #3908 ), #3671, .T. ) ;
#5881 = CARTESIAN_POINT ( 'NONE',  ( -0.6999999999999996225, 0.5605551275463992456, 1.199999999999999956 ) ) ;
#5882 = FACE_OUTER_BOUND ( 'NONE', #5417, .T. ) ;
#5883 = ORIENTED_EDGE ( 'NONE', *, *, #2991, .F. ) ;
#5884 = MANIFOLD_SOLID_BREP ( 'Boss-Extrude2[2]', #4564 ) ;
#5885 = EDGE_CURVE ( 'NONE', #3958, #273, #5056, .T. ) ;
#5886 = DIRECTION ( 'NONE',  ( 0.000000000000000000, 0.000000000000000000, 1.000000000000000000 ) ) ;
#5887 = VECTOR ( 'NONE', #1324, 1000.000000000000000 ) ;
#5888 = ORIENTED_EDGE ( 'NONE', *, *, #231, .F. ) ;
#5889 = DIRECTION ( 'NONE',  ( 0.000000000000000000, -1.000000000000000000, 0.000000000000000000 ) ) ;
#5890 = VECTOR ( 'NONE', #5408, 1000.000000000000000 ) ;
#5891 = CARTESIAN_POINT ( 'NONE',  ( -1.199999999999999289, 0.1999999999999999833, -0.09999999999999971412 ) ) ;
#5892 = EDGE_CURVE ( 'NONE', #203, #3403, #935, .T. ) ;
#5893 = VERTEX_POINT ( 'NONE', #1641 ) ;
#5894 = CARTESIAN_POINT ( 'NONE',  ( 1.199999999999999289, 0.5605551275463986904, 0.09999999999999993616 ) ) ;
#5895 = EDGE_LOOP ( 'NONE', ( #1056, #1846, #4271, #5343 ) ) ;
#5896 = EDGE_LOOP ( 'NONE', ( #1724, #2533, #434, #3523 ) ) ;
#5897 = ORIENTED_EDGE ( 'NONE', *, *, #2098, .F. ) ;
#5898 = AXIS2_PLACEMENT_3D ( 'NONE', #2838, #4244, #5803 ) ;
#5899 = EDGE_LOOP ( 'NONE', ( #5980, #357, #4496, #4743 ) ) ;
#5900 = VERTEX_POINT ( 'NONE', #3789 ) ;
#5901 = DIRECTION ( 'NONE',  ( 0.000000000000000000, -1.000000000000000000, 0.000000000000000000 ) ) ;
#5902 = ORIENTED_EDGE ( 'NONE', *, *, #4706, .F. ) ;
#5903 = ORIENTED_EDGE ( 'NONE', *, *, #349, .T. ) ;
#5904 = ORIENTED_EDGE ( 'NONE', *, *, #2982, .T. ) ;
#5905 = CARTESIAN_POINT ( 'NONE',  ( 0.9000000000000000222, 0.1999999999999999833, -1.199999999999999956 ) ) ;
#5906 = AXIS2_PLACEMENT_3D ( 'NONE', #4720, #4746, #250 ) ;
#5907 = ORIENTED_EDGE ( 'NONE', *, *, #2573, .F. ) ;
#5908 = VECTOR ( 'NONE', #81, 1000.000000000000000 ) ;
#5909 = ADVANCED_FACE ( 'NONE', ( #5690 ), #6262, .T. ) ;
#5910 = VECTOR ( 'NONE', #3419, 1000.000000000000000 ) ;
#5911 = EDGE_LOOP ( 'NONE', ( #4107, #4296, #5165, #1636 ) ) ;
#5912 = EDGE_CURVE ( 'NONE', #6283, #589, #1336, .T. ) ;
#5913 = ORIENTED_EDGE ( 'NONE', *, *, #4277, .F. ) ;
#5914 = EDGE_CURVE ( 'NONE', #3553, #590, #3975, .T. ) ;
#5915 = FACE_OUTER_BOUND ( 'NONE', #6076, .T. ) ;
#5916 = DIRECTION ( 'NONE',  ( 0.000000000000000000, -0.000000000000000000, 1.000000000000000000 ) ) ;
#5917 = FACE_OUTER_BOUND ( 'NONE', #5438, .T. ) ;
#5918 = ORIENTED_EDGE ( 'NONE', *, *, #6218, .T. ) ;
#5919 = EDGE_CURVE ( 'NONE', #3386, #5440, #2634, .T. ) ;
#5920 = DIRECTION ( 'NONE',  ( 0.000000000000000000, -0.000000000000000000, 1.000000000000000000 ) ) ;
#5921 = SURFACE_SIDE_STYLE ('',( #5868 ) ) ;
#5922 = VECTOR ( 'NONE', #2844, 1000.000000000000000 ) ;
#5923 = ORIENTED_EDGE ( 'NONE', *, *, #4804, .F. ) ;
#5924 = CARTESIAN_POINT ( 'NONE',  ( 1.199999999999999289, 0.05000000000000002359, -0.8999999999999998002 ) ) ;
#5925 = VECTOR ( 'NONE', #777, 1000.000000000000000 ) ;
#5926 = VECTOR ( 'NONE', #108, 1000.000000000000000 ) ;
#5927 = VECTOR ( 'NONE', #4545, 1000.000000000000000 ) ;
#5928 = DIRECTION ( 'NONE',  ( 1.000000000000000000, 0.000000000000000000, -3.252606517456519218E-15 ) ) ;
#5929 = VECTOR ( 'NONE', #1599, 1000.000000000000000 ) ;
#5930 = ORIENTED_EDGE ( 'NONE', *, *, #3260, .T. ) ;
#5931 = EDGE_CURVE ( 'NONE', #590, #3957, #2881, .T. ) ;
#5932 = LINE ( 'NONE', #1683, #2563 ) ;
#5933 = CARTESIAN_POINT ( 'NONE',  ( 0.9000000000000000222, 0.1999999999999999833, -1.500000000000000000 ) ) ;
#5934 = LINE ( 'NONE', #6289, #1797 ) ;
#5935 = CARTESIAN_POINT ( 'NONE',  ( -1.199999999999999289, 0.05000000000000002359, -0.8999999999999998002 ) ) ;
#5936 = FACE_OUTER_BOUND ( 'NONE', #4819, .T. ) ;
#5937 = ORIENTED_EDGE ( 'NONE', *, *, #305, .T. ) ;
#5938 = DIRECTION ( 'NONE',  ( 3.252606517456520007E-15, 0.000000000000000000, 1.000000000000000000 ) ) ;
#5939 = VECTOR ( 'NONE', #5416, 1000.000000000000000 ) ;
#5940 = DIRECTION ( 'NONE',  ( -0.000000000000000000, -1.000000000000000000, -0.000000000000000000 ) ) ;
#5941 = FACE_OUTER_BOUND ( 'NONE', #1914, .T. ) ;
#5942 = ADVANCED_FACE ( 'NONE', ( #4129 ), #752, .F. ) ;
#5943 = CARTESIAN_POINT ( 'NONE',  ( 0.3000000000000003775, 0.5605551275463992456, -1.200000000000000178 ) ) ;
#5944 = ORIENTED_EDGE ( 'NONE', *, *, #5133, .T. ) ;
#5945 = CARTESIAN_POINT ( 'NONE',  ( -0.09999999999999971412, 0.5605551275463992456, -1.200000000000000178 ) ) ;
#5946 = CARTESIAN_POINT ( 'NONE',  ( -0.9500000000000000666, 2.887005768508881243, -0.9500000000000002887 ) ) ;
#5947 = FACE_OUTER_BOUND ( 'NONE', #2518, .T. ) ;
#5948 = ORIENTED_EDGE ( 'NONE', *, *, #3009, .T. ) ;
#5949 = CARTESIAN_POINT ( 'NONE',  ( 1.500000000000000444, 0.8999999999999998002, -1.500000000000000000 ) ) ;
#5950 = VECTOR ( 'NONE', #4894, 1000.000000000000000 ) ;
#5951 = EDGE_CURVE ( 'NONE', #3661, #6417, #3275, .T. ) ;
#5952 = ORIENTED_EDGE ( 'NONE', *, *, #5676, .T. ) ;
#5953 = VECTOR ( 'NONE', #2304, 1000.000000000000000 ) ;
#5954 = DIRECTION ( 'NONE',  ( 0.000000000000000000, 1.000000000000000000, 0.000000000000000000 ) ) ;
#5955 = EDGE_LOOP ( 'NONE', ( #1383, #955, #59, #2359 ) ) ;
#5956 = CARTESIAN_POINT ( 'NONE',  ( 0.9000000000000003553, 0.5605551275463992456, 1.199999999999999956 ) ) ;
#5957 = DIRECTION ( 'NONE',  ( 0.000000000000000000, -0.000000000000000000, 1.000000000000000000 ) ) ;
#5958 = DIRECTION ( 'NONE',  ( 1.000000000000000000, -0.000000000000000000, -2.168404344971012812E-15 ) ) ;
#5959 = DIRECTION ( 'NONE',  ( -1.000000000000000000, 0.000000000000000000, 2.168404344971012812E-15 ) ) ;
#5960 = VERTEX_POINT ( 'NONE', #898 ) ;
#5961 = EDGE_CURVE ( 'NONE', #4429, #464, #1164, .T. ) ;
#5962 = CARTESIAN_POINT ( 'NONE',  ( 1.500000000000000444, 0.1999999999999996503, 0.7000000000000002887 ) ) ;
#5963 = ORIENTED_EDGE ( 'NONE', *, *, #3526, .F. ) ;
#5964 = CARTESIAN_POINT ( 'NONE',  ( 0.5000000000000000000, 0.5605551275463992456, -1.199999999999999956 ) ) ;
#5965 = ADVANCED_FACE ( 'NONE', ( #534 ), #2333, .F. ) ;
#5966 = ORIENTED_EDGE ( 'NONE', *, *, #2443, .T. ) ;
#5967 = ORIENTED_EDGE ( 'NONE', *, *, #6037, .F. ) ;
#5968 = ORIENTED_EDGE ( 'NONE', *, *, #5333, .F. ) ;
#5969 = ORIENTED_EDGE ( 'NONE', *, *, #6130, .F. ) ;
#5970 = CARTESIAN_POINT ( 'NONE',  ( -0.2999999999999996558, 0.2000000000000000111, 1.199999999999999956 ) ) ;
#5971 = CLOSED_SHELL ( 'NONE', ( #3180, #509, #5677, #5232, #4957, #261 ) ) ;
#5972 = EDGE_CURVE ( 'NONE', #5394, #5158, #6447, .T. ) ;
#5973 = VERTEX_POINT ( 'NONE', #5698 ) ;
#5974 = CARTESIAN_POINT ( 'NONE',  ( 0.09999999999999993616, 0.2000000000000000111, -1.500000000000000000 ) ) ;
#5975 = AXIS2_PLACEMENT_3D ( 'NONE', #5410, #5954, #5916 ) ;
#5976 = CARTESIAN_POINT ( 'NONE',  ( -0.9500000000000000666, 2.887005768508881243, -0.9500000000000002887 ) ) ;
#5977 = LINE ( 'NONE', #6135, #5890 ) ;
#5978 = DIRECTION ( 'NONE',  ( 1.000000000000000000, -0.000000000000000000, 0.000000000000000000 ) ) ;
#5979 = CARTESIAN_POINT ( 'NONE',  ( 1.301042606982608082E-15, 0.05000000000000000278, -1.200000000000000178 ) ) ;
#5980 = ORIENTED_EDGE ( 'NONE', *, *, #2624, .T. ) ;
#5981 = VECTOR ( 'NONE', #4766, 1000.000000000000000 ) ;
#5982 = CARTESIAN_POINT ( 'NONE',  ( 1.199999999999999289, 0.1999999999999999833, 0.5000000000000000000 ) ) ;
#5983 = VERTEX_POINT ( 'NONE', #1729 ) ;
#5984 = SURFACE_STYLE_USAGE ( .BOTH. , #24 ) ;
#5985 = PLANE ( 'NONE',  #3857 ) ;
#5986 = CARTESIAN_POINT ( 'NONE',  ( 0.1000000000000003664, 0.5605551275463992456, 1.199999999999999956 ) ) ;
#5987 = FACE_OUTER_BOUND ( 'NONE', #5428, .T. ) ;
#5988 = DIRECTION ( 'NONE',  ( 0.000000000000000000, -0.000000000000000000, 1.000000000000000000 ) ) ;
#5989 = CARTESIAN_POINT ( 'NONE',  ( 0.7000000000000007327, 0.2000000000000000111, 1.200000000000000622 ) ) ;
#5990 = CLOSED_SHELL ( 'NONE', ( #5322, #6172, #54, #1527, #539, #6052 ) ) ;
#5991 = VECTOR ( 'NONE', #367, 1000.000000000000000 ) ;
#5992 = ORIENTED_EDGE ( 'NONE', *, *, #4494, .F. ) ;
#5993 = LINE ( 'NONE', #732, #4771 ) ;
#5994 = FACE_OUTER_BOUND ( 'NONE', #3886, .T. ) ;
#5995 = CARTESIAN_POINT ( 'NONE',  ( 0.09999999999999993616, 0.000000000000000000, -1.199999999999999956 ) ) ;
#5996 = ORIENTED_EDGE ( 'NONE', *, *, #5765, .T. ) ;
#5997 = ADVANCED_FACE ( 'NONE', ( #1941 ), #2543, .F. ) ;
#5998 = DIRECTION ( 'NONE',  ( 0.000000000000000000, -0.000000000000000000, -1.000000000000000000 ) ) ;
#5999 = EDGE_CURVE ( 'NONE', #1232, #115, #3017, .T. ) ;
#6000 = DIRECTION ( 'NONE',  ( -1.000000000000000000, 0.000000000000000000, 3.252606517456519613E-15 ) ) ;
#6001 = VECTOR ( 'NONE', #2296, 1000.000000000000000 ) ;
#6002 = VECTOR ( 'NONE', #5679, 1000.000000000000000 ) ;
#6003 = VERTEX_POINT ( 'NONE', #1705 ) ;
#6004 = FILL_AREA_STYLE ('',( #5549 ) ) ;
#6005 = DIRECTION ( 'NONE',  ( -1.000000000000000000, 0.000000000000000000, -2.282530889443167022E-16 ) ) ;
#6006 = LINE ( 'NONE', #347, #713 ) ;
#6007 = EDGE_CURVE ( 'NONE', #3942, #3468, #1555, .T. ) ;
#6008 = ORIENTED_EDGE ( 'NONE', *, *, #4684, .T. ) ;
#6009 = CARTESIAN_POINT ( 'NONE',  ( 0.5000000000000004441, 0.5605551275463992456, 1.199999999999999956 ) ) ;
#6010 = DIRECTION ( 'NONE',  ( 0.000000000000000000, 1.000000000000000000, 0.000000000000000000 ) ) ;
#6011 = VECTOR ( 'NONE', #4341, 1000.000000000000000 ) ;
#6012 = ORIENTED_EDGE ( 'NONE', *, *, #2907, .F. ) ;
#6013 = PLANE ( 'NONE',  #3504 ) ;
#6014 = LINE ( 'NONE', #523, #2037 ) ;
#6015 = VERTEX_POINT ( 'NONE', #120 ) ;
#6016 = VECTOR ( 'NONE', #4789, 1000.000000000000000 ) ;
#6017 = CARTESIAN_POINT ( 'NONE',  ( -0.09999999999999928391, 0.05000000000000000278, 0.000000000000000000 ) ) ;
#6018 = ORIENTED_EDGE ( 'NONE', *, *, #5179, .T. ) ;
#6019 = EDGE_CURVE ( 'NONE', #982, #5336, #314, .T. ) ;
#6020 = DIRECTION ( 'NONE',  ( 0.000000000000000000, 0.000000000000000000, 1.000000000000000000 ) ) ;
#6021 = ADVANCED_FACE ( 'NONE', ( #607 ), #3514, .F. ) ;
#6022 = EDGE_CURVE ( 'NONE', #5867, #2561, #4299, .T. ) ;
#6023 = CARTESIAN_POINT ( 'NONE',  ( -0.9500000000000002887, 0.2000000000000000944, -0.9500000000000002887 ) ) ;
#6024 = VECTOR ( 'NONE', #2841, 1000.000000000000000 ) ;
#6025 = DIRECTION ( 'NONE',  ( -0.000000000000000000, -1.000000000000000000, -0.000000000000000000 ) ) ;
#6026 = ORIENTED_EDGE ( 'NONE', *, *, #6445, .F. ) ;
#6027 = LINE ( 'NONE', #1492, #5817 ) ;
#6028 = DIRECTION ( 'NONE',  ( -0.000000000000000000, 0.000000000000000000, 1.000000000000000000 ) ) ;
#6029 = DIRECTION ( 'NONE',  ( 0.000000000000000000, -0.000000000000000000, 1.000000000000000000 ) ) ;
#6030 = VERTEX_POINT ( 'NONE', #4999 ) ;
#6031 = AXIS2_PLACEMENT_3D ( 'NONE', #4692, #5715, #3225 ) ;
#6032 = PLANE ( 'NONE',  #307 ) ;
#6033 = ORIENTED_EDGE ( 'NONE', *, *, #3836, .F. ) ;
#6034 = EDGE_LOOP ( 'NONE', ( #3394, #2459, #3648, #195 ) ) ;
#6035 = ORIENTED_EDGE ( 'NONE', *, *, #5816, .F. ) ;
#6036 = VERTEX_POINT ( 'NONE', #5756 ) ;
#6037 = EDGE_CURVE ( 'NONE', #5431, #5279, #5443, .T. ) ;
#6038 = ORIENTED_EDGE ( 'NONE', *, *, #1540, .F. ) ;
#6039 = ORIENTED_EDGE ( 'NONE', *, *, #1307, .F. ) ;
#6040 = EDGE_LOOP ( 'NONE', ( #3380, #6191, #3867, #1717 ) ) ;
#6041 = CARTESIAN_POINT ( 'NONE',  ( 0.09999999999999993616, 0.1999999999999999833, -1.500000000000000000 ) ) ;
#6042 = STYLED_ITEM ( 'NONE', ( #5586 ), #3966 ) ;
#6043 = DIRECTION ( 'NONE',  ( 0.000000000000000000, -0.000000000000000000, -1.000000000000000000 ) ) ;
#6044 = ORIENTED_EDGE ( 'NONE', *, *, #3500, .T. ) ;
#6045 = ORIENTED_EDGE ( 'NONE', *, *, #3927, .F. ) ;
#6046 = CARTESIAN_POINT ( 'NONE',  ( -0.7000000000000000666, 0.2000000000000000111, -1.199999999999999956 ) ) ;
#6047 = CARTESIAN_POINT ( 'NONE',  ( 0.9000000000000000222, 0.2000000000000000111, -1.199999999999999956 ) ) ;
#6048 = EDGE_CURVE ( 'NONE', #3146, #5394, #1783, .T. ) ;
#6049 = FACE_OUTER_BOUND ( 'NONE', #6198, .T. ) ;
#6050 = ORIENTED_EDGE ( 'NONE', *, *, #5010, .T. ) ;
#6051 = DIRECTION ( 'NONE',  ( -0.000000000000000000, 0.000000000000000000, 1.000000000000000000 ) ) ;
#6052 = ADVANCED_FACE ( 'NONE', ( #5134 ), #645, .T. ) ;
#6053 = CARTESIAN_POINT ( 'NONE',  ( -0.2999999999999996558, 0.000000000000000000, 1.199999999999999956 ) ) ;
#6054 = ORIENTED_EDGE ( 'NONE', *, *, #4813, .T. ) ;
#6055 = DIRECTION ( 'NONE',  ( 1.000000000000000000, 0.000000000000000000, 0.000000000000000000 ) ) ;
#6056 = VECTOR ( 'NONE', #1363, 1000.000000000000000 ) ;
#6057 = VECTOR ( 'NONE', #1510, 1000.000000000000000 ) ;
#6058 = ORIENTED_EDGE ( 'NONE', *, *, #3110, .F. ) ;
#6059 = ORIENTED_EDGE ( 'NONE', *, *, #2104, .F. ) ;
#6060 = EDGE_CURVE ( 'NONE', #6427, #3046, #5049, .T. ) ;
#6061 = VECTOR ( 'NONE', #4588, 1000.000000000000000 ) ;
#6062 = CARTESIAN_POINT ( 'NONE',  ( 0.000000000000000000, 0.9000000000000000222, 0.000000000000000000 ) ) ;
#6063 = CARTESIAN_POINT ( 'NONE',  ( 1.499999999999999112, 0.5605551275463986904, -0.3000000000000000999 ) ) ;
#6064 = DIRECTION ( 'NONE',  ( 0.000000000000000000, 0.000000000000000000, -1.000000000000000000 ) ) ;
#6065 = VECTOR ( 'NONE', #4396, 1000.000000000000000 ) ;
#6066 = UNCERTAINTY_MEASURE_WITH_UNIT (LENGTH_MEASURE( 1.000000000000000082E-05 ), #3869, 'distance_accuracy_value', 'NONE');
#6067 = ORIENTED_EDGE ( 'NONE', *, *, #163, .F. ) ;
#6068 = PLANE ( 'NONE',  #5055 ) ;
#6069 = PLANE ( 'NONE',  #3532 ) ;
#6070 = LINE ( 'NONE', #1981, #321 ) ;
#6071 = PLANE ( 'NONE',  #5208 ) ;
#6072 = DIRECTION ( 'NONE',  ( 0.000000000000000000, 0.000000000000000000, -1.000000000000000000 ) ) ;
#6073 = VECTOR ( 'NONE', #3153, 1000.000000000000000 ) ;
#6074 = LINE ( 'NONE', #3086, #4919 ) ;
#6075 = VECTOR ( 'NONE', #5435, 1000.000000000000000 ) ;
#6076 = EDGE_LOOP ( 'NONE', ( #5108, #6178, #2079, #2458 ) ) ;
#6077 = CARTESIAN_POINT ( 'NONE',  ( 0.000000000000000000, 0.05000000000000000278, 0.5000000000000000000 ) ) ;
#6078 = CARTESIAN_POINT ( 'NONE',  ( -0.8999999999999993561, 0.2000000000000000111, 1.500000000000000444 ) ) ;
#6079 = ORIENTED_EDGE ( 'NONE', *, *, #2266, .T. ) ;
#6080 = CARTESIAN_POINT ( 'NONE',  ( 0.9000000000000003553, 0.1999999999999999833, 1.500000000000000000 ) ) ;
#6081 = VECTOR ( 'NONE', #4170, 1000.000000000000000 ) ;
#6082 = CARTESIAN_POINT ( 'NONE',  ( -0.9500000000000002887, 0.2000000000000000944, 0.9499999999999998446 ) ) ;
#6083 = VECTOR ( 'NONE', #306, 1000.000000000000000 ) ;
#6084 = CARTESIAN_POINT ( 'NONE',  ( 1.499999999999999112, 0.04999999999999969746, -0.09999999999999971412 ) ) ;
#6085 = EDGE_LOOP ( 'NONE', ( #6231, #987, #6050, #5366 ) ) ;
#6086 = EDGE_CURVE ( 'NONE', #596, #5431, #5766, .T. ) ;
#6087 = LINE ( 'NONE', #5155, #2749 ) ;
#6088 = VECTOR ( 'NONE', #1347, 1000.000000000000000 ) ;
#6089 = ORIENTED_EDGE ( 'NONE', *, *, #3670, .T. ) ;
#6090 = DIRECTION ( 'NONE',  ( 3.252606517456520007E-15, 0.000000000000000000, 1.000000000000000000 ) ) ;
#6091 = DIRECTION ( 'NONE',  ( -1.000000000000000000, 0.000000000000000000, 2.168404344971012812E-15 ) ) ;
#6092 = EDGE_CURVE ( 'NONE', #6442, #2488, #2877, .T. ) ;
#6093 = VECTOR ( 'NONE', #2197, 1000.000000000000000 ) ;
#6094 = CARTESIAN_POINT ( 'NONE',  ( 1.199999999999999289, 0.5605551275463986904, 0.3000000000000003775 ) ) ;
#6095 = ORIENTED_EDGE ( 'NONE', *, *, #1632, .F. ) ;
#6096 = DIRECTION ( 'NONE',  ( 0.000000000000000000, -0.000000000000000000, -1.000000000000000000 ) ) ;
#6097 = PLANE ( 'NONE',  #1697 ) ;
#6098 = LINE ( 'NONE', #5989, #1200 ) ;
#6099 = CARTESIAN_POINT ( 'NONE',  ( -0.6999999999999996225, 0.5605551275463992456, 1.199999999999999956 ) ) ;
#6100 = ORIENTED_EDGE ( 'NONE', *, *, #564, .T. ) ;
#6101 = CARTESIAN_POINT ( 'NONE',  ( 0.9500000000000000666, 0.000000000000000000, 0.9500000000000002887 ) ) ;
#6102 = CARTESIAN_POINT ( 'NONE',  ( -0.8999999999999998002, 0.1999999999999999833, -1.500000000000000000 ) ) ;
#6103 = VECTOR ( 'NONE', #216, 1000.000000000000000 ) ;
#6104 = ORIENTED_EDGE ( 'NONE', *, *, #2368, .F. ) ;
#6105 = CARTESIAN_POINT ( 'NONE',  ( 1.499999999999999112, 0.04999999999999969746, -0.8999999999999998002 ) ) ;
#6106 = VECTOR ( 'NONE', #1933, 1000.000000000000000 ) ;
#6107 = DIRECTION ( 'NONE',  ( -0.000000000000000000, -0.000000000000000000, -1.000000000000000000 ) ) ;
#6108 = VERTEX_POINT ( 'NONE', #6023 ) ;
#6109 = DIRECTION ( 'NONE',  ( -1.000000000000000000, 0.000000000000000000, 0.000000000000000000 ) ) ;
#6110 = DIRECTION ( 'NONE',  ( -0.000000000000000000, -0.000000000000000000, 1.000000000000000000 ) ) ;
#6111 = AXIS2_PLACEMENT_3D ( 'NONE', #2150, #3089, #650 ) ;
#6112 = ORIENTED_EDGE ( 'NONE', *, *, #2991, .T. ) ;
#6113 = DIRECTION ( 'NONE',  ( 0.000000000000000000, 1.000000000000000000, 0.000000000000000000 ) ) ;
#6114 = DIRECTION ( 'NONE',  ( -1.000000000000000000, 0.000000000000000000, 2.168404344971012812E-15 ) ) ;
#6115 = VERTEX_POINT ( 'NONE', #6251 ) ;
#6116 = ORIENTED_EDGE ( 'NONE', *, *, #3214, .T. ) ;
#6117 = EDGE_CURVE ( 'NONE', #5960, #2742, #1775, .T. ) ;
#6118 = ORIENTED_EDGE ( 'NONE', *, *, #4320, .F. ) ;
#6119 = ORIENTED_EDGE ( 'NONE', *, *, #2358, .T. ) ;
#6120 = CARTESIAN_POINT ( 'NONE',  ( -1.199999999999999289, 0.1999999999999999833, 0.5000000000000000000 ) ) ;
#6121 = CARTESIAN_POINT ( 'NONE',  ( 1.500000000000000444, 0.05000000000000000278, 1.500000000000000000 ) ) ;
#6122 = CARTESIAN_POINT ( 'NONE',  ( 0.5000000000000004441, 0.1999999999999999833, 1.199999999999999956 ) ) ;
#6123 = ORIENTED_EDGE ( 'NONE', *, *, #3448, .T. ) ;
#6124 = AXIS2_PLACEMENT_3D ( 'NONE', #1249, #3780, #5177 ) ;
#6125 = CARTESIAN_POINT ( 'NONE',  ( 0.3000000000000007661, 0.2000000000000000111, 1.200000000000000622 ) ) ;
#6126 = PLANE ( 'NONE',  #5680 ) ;
#6127 = ORIENTED_EDGE ( 'NONE', *, *, #2887, .T. ) ;
#6128 = CARTESIAN_POINT ( 'NONE',  ( -0.4999999999999997780, 0.05000000000000000278, 0.000000000000000000 ) ) ;
#6129 = VECTOR ( 'NONE', #2531, 1000.000000000000000 ) ;
#6130 = EDGE_CURVE ( 'NONE', #3547, #203, #695, .T. ) ;
#6131 = ADVANCED_FACE ( 'NONE', ( #5364 ), #772, .F. ) ;
#6132 = CARTESIAN_POINT ( 'NONE',  ( 1.199999999999999289, 0.5605551275463986904, -0.09999999999999971412 ) ) ;
#6133 = ORIENTED_EDGE ( 'NONE', *, *, #6201, .T. ) ;
#6134 = AXIS2_PLACEMENT_3D ( 'NONE', #5524, #5550, #579 ) ;
#6135 = CARTESIAN_POINT ( 'NONE',  ( 0.000000000000000000, 0.05000000000000000278, 0.09999999999999993616 ) ) ;
#6136 = DIRECTION ( 'NONE',  ( 0.000000000000000000, 1.000000000000000000, 0.000000000000000000 ) ) ;
#6137 = PLANE ( 'NONE',  #6111 ) ;
#6138 = VERTEX_POINT ( 'NONE', #5218 ) ;
#6139 = VECTOR ( 'NONE', #6000, 1000.000000000000000 ) ;
#6140 = CARTESIAN_POINT ( 'NONE',  ( 1.499999999999999112, 0.5605551275463986904, 0.3000000000000003775 ) ) ;
#6141 = VECTOR ( 'NONE', #1234, 1000.000000000000000 ) ;
#6142 = ORIENTED_EDGE ( 'NONE', *, *, #6019, .T. ) ;
#6143 = VERTEX_POINT ( 'NONE', #3636 ) ;
#6144 = VECTOR ( 'NONE', #2505, 1000.000000000000000 ) ;
#6145 = DIRECTION ( 'NONE',  ( 0.000000000000000000, 0.000000000000000000, 1.000000000000000000 ) ) ;
#6146 = CARTESIAN_POINT ( 'NONE',  ( -1.199999999999999289, 0.5605551275463986904, 0.9000000000000000222 ) ) ;
#6147 = SURFACE_STYLE_FILL_AREA ( #4618 ) ;
#6148 =( NAMED_UNIT ( * ) SI_UNIT ( $, .STERADIAN. ) SOLID_ANGLE_UNIT ( ) );
#6149 = ORIENTED_EDGE ( 'NONE', *, *, #1057, .T. ) ;
#6150 = PLANE ( 'NONE',  #5736 ) ;
#6151 = CARTESIAN_POINT ( 'NONE',  ( 0.7000000000000007327, 0.2000000000000000111, 1.200000000000000622 ) ) ;
#6152 = CARTESIAN_POINT ( 'NONE',  ( 1.199999999999999289, 0.1999999999999999833, -0.8999999999999998002 ) ) ;
#6153 = LINE ( 'NONE', #3449, #4838 ) ;
#6154 = FACE_OUTER_BOUND ( 'NONE', #362, .T. ) ;
#6155 = EDGE_CURVE ( 'NONE', #5022, #4175, #1548, .T. ) ;
#6156 = LINE ( 'NONE', #2483, #4989 ) ;
#6157 = VERTEX_POINT ( 'NONE', #1978 ) ;
#6158 = DIRECTION ( 'NONE',  ( -1.000000000000000000, 0.000000000000000000, 0.000000000000000000 ) ) ;
#6159 = EDGE_CURVE ( 'NONE', #263, #3971, #3657, .T. ) ;
#6160 = LINE ( 'NONE', #2639, #3841 ) ;
#6161 = DIRECTION ( 'NONE',  ( 1.084202172485506406E-15, 0.000000000000000000, -1.000000000000000000 ) ) ;
#6162 = LINE ( 'NONE', #1392, #5149 ) ;
#6163 = VECTOR ( 'NONE', #5233, 1000.000000000000000 ) ;
#6164 = VERTEX_POINT ( 'NONE', #5351 ) ;
#6165 = CARTESIAN_POINT ( 'NONE',  ( 1.199999999999999289, 0.5605551275463986904, -0.4999999999999997780 ) ) ;
#6166 = EDGE_CURVE ( 'NONE', #4428, #4359, #3082, .T. ) ;
#6167 = CARTESIAN_POINT ( 'NONE',  ( 0.000000000000000000, 0.2000000000000000111, 0.000000000000000000 ) ) ;
#6168 = SURFACE_STYLE_FILL_AREA ( #4770 ) ;
#6169 =( GEOMETRIC_REPRESENTATION_CONTEXT ( 3 ) GLOBAL_UNCERTAINTY_ASSIGNED_CONTEXT ( ( #3777 ) ) GLOBAL_UNIT_ASSIGNED_CONTEXT ( ( #5050, #2124, #3122 ) ) REPRESENTATION_CONTEXT ( 'NONE', 'WORKASPACE' ) );
#6170 = CARTESIAN_POINT ( 'NONE',  ( -1.199999999999999289, 0.5605551275463986904, -0.8999999999999998002 ) ) ;
#6171 = ORIENTED_EDGE ( 'NONE', *, *, #4529, .T. ) ;
#6172 = ADVANCED_FACE ( 'NONE', ( #2249 ), #5330, .F. ) ;
#6173 = DIRECTION ( 'NONE',  ( 0.000000000000000000, -0.000000000000000000, -1.000000000000000000 ) ) ;
#6174 = DIRECTION ( 'NONE',  ( -1.000000000000000000, 0.000000000000000000, 2.168404344971012812E-15 ) ) ;
#6175 = CARTESIAN_POINT ( 'NONE',  ( 0.9000000000000003553, 0.000000000000000000, 1.500000000000000000 ) ) ;
#6176 = LINE ( 'NONE', #1518, #4536 ) ;
#6177 = EDGE_CURVE ( 'NONE', #3580, #4118, #2074, .T. ) ;
#6178 = ORIENTED_EDGE ( 'NONE', *, *, #2726, .F. ) ;
#6179 = AXIS2_PLACEMENT_3D ( 'NONE', #528, #4023, #1035 ) ;
#6180 = VECTOR ( 'NONE', #5874, 1000.000000000000000 ) ;
#6181 = DIRECTION ( 'NONE',  ( -1.000000000000000000, 0.000000000000000000, 0.000000000000000000 ) ) ;
#6182 = ORIENTED_EDGE ( 'NONE', *, *, #1088, .T. ) ;
#6183 = DIRECTION ( 'NONE',  ( -1.000000000000000000, 0.000000000000000000, 3.252606517456519613E-15 ) ) ;
#6184 = CARTESIAN_POINT ( 'NONE',  ( 0.5000000000000004441, 0.000000000000000000, 1.199999999999999956 ) ) ;
#6185 = EDGE_CURVE ( 'NONE', #5583, #187, #3743, .T. ) ;
#6186 = DIRECTION ( 'NONE',  ( 0.000000000000000000, 0.000000000000000000, 1.000000000000000000 ) ) ;
#6187 = LINE ( 'NONE', #6165, #3307 ) ;
#6188 = CARTESIAN_POINT ( 'NONE',  ( -1.499999999999999112, 0.04999999999999969746, 0.7000000000000002887 ) ) ;
#6189 =( GEOMETRIC_REPRESENTATION_CONTEXT ( 3 ) GLOBAL_UNCERTAINTY_ASSIGNED_CONTEXT ( ( #3518 ) ) GLOBAL_UNIT_ASSIGNED_CONTEXT ( ( #287, #1322, #6272 ) ) REPRESENTATION_CONTEXT ( 'NONE', 'WORKASPACE' ) );
#6190 = DIRECTION ( 'NONE',  ( -1.000000000000000000, -0.000000000000000000, -0.000000000000000000 ) ) ;
#6191 = ORIENTED_EDGE ( 'NONE', *, *, #5806, .T. ) ;
#6192 = DIRECTION ( 'NONE',  ( -1.000000000000000000, 0.000000000000000000, 1.445602896647339163E-16 ) ) ;
#6193 = DIRECTION ( 'NONE',  ( 1.000000000000000000, 0.000000000000000000, -1.445602896647339410E-16 ) ) ;
#6194 = CARTESIAN_POINT ( 'NONE',  ( 0.4000000000000000222, 0.2000000000000000111, 0.000000000000000000 ) ) ;
#6195 = LINE ( 'NONE', #877, #1296 ) ;
#6196 = CARTESIAN_POINT ( 'NONE',  ( -0.09999999999999928391, 0.000000000000000000, 1.200000000000000622 ) ) ;
#6197 = CARTESIAN_POINT ( 'NONE',  ( 0.09999999999999993616, 0.2000000000000000111, -1.199999999999999956 ) ) ;
#6198 = EDGE_LOOP ( 'NONE', ( #2709, #2450, #739, #3829 ) ) ;
#6199 = DIRECTION ( 'NONE',  ( 0.000000000000000000, 0.000000000000000000, -1.000000000000000000 ) ) ;
#6200 = ADVANCED_FACE ( 'NONE', ( #5915 ), #376, .T. ) ;
#6201 = EDGE_CURVE ( 'NONE', #3596, #4030, #62, .T. ) ;
#6202 = ORIENTED_EDGE ( 'NONE', *, *, #1246, .F. ) ;
#6203 = ORIENTED_EDGE ( 'NONE', *, *, #4568, .F. ) ;
#6204 = ADVANCED_FACE ( 'NONE', ( #1855 ), #5314, .T. ) ;
#6205 = ORIENTED_EDGE ( 'NONE', *, *, #4390, .T. ) ;
#6206 = ORIENTED_EDGE ( 'NONE', *, *, #3836, .T. ) ;
#6207 = CARTESIAN_POINT ( 'NONE',  ( 0.7000000000000007327, 0.04999999999999999584, 1.200000000000000622 ) ) ;
#6208 = ORIENTED_EDGE ( 'NONE', *, *, #4259, .F. ) ;
#6209 = DIRECTION ( 'NONE',  ( 0.000000000000000000, 0.000000000000000000, 1.000000000000000000 ) ) ;
#6210 = CARTESIAN_POINT ( 'NONE',  ( -0.6999999999999996225, 0.1999999999999999833, 1.500000000000000000 ) ) ;
#6211 = ORIENTED_EDGE ( 'NONE', *, *, #2950, .T. ) ;
#6212 = CARTESIAN_POINT ( 'NONE',  ( -0.6999999999999996225, 0.1999999999999999833, 1.199999999999999956 ) ) ;
#6213 = CARTESIAN_POINT ( 'NONE',  ( 1.199999999999999289, 0.1999999999999999833, 0.09999999999999993616 ) ) ;
#6214 = ORIENTED_EDGE ( 'NONE', *, *, #3012, .T. ) ;
#6215 = ORIENTED_EDGE ( 'NONE', *, *, #3921, .F. ) ;
#6216 = VERTEX_POINT ( 'NONE', #3907 ) ;
#6217 = CARTESIAN_POINT ( 'NONE',  ( -0.7000000000000000666, 0.5605551275463992456, -1.500000000000000000 ) ) ;
#6218 = EDGE_CURVE ( 'NONE', #504, #5481, #2008, .T. ) ;
#6219 = DIRECTION ( 'NONE',  ( 0.000000000000000000, 0.000000000000000000, -1.000000000000000000 ) ) ;
#6220 = VERTEX_POINT ( 'NONE', #3933 ) ;
#6221 = CARTESIAN_POINT ( 'NONE',  ( -0.2999999999999996558, 0.000000000000000000, 1.500000000000000000 ) ) ;
#6222 = DIRECTION ( 'NONE',  ( -1.000000000000000000, 0.000000000000000000, -2.282530889443167022E-16 ) ) ;
#6223 = VECTOR ( 'NONE', #1175, 1000.000000000000000 ) ;
#6224 = VECTOR ( 'NONE', #4491, 1000.000000000000000 ) ;
#6225 = ORIENTED_EDGE ( 'NONE', *, *, #5841, .F. ) ;
#6226 = EDGE_CURVE ( 'NONE', #1968, #4941, #4981, .T. ) ;
#6227 = VERTEX_POINT ( 'NONE', #2856 ) ;
#6228 = VECTOR ( 'NONE', #4862, 1000.000000000000000 ) ;
#6229 = CARTESIAN_POINT ( 'NONE',  ( 0.000000000000000000, 0.2000000000000000111, 0.000000000000000000 ) ) ;
#6230 = FACE_OUTER_BOUND ( 'NONE', #5517, .T. ) ;
#6231 = ORIENTED_EDGE ( 'NONE', *, *, #2435, .F. ) ;
#6232 = DIRECTION ( 'NONE',  ( 1.084202172485506603E-15, 0.000000000000000000, -1.000000000000000000 ) ) ;
#6233 = DIRECTION ( 'NONE',  ( -1.000000000000000000, 0.000000000000000000, -0.000000000000000000 ) ) ;
#6234 = CARTESIAN_POINT ( 'NONE',  ( 1.199999999999999289, 0.000000000000000000, -0.4999999999999997780 ) ) ;
#6235 = CARTESIAN_POINT ( 'NONE',  ( -0.09999999999999971412, 0.2000000000000000111, -1.500000000000000000 ) ) ;
#6236 = VERTEX_POINT ( 'NONE', #5821 ) ;
#6237 = ADVANCED_FACE ( 'NONE', ( #927 ), #2873, .F. ) ;
#6238 =( NAMED_UNIT ( * ) PLANE_ANGLE_UNIT ( ) SI_UNIT ( $, .RADIAN. ) );
#6239 = LINE ( 'NONE', #4873, #2477 ) ;
#6240 = CARTESIAN_POINT ( 'NONE',  ( 0.7000000000000002887, 0.2000000000000000111, -1.200000000000000178 ) ) ;
#6241 = CARTESIAN_POINT ( 'NONE',  ( 0.9000000000000003553, 0.2000000000000000111, 1.199999999999999956 ) ) ;
#6242 = LINE ( 'NONE', #2105, #3981 ) ;
#6243 = PLANE ( 'NONE',  #5516 ) ;
#6244 = ORIENTED_EDGE ( 'NONE', *, *, #5231, .T. ) ;
#6245 = FACE_BOUND ( 'NONE', #4814, .T. ) ;
#6246 = EDGE_CURVE ( 'NONE', #2895, #3427, #1698, .T. ) ;
#6247 = SURFACE_STYLE_FILL_AREA ( #4685 ) ;
#6248 = ORIENTED_EDGE ( 'NONE', *, *, #1428, .F. ) ;
#6249 = EDGE_CURVE ( 'NONE', #4882, #2933, #4755, .T. ) ;
#6250 = CARTESIAN_POINT ( 'NONE',  ( 0.1000000000000003664, 0.05000000000000000278, 0.000000000000000000 ) ) ;
#6251 = CARTESIAN_POINT ( 'NONE',  ( 0.7000000000000007327, 0.04999999999999969746, 1.500000000000000444 ) ) ;
#6252 = CARTESIAN_POINT ( 'NONE',  ( 0.000000000000000000, 0.2000000000000000111, 0.000000000000000000 ) ) ;
#6253 = LINE ( 'NONE', #3471, #4463 ) ;
#6254 = PLANE ( 'NONE',  #6375 ) ;
#6255 = CARTESIAN_POINT ( 'NONE',  ( -0.9500000000000000666, 0.000000000000000000, 0.9499999999999998446 ) ) ;
#6256 = ORIENTED_EDGE ( 'NONE', *, *, #265, .F. ) ;
#6257 = EDGE_CURVE ( 'NONE', #6015, #3495, #3341, .T. ) ;
#6258 = DIRECTION ( 'NONE',  ( 0.000000000000000000, 1.000000000000000000, 0.000000000000000000 ) ) ;
#6259 =( GEOMETRIC_REPRESENTATION_CONTEXT ( 3 ) GLOBAL_UNCERTAINTY_ASSIGNED_CONTEXT ( ( #5111 ) ) GLOBAL_UNIT_ASSIGNED_CONTEXT ( ( #2747, #5707, #3733 ) ) REPRESENTATION_CONTEXT ( 'NONE', 'WORKASPACE' ) );
#6260 = CARTESIAN_POINT ( 'NONE',  ( -0.3000000000000000999, 0.1999999999999999833, -1.199999999999999956 ) ) ;
#6261 = VECTOR ( 'NONE', #5689, 1000.000000000000000 ) ;
#6262 = PLANE ( 'NONE',  #5906 ) ;
#6263 = ORIENTED_EDGE ( 'NONE', *, *, #2453, .F. ) ;
#6264 = EDGE_CURVE ( 'NONE', #439, #3015, #773, .T. ) ;
#6265 = VECTOR ( 'NONE', #4456, 1000.000000000000000 ) ;
#6266 = ORIENTED_EDGE ( 'NONE', *, *, #5670, .F. ) ;
#6267 = ADVANCED_FACE ( 'NONE', ( #455 ), #4382, .T. ) ;
#6268 = DIRECTION ( 'NONE',  ( 0.000000000000000000, -1.000000000000000000, 0.000000000000000000 ) ) ;
#6269 = FACE_OUTER_BOUND ( 'NONE', #2058, .T. ) ;
#6270 = VERTEX_POINT ( 'NONE', #934 ) ;
#6271 = CARTESIAN_POINT ( 'NONE',  ( -1.199999999999999289, 0.1999999999999999833, 0.9000000000000000222 ) ) ;
#6272 =( NAMED_UNIT ( * ) SI_UNIT ( $, .STERADIAN. ) SOLID_ANGLE_UNIT ( ) );
#6273 = AXIS2_PLACEMENT_3D ( 'NONE', #3879, #6364, #3405 ) ;
#6274 = PLANE ( 'NONE',  #3494 ) ;
#6275 = VECTOR ( 'NONE', #63, 1000.000000000000000 ) ;
#6276 = ORIENTED_EDGE ( 'NONE', *, *, #194, .F. ) ;
#6277 =( NAMED_UNIT ( * ) PLANE_ANGLE_UNIT ( ) SI_UNIT ( $, .RADIAN. ) );
#6278 = DIRECTION ( 'NONE',  ( 0.000000000000000000, 0.000000000000000000, -1.000000000000000000 ) ) ;
#6279 = ORIENTED_EDGE ( 'NONE', *, *, #5587, .F. ) ;
#6280 = CARTESIAN_POINT ( 'NONE',  ( 1.199999999999999289, 0.5605551275463986904, -0.09999999999999971412 ) ) ;
#6281 = PLANE ( 'NONE',  #4010 ) ;
#6282 = CARTESIAN_POINT ( 'NONE',  ( 0.000000000000000000, 0.05000000000000000278, -0.7000000000000000666 ) ) ;
#6283 = VERTEX_POINT ( 'NONE', #2463 ) ;
#6284 = EDGE_CURVE ( 'NONE', #1624, #922, #3266, .T. ) ;
#6285 = EDGE_LOOP ( 'NONE', ( #5309, #55, #5118, #4879 ) ) ;
#6286 = ORIENTED_EDGE ( 'NONE', *, *, #1571, .F. ) ;
#6287 = PRODUCT_RELATED_PRODUCT_CATEGORY ( 'part', '', ( #2502 ) ) ;
#6288 = ORIENTED_EDGE ( 'NONE', *, *, #117, .T. ) ;
#6289 = CARTESIAN_POINT ( 'NONE',  ( 1.499999999999999112, 0.1999999999999999833, -0.3000000000000000999 ) ) ;
#6290 = DIRECTION ( 'NONE',  ( -0.000000000000000000, -1.000000000000000000, -0.000000000000000000 ) ) ;
#6291 = PLANE ( 'NONE',  #388 ) ;
#6292 = ORIENTED_EDGE ( 'NONE', *, *, #5258, .F. ) ;
#6293 = CARTESIAN_POINT ( 'NONE',  ( 0.8000000000000000444, 0.000000000000000000, 0.000000000000000000 ) ) ;
#6294 = VECTOR ( 'NONE', #124, 1000.000000000000000 ) ;
#6295 = AXIS2_PLACEMENT_3D ( 'NONE', #2158, #1099, #6029 ) ;
#6296 = CARTESIAN_POINT ( 'NONE',  ( 1.600000000000000089, 0.2000000000000000111, 0.000000000000000000 ) ) ;
#6297 = VECTOR ( 'NONE', #436, 1000.000000000000000 ) ;
#6298 = VERTEX_POINT ( 'NONE', #5458 ) ;
#6299 = CARTESIAN_POINT ( 'NONE',  ( -1.499999999999998668, 0.05000000000000000278, 1.499999999999999556 ) ) ;
#6300 = EDGE_CURVE ( 'NONE', #6417, #177, #2720, .T. ) ;
#6301 = ORIENTED_EDGE ( 'NONE', *, *, #4095, .F. ) ;
#6302 = ADVANCED_FACE ( 'NONE', ( #6309 ), #2983, .T. ) ;
#6303 = FACE_OUTER_BOUND ( 'NONE', #2470, .T. ) ;
#6304 = CARTESIAN_POINT ( 'NONE',  ( -0.09999999999999971412, 0.1999999999999999833, -1.200000000000000178 ) ) ;
#6305 = FACE_OUTER_BOUND ( 'NONE', #3066, .T. ) ;
#6306 = DIRECTION ( 'NONE',  ( 1.000000000000000000, 0.000000000000000000, 0.000000000000000000 ) ) ;
#6307 = ORIENTED_EDGE ( 'NONE', *, *, #4575, .F. ) ;
#6308 = AXIS2_PLACEMENT_3D ( 'NONE', #3653, #1170, #202 ) ;
#6309 = FACE_OUTER_BOUND ( 'NONE', #4040, .T. ) ;
#6310 = VECTOR ( 'NONE', #2412, 1000.000000000000000 ) ;
#6311 = VERTEX_POINT ( 'NONE', #3004 ) ;
#6312 = EDGE_CURVE ( 'NONE', #431, #3468, #1405, .T. ) ;
#6313 = VECTOR ( 'NONE', #420, 1000.000000000000000 ) ;
#6314 = DIRECTION ( 'NONE',  ( 0.000000000000000000, 0.000000000000000000, -1.000000000000000000 ) ) ;
#6315 = LINE ( 'NONE', #1700, #2642 ) ;
#6316 = SURFACE_STYLE_USAGE ( .BOTH. , #5921 ) ;
#6317 = LINE ( 'NONE', #5038, #1343 ) ;
#6318 = EDGE_LOOP ( 'NONE', ( #3878, #4479, #1163, #1732 ) ) ;
#6319 = CARTESIAN_POINT ( 'NONE',  ( -0.7000000000000000666, 0.000000000000000000, -1.199999999999999956 ) ) ;
#6320 = LINE ( 'NONE', #1681, #74 ) ;
#6321 = LINE ( 'NONE', #3038, #3674 ) ;
#6322 = CARTESIAN_POINT ( 'NONE',  ( 0.5000000000000004441, 0.5605551275463992456, 1.500000000000000000 ) ) ;
#6323 = ORIENTED_EDGE ( 'NONE', *, *, #3359, .T. ) ;
#6324 = FILL_AREA_STYLE_COLOUR ( '', #5340 ) ;
#6325 = CARTESIAN_POINT ( 'NONE',  ( 1.199999999999999289, 0.5605551275463986904, 0.9000000000000000222 ) ) ;
#6326 = LINE ( 'NONE', #6271, #2188 ) ;
#6327 = CARTESIAN_POINT ( 'NONE',  ( 0.09999999999999993616, 0.2000000000000000111, -1.199999999999999956 ) ) ;
#6328 = LINE ( 'NONE', #5286, #2347 ) ;
#6329 = VERTEX_POINT ( 'NONE', #956 ) ;
#6330 = LINE ( 'NONE', #4158, #5006 ) ;
#6331 = ADVANCED_FACE ( 'NONE', ( #3497 ), #5436, .F. ) ;
#6332 = VERTEX_POINT ( 'NONE', #1459 ) ;
#6333 = CARTESIAN_POINT ( 'NONE',  ( 0.5000000000000004441, 0.5605551275463992456, 1.199999999999999956 ) ) ;
#6334 = CARTESIAN_POINT ( 'NONE',  ( -0.9500000000000000666, -0.000000000000000000, -0.9500000000000002887 ) ) ;
#6335 = FACE_OUTER_BOUND ( 'NONE', #4959, .T. ) ;
#6336 = EDGE_CURVE ( 'NONE', #2861, #3125, #1079, .T. ) ;
#6337 = CARTESIAN_POINT ( 'NONE',  ( -0.2999999999999996558, 0.5605551275463992456, 1.500000000000000000 ) ) ;
#6338 = ORIENTED_EDGE ( 'NONE', *, *, #4410, .F. ) ;
#6339 = MECHANICAL_DESIGN_GEOMETRIC_PRESENTATION_REPRESENTATION (  '', ( #5460 ), #1463 ) ;
#6340 = DIRECTION ( 'NONE',  ( 1.000000000000000000, 0.000000000000000000, 2.282530889443167022E-16 ) ) ;
#6341 = LINE ( 'NONE', #2678, #98 ) ;
#6342 = DIRECTION ( 'NONE',  ( -0.000000000000000000, 0.000000000000000000, 1.000000000000000000 ) ) ;
#6343 = ORIENTED_EDGE ( 'NONE', *, *, #780, .T. ) ;
#6344 = PLANE ( 'NONE',  #4503 ) ;
#6345 = EDGE_CURVE ( 'NONE', #2298, #2870, #5847, .T. ) ;
#6346 = EDGE_LOOP ( 'NONE', ( #4493, #5809, #4213, #6288 ) ) ;
#6347 = DIRECTION ( 'NONE',  ( 1.000000000000000000, 0.000000000000000000, -3.252606517456519218E-15 ) ) ;
#6348 = LINE ( 'NONE', #1874, #899 ) ;
#6349 =( LENGTH_UNIT ( ) NAMED_UNIT ( * ) SI_UNIT ( .MILLI., .METRE. ) );
#6350 = MANIFOLD_SOLID_BREP ( 'LPattern4[8]', #346 ) ;
#6351 = ORIENTED_EDGE ( 'NONE', *, *, #2389, .T. ) ;
#6352 = DIRECTION ( 'NONE',  ( -1.000000000000000000, 0.000000000000000000, -0.000000000000000000 ) ) ;
#6353 = AXIS2_PLACEMENT_3D ( 'NONE', #1155, #159, #2133 ) ;
#6354 = EDGE_LOOP ( 'NONE', ( #282, #4353, #985, #2185 ) ) ;
#6355 = ORIENTED_EDGE ( 'NONE', *, *, #5919, .F. ) ;
#6356 = VERTEX_POINT ( 'NONE', #4467 ) ;
#6357 = DIRECTION ( 'NONE',  ( -1.000000000000000000, 0.000000000000000000, 0.000000000000000000 ) ) ;
#6358 = DIRECTION ( 'NONE',  ( -1.000000000000000000, 0.000000000000000000, 0.000000000000000000 ) ) ;
#6359 = ADVANCED_FACE ( 'NONE', ( #5987 ), #4924, .T. ) ;
#6360 = VERTEX_POINT ( 'NONE', #2444 ) ;
#6361 = ORIENTED_EDGE ( 'NONE', *, *, #5200, .F. ) ;
#6362 = ORIENTED_EDGE ( 'NONE', *, *, #1985, .T. ) ;
#6363 = EDGE_CURVE ( 'NONE', #6283, #2144, #2467, .T. ) ;
#6364 = DIRECTION ( 'NONE',  ( 0.000000000000000000, -1.000000000000000000, 0.000000000000000000 ) ) ;
#6365 = ORIENTED_EDGE ( 'NONE', *, *, #5676, .F. ) ;
#6366 = CARTESIAN_POINT ( 'NONE',  ( 1.199999999999999289, 0.000000000000000000, 0.3000000000000003775 ) ) ;
#6367 = EDGE_CURVE ( 'NONE', #2993, #2933, #4826, .T. ) ;
#6368 = EDGE_LOOP ( 'NONE', ( #5082, #6059, #1648, #5819 ) ) ;
#6369 = LINE ( 'NONE', #2006, #6139 ) ;
#6370 = CARTESIAN_POINT ( 'NONE',  ( -0.4999999999999993339, 0.2000000000000000111, 1.200000000000000622 ) ) ;
#6371 = DIRECTION ( 'NONE',  ( 0.000000000000000000, -0.000000000000000000, -1.000000000000000000 ) ) ;
#6372 = LINE ( 'NONE', #546, #5212 ) ;
#6373 = ORIENTED_EDGE ( 'NONE', *, *, #2064, .T. ) ;
#6374 = CARTESIAN_POINT ( 'NONE',  ( -0.7000000000000000666, 0.2000000000000000111, -1.500000000000000000 ) ) ;
#6375 = AXIS2_PLACEMENT_3D ( 'NONE', #5278, #2772, #3270 ) ;
#6376 = CARTESIAN_POINT ( 'NONE',  ( -1.199999999999999289, 0.05000000000000002359, 0.09999999999999993616 ) ) ;
#6377 = VECTOR ( 'NONE', #1861, 1000.000000000000000 ) ;
#6378 = VECTOR ( 'NONE', #41, 1000.000000000000000 ) ;
#6379 = DIRECTION ( 'NONE',  ( 1.000000000000000000, 0.000000000000000000, -0.000000000000000000 ) ) ;
#6380 = ORIENTED_EDGE ( 'NONE', *, *, #4548, .F. ) ;
#6381 = DIRECTION ( 'NONE',  ( -0.000000000000000000, -0.000000000000000000, -1.000000000000000000 ) ) ;
#6382 = EDGE_CURVE ( 'NONE', #5022, #5086, #6369, .T. ) ;
#6383 = LINE ( 'NONE', #2727, #5054 ) ;
#6384 = PLANE ( 'NONE',  #4081 ) ;
#6385 = VECTOR ( 'NONE', #3678, 1000.000000000000000 ) ;
#6386 = AXIS2_PLACEMENT_3D ( 'NONE', #4190, #1653, #4168 ) ;
#6387 = LINE ( 'NONE', #4329, #4843 ) ;
#6388 = ORIENTED_EDGE ( 'NONE', *, *, #5392, .T. ) ;
#6389 = PLANE ( 'NONE',  #765 ) ;
#6390 = LINE ( 'NONE', #3899, #3585 ) ;
#6391 = CARTESIAN_POINT ( 'NONE',  ( -0.4999999999999993339, 0.1999999999999999833, 1.200000000000000622 ) ) ;
#6392 = ORIENTED_EDGE ( 'NONE', *, *, #4830, .F. ) ;
#6393 = LINE ( 'NONE', #1662, #2817 ) ;
#6394 = VECTOR ( 'NONE', #667, 1000.000000000000000 ) ;
#6395 = EDGE_CURVE ( 'NONE', #6329, #978, #4123, .T. ) ;
#6396 = SURFACE_STYLE_FILL_AREA ( #1682 ) ;
#6397 = EDGE_LOOP ( 'NONE', ( #5291, #6343, #1156, #759 ) ) ;
#6398 = ADVANCED_FACE ( 'NONE', ( #2388 ), #4484, .F. ) ;
#6399 = LINE ( 'NONE', #1184, #4695 ) ;
#6400 = PLANE ( 'NONE',  #1550 ) ;
#6401 = VECTOR ( 'NONE', #4578, 1000.000000000000000 ) ;
#6402 = EDGE_LOOP ( 'NONE', ( #3320, #5747, #2886, #2361 ) ) ;
#6403 = CARTESIAN_POINT ( 'NONE',  ( 0.09999999999999993616, 0.000000000000000000, -1.199999999999999956 ) ) ;
#6404 = LINE ( 'NONE', #4425, #3600 ) ;
#6405 = CARTESIAN_POINT ( 'NONE',  ( 0.9500000000000000666, 0.2000000000000000944, -0.9499999999999998446 ) ) ;
#6406 = LINE ( 'NONE', #5808, #5393 ) ;
#6407 = ORIENTED_EDGE ( 'NONE', *, *, #4095, .T. ) ;
#6408 = EDGE_CURVE ( 'NONE', #1059, #1222, #3335, .T. ) ;
#6409 = DIRECTION ( 'NONE',  ( 1.000000000000000000, 0.000000000000000000, -0.000000000000000000 ) ) ;
#6410 = DIRECTION ( 'NONE',  ( 1.000000000000000000, 0.000000000000000000, -0.000000000000000000 ) ) ;
#6411 = ORIENTED_EDGE ( 'NONE', *, *, #3778, .T. ) ;
#6412 = CARTESIAN_POINT ( 'NONE',  ( 0.9000000000000003553, 0.1999999999999999833, 1.199999999999999956 ) ) ;
#6413 = LINE ( 'NONE', #865, #4707 ) ;
#6414 = CARTESIAN_POINT ( 'NONE',  ( 1.199999999999999289, 0.1999999999999999833, 0.3000000000000003775 ) ) ;
#6415 = CLOSED_SHELL ( 'NONE', ( #2626, #481, #4380, #4045, #2400, #1409 ) ) ;
#6416 = EDGE_CURVE ( 'NONE', #6220, #1799, #4041, .T. ) ;
#6417 = VERTEX_POINT ( 'NONE', #2717 ) ;
#6418 = PRESENTATION_LAYER_ASSIGNMENT (  '', '', ( #5083 ) ) ;
#6419 = CARTESIAN_POINT ( 'NONE',  ( -1.499999999999999112, 0.1999999999999999833, -0.8999999999999998002 ) ) ;
#6420 = ADVANCED_FACE ( 'NONE', ( #5294 ), #3680, .F. ) ;
#6421 = CARTESIAN_POINT ( 'NONE',  ( -0.9500000000000000666, 2.887005768508881243, 0.9499999999999998446 ) ) ;
#6422 = EDGE_CURVE ( 'NONE', #5336, #792, #1239, .T. ) ;
#6423 = ORIENTED_EDGE ( 'NONE', *, *, #5361, .T. ) ;
#6424 = CARTESIAN_POINT ( 'NONE',  ( 0.5000000000000000000, 0.2000000000000000111, -1.199999999999999956 ) ) ;
#6425 = ORIENTED_EDGE ( 'NONE', *, *, #1023, .F. ) ;
#6426 = CARTESIAN_POINT ( 'NONE',  ( -0.2999999999999996558, 0.5605551275463992456, 1.199999999999999956 ) ) ;
#6427 = VERTEX_POINT ( 'NONE', #2617 ) ;
#6428 = CARTESIAN_POINT ( 'NONE',  ( -1.499999999999999112, 0.1999999999999999833, 0.3000000000000003775 ) ) ;
#6429 = CARTESIAN_POINT ( 'NONE',  ( 0.3000000000000003775, 0.04999999999999969746, -1.500000000000000000 ) ) ;
#6430 = ORIENTED_EDGE ( 'NONE', *, *, #5066, .T. ) ;
#6431 = EDGE_LOOP ( 'NONE', ( #5839, #711, #798, #3718 ) ) ;
#6432 = ORIENTED_EDGE ( 'NONE', *, *, #265, .T. ) ;
#6433 = ORIENTED_EDGE ( 'NONE', *, *, #6416, .T. ) ;
#6434 = EDGE_LOOP ( 'NONE', ( #2985, #1305, #3608, #1913 ) ) ;
#6435 = CARTESIAN_POINT ( 'NONE',  ( 0.000000000000000000, 0.2000000000000000111, 0.000000000000000000 ) ) ;
#6436 = CARTESIAN_POINT ( 'NONE',  ( -1.499999999999999112, 0.000000000000000000, 0.9000000000000000222 ) ) ;
#6437 = VECTOR ( 'NONE', #2216, 1000.000000000000000 ) ;
#6438 = VECTOR ( 'NONE', #4590, 1000.000000000000000 ) ;
#6439 = ORIENTED_EDGE ( 'NONE', *, *, #5951, .T. ) ;
#6440 = AXIS2_PLACEMENT_3D ( 'NONE', #630, #1089, #4663 ) ;
#6441 = VECTOR ( 'NONE', #925, 1000.000000000000000 ) ;
#6442 = VERTEX_POINT ( 'NONE', #4183 ) ;
#6443 = ADVANCED_FACE ( 'NONE', ( #6303 ), #1199, .T. ) ;
#6444 = PLANE ( 'NONE',  #1628 ) ;
#6445 = EDGE_CURVE ( 'NONE', #6427, #2379, #4355, .T. ) ;
#6446 = CARTESIAN_POINT ( 'NONE',  ( 1.199999999999999289, 0.5605551275463986904, -0.4999999999999997780 ) ) ;
#6447 = LINE ( 'NONE', #1479, #2548 ) ;
#6448 = FACE_OUTER_BOUND ( 'NONE', #3801, .T. ) ;
#6449 = EDGE_LOOP ( 'NONE', ( #3262, #1142, #1106, #4697 ) ) ;
ENDSEC;
END-ISO-10303-21;
